ISO-10303-21;
HEADER;
FILE_DESCRIPTION(('KiCad electronic assembly'),'2;1');
FILE_NAME('AirLink STm8.step','2026-06-12T20:33:29',('Pcbnew'),('Kicad')
  ,'Open CASCADE STEP processor 7.9','KiCad to STEP converter','Unknown'
  );
FILE_SCHEMA(('AUTOMOTIVE_DESIGN { 1 0 10303 214 1 1 1 1 }'));
ENDSEC;
DATA;
#1 = APPLICATION_PROTOCOL_DEFINITION('international standard',
  'automotive_design',2000,#2);
#2 = APPLICATION_CONTEXT(
  'core data for automotive mechanical design processes');
#3 = SHAPE_DEFINITION_REPRESENTATION(#4,#10);
#4 = PRODUCT_DEFINITION_SHAPE('','',#5);
#5 = PRODUCT_DEFINITION('design','',#6,#9);
#6 = PRODUCT_DEFINITION_FORMATION('','',#7);
#7 = PRODUCT('AirLink STm8 1','AirLink STm8 1','',(#8));
#8 = PRODUCT_CONTEXT('',#2,'mechanical');
#9 = PRODUCT_DEFINITION_CONTEXT('part definition',#2,'design');
#10 = SHAPE_REPRESENTATION('',(#11,#15,#19,#23),#27);
#11 = AXIS2_PLACEMENT_3D('',#12,#13,#14);
#12 = CARTESIAN_POINT('',(0.,0.,0.));
#13 = DIRECTION('',(0.,0.,1.));
#14 = DIRECTION('',(1.,0.,-0.));
#15 = AXIS2_PLACEMENT_3D('',#16,#17,#18);
#16 = CARTESIAN_POINT('',(142.55,-78.74,1.595));
#17 = DIRECTION('',(0.,-0.,1.));
#18 = DIRECTION('',(1.110223024625E-16,1.,0.));
#19 = AXIS2_PLACEMENT_3D('',#20,#21,#22);
#20 = CARTESIAN_POINT('',(152.8,-97.5,1.595));
#21 = DIRECTION('',(-0.,0.,1.));
#22 = DIRECTION('',(0.707106781187,-0.707106781187,0.));
#23 = AXIS2_PLACEMENT_3D('',#24,#25,#26);
#24 = CARTESIAN_POINT('',(0.,0.,0.));
#25 = DIRECTION('',(0.,0.,1.));
#26 = DIRECTION('',(1.,0.,-0.));
#27 = ( GEOMETRIC_REPRESENTATION_CONTEXT(3) 
GLOBAL_UNCERTAINTY_ASSIGNED_CONTEXT((#31)) GLOBAL_UNIT_ASSIGNED_CONTEXT(
(#28,#29,#30)) REPRESENTATION_CONTEXT('Context #1',
  '3D Context with UNIT and UNCERTAINTY') );
#28 = ( LENGTH_UNIT() NAMED_UNIT(*) SI_UNIT(.MILLI.,.METRE.) );
#29 = ( NAMED_UNIT(*) PLANE_ANGLE_UNIT() SI_UNIT($,.RADIAN.) );
#30 = ( NAMED_UNIT(*) SI_UNIT($,.STERADIAN.) SOLID_ANGLE_UNIT() );
#31 = UNCERTAINTY_MEASURE_WITH_UNIT(LENGTH_MEASURE(2.E-06),#28,
  'distance_accuracy_value','confusion accuracy');
#32 = PRODUCT_RELATED_PRODUCT_CATEGORY('part',$,(#7));
#33 = SHAPE_DEFINITION_REPRESENTATION(#34,#40);
#34 = PRODUCT_DEFINITION_SHAPE('','',#35);
#35 = PRODUCT_DEFINITION('design','',#36,#39);
#36 = PRODUCT_DEFINITION_FORMATION('','',#37);
#37 = PRODUCT('Crystal_C38-LF_D3.0mm_L8.0mm_Horizontal',
  'Crystal_C38-LF_D3.0mm_L8.0mm_Horizontal','',(#38));
#38 = PRODUCT_CONTEXT('',#2,'mechanical');
#39 = PRODUCT_DEFINITION_CONTEXT('part definition',#2,'design');
#40 = SHAPE_REPRESENTATION('',(#11,#41),#45);
#41 = AXIS2_PLACEMENT_3D('',#42,#43,#44);
#42 = CARTESIAN_POINT('',(0.,0.,0.));
#43 = DIRECTION('',(0.,0.,1.));
#44 = DIRECTION('',(1.,0.,-0.));
#45 = ( GEOMETRIC_REPRESENTATION_CONTEXT(3) 
GLOBAL_UNCERTAINTY_ASSIGNED_CONTEXT((#49)) GLOBAL_UNIT_ASSIGNED_CONTEXT(
(#46,#47,#48)) REPRESENTATION_CONTEXT('Context #1',
  '3D Context with UNIT and UNCERTAINTY') );
#46 = ( LENGTH_UNIT() NAMED_UNIT(*) SI_UNIT(.MILLI.,.METRE.) );
#47 = ( NAMED_UNIT(*) PLANE_ANGLE_UNIT() SI_UNIT($,.RADIAN.) );
#48 = ( NAMED_UNIT(*) SI_UNIT($,.STERADIAN.) SOLID_ANGLE_UNIT() );
#49 = UNCERTAINTY_MEASURE_WITH_UNIT(LENGTH_MEASURE(1.E-07),#46,
  'distance_accuracy_value','confusion accuracy');
#50 = CONTEXT_DEPENDENT_SHAPE_REPRESENTATION(#51,#53);
#51 = ( REPRESENTATION_RELATIONSHIP('','',#40,#10) 
REPRESENTATION_RELATIONSHIP_WITH_TRANSFORMATION(#52) 
SHAPE_REPRESENTATION_RELATIONSHIP() );
#52 = ITEM_DEFINED_TRANSFORMATION('','',#11,#15);
#53 = PRODUCT_DEFINITION_SHAPE('Placement','Placement of an item',#54);
#54 = NEXT_ASSEMBLY_USAGE_OCCURRENCE('2','Y1','',#5,#35,$);
#55 = PRODUCT_RELATED_PRODUCT_CATEGORY('part',$,(#37));
#56 = SHAPE_DEFINITION_REPRESENTATION(#57,#63);
#57 = PRODUCT_DEFINITION_SHAPE('','',#58);
#58 = PRODUCT_DEFINITION('design','',#59,#62);
#59 = PRODUCT_DEFINITION_FORMATION('','',#60);
#60 = PRODUCT('C38_LF_Horizontal','C38_LF_Horizontal','',(#61));
#61 = PRODUCT_CONTEXT('',#2,'mechanical');
#62 = PRODUCT_DEFINITION_CONTEXT('part definition',#2,'design');
#63 = ADVANCED_BREP_SHAPE_REPRESENTATION('',(#11,#64),#625);
#64 = MANIFOLD_SOLID_BREP('',#65);
#65 = CLOSED_SHELL('',(#66,#114,#159,#204,#213,#250,#287,#324,#361,#398,
    #443,#480,#517,#562,#607,#616));
#66 = ADVANCED_FACE('',(#67),#99,.T.);
#67 = FACE_BOUND('',#68,.T.);
#68 = EDGE_LOOP('',(#69,#78,#88,#89));
#69 = ORIENTED_EDGE('',*,*,#70,.T.);
#70 = EDGE_CURVE('',#71,#73,#75,.T.);
#71 = VERTEX_POINT('',#72);
#72 = CARTESIAN_POINT('',(8.351659405799E-03,-5.846161584052E-02,
    -1.151575425));
#73 = VERTEX_POINT('',#74);
#74 = CARTESIAN_POINT('',(8.351659405799E-03,-5.846161584052E-02,
    0.459317833333));
#75 = B_SPLINE_CURVE_WITH_KNOTS('',1,(#76,#77),.UNSPECIFIED.,.F.,.F.,(2,
    2),(7.5E-02,4.166666666667),.PIECEWISE_BEZIER_KNOTS.);
#76 = CARTESIAN_POINT('',(8.351659405799E-03,-5.846161584052E-02,
    -1.151575425));
#77 = CARTESIAN_POINT('',(8.351659405799E-03,-5.846161584052E-02,
    0.459317833333));
#78 = ORIENTED_EDGE('',*,*,#79,.F.);
#79 = EDGE_CURVE('',#73,#73,#80,.T.);
#80 = ( BOUNDED_CURVE() B_SPLINE_CURVE(2,(#81,#82,#83,#84,#85,#86,#87),
.UNSPECIFIED.,.T.,.F.) B_SPLINE_CURVE_WITH_KNOTS((1,2,2,2,2,1),(
    -2.094395102393,0.,2.094395102393,4.188790204786,6.28318530718,
8.377580409573),.UNSPECIFIED.) CURVE() GEOMETRIC_REPRESENTATION_ITEM() 
RATIONAL_B_SPLINE_CURVE((1.,0.5,1.,0.5,1.,0.5,1.)) REPRESENTATION_ITEM(
  '') );
#81 = CARTESIAN_POINT('',(8.351659405781E-03,-5.846161584059E-02,
    0.459317833333));
#82 = CARTESIAN_POINT('',(0.109610148334,-4.399611742226E-02,
    0.459317833333));
#83 = CARTESIAN_POINT('',(4.645341476134E-02,3.646355712946E-02,
    0.459317833333));
#84 = CARTESIAN_POINT('',(-1.670331881156E-02,0.116923231681,
    0.459317833333));
#85 = CARTESIAN_POINT('',(-5.480507416713E-02,2.199805871113E-02,
    0.459317833333));
#86 = CARTESIAN_POINT('',(-9.290682952269E-02,-7.292711425891E-02,
    0.459317833333));
#87 = CARTESIAN_POINT('',(8.351659405781E-03,-5.846161584059E-02,
    0.459317833333));
#88 = ORIENTED_EDGE('',*,*,#70,.F.);
#89 = ORIENTED_EDGE('',*,*,#90,.T.);
#90 = EDGE_CURVE('',#71,#71,#91,.T.);
#91 = ( BOUNDED_CURVE() B_SPLINE_CURVE(2,(#92,#93,#94,#95,#96,#97,#98),
.UNSPECIFIED.,.T.,.F.) B_SPLINE_CURVE_WITH_KNOTS((1,2,2,2,2,1),(
    -2.094395102393,0.,2.094395102393,4.188790204786,6.28318530718,
8.377580409573),.UNSPECIFIED.) CURVE() GEOMETRIC_REPRESENTATION_ITEM() 
RATIONAL_B_SPLINE_CURVE((1.,0.5,1.,0.5,1.,0.5,1.)) REPRESENTATION_ITEM(
  '') );
#92 = CARTESIAN_POINT('',(8.351659405781E-03,-5.846161584059E-02,
    -1.151575425));
#93 = CARTESIAN_POINT('',(0.109610148334,-4.399611742226E-02,
    -1.151575425));
#94 = CARTESIAN_POINT('',(4.645341476134E-02,3.646355712946E-02,
    -1.151575425));
#95 = CARTESIAN_POINT('',(-1.670331881156E-02,0.116923231681,
    -1.151575425));
#96 = CARTESIAN_POINT('',(-5.480507416713E-02,2.199805871113E-02,
    -1.151575425));
#97 = CARTESIAN_POINT('',(-9.290682952269E-02,-7.292711425891E-02,
    -1.151575425));
#98 = CARTESIAN_POINT('',(8.351659405781E-03,-5.846161584059E-02,
    -1.151575425));
#99 = ( BOUNDED_SURFACE() B_SPLINE_SURFACE(2,1,(
    (#100,#101)
    ,(#102,#103)
    ,(#104,#105)
    ,(#106,#107)
    ,(#108,#109)
    ,(#110,#111)
,(#112,#113
    )),.UNSPECIFIED.,.T.,.F.,.F.) B_SPLINE_SURFACE_WITH_KNOTS((1,2,2,2,2
    ,1),(2,2),(-2.094395102393,0.,2.094395102393,4.188790204786,
    6.28318530718,8.377580409573),(7.5E-02,4.166666666667),
.UNSPECIFIED.) GEOMETRIC_REPRESENTATION_ITEM() RATIONAL_B_SPLINE_SURFACE
((
    (1.,1.)
    ,(0.5,0.5)
    ,(1.,1.)
    ,(0.5,0.5)
    ,(1.,1.)
    ,(0.5,0.5)
,(1.,1.))) REPRESENTATION_ITEM('') SURFACE() );
#100 = CARTESIAN_POINT('',(8.351659405781E-03,-5.846161584059E-02,
    -1.151575425));
#101 = CARTESIAN_POINT('',(8.351659405781E-03,-5.846161584059E-02,
    0.459317833333));
#102 = CARTESIAN_POINT('',(0.109610148334,-4.399611742226E-02,
    -1.151575425));
#103 = CARTESIAN_POINT('',(0.109610148334,-4.399611742226E-02,
    0.459317833333));
#104 = CARTESIAN_POINT('',(4.645341476134E-02,3.646355712946E-02,
    -1.151575425));
#105 = CARTESIAN_POINT('',(4.645341476134E-02,3.646355712946E-02,
    0.459317833333));
#106 = CARTESIAN_POINT('',(-1.670331881156E-02,0.116923231681,
    -1.151575425));
#107 = CARTESIAN_POINT('',(-1.670331881156E-02,0.116923231681,
    0.459317833333));
#108 = CARTESIAN_POINT('',(-5.480507416713E-02,2.199805871113E-02,
    -1.151575425));
#109 = CARTESIAN_POINT('',(-5.480507416713E-02,2.199805871113E-02,
    0.459317833333));
#110 = CARTESIAN_POINT('',(-9.290682952269E-02,-7.292711425891E-02,
    -1.151575425));
#111 = CARTESIAN_POINT('',(-9.290682952269E-02,-7.292711425891E-02,
    0.459317833333));
#112 = CARTESIAN_POINT('',(8.351659405781E-03,-5.846161584059E-02,
    -1.151575425));
#113 = CARTESIAN_POINT('',(8.351659405781E-03,-5.846161584059E-02,
    0.459317833333));
#114 = ADVANCED_FACE('',(#115),#137,.T.);
#115 = FACE_BOUND('',#116,.T.);
#116 = EDGE_LOOP('',(#117,#129,#135,#136));
#117 = ORIENTED_EDGE('',*,*,#118,.T.);
#118 = EDGE_CURVE('',#119,#119,#121,.T.);
#119 = VERTEX_POINT('',#120);
#120 = CARTESIAN_POINT('',(4.1758297029E-03,-2.923080792029E-02,
    -1.181103));
#121 = ( BOUNDED_CURVE() B_SPLINE_CURVE(2,(#122,#123,#124,#125,#126,#127
,#128),.UNSPECIFIED.,.T.,.F.) B_SPLINE_CURVE_WITH_KNOTS((1,2,2,2,2,1),(
    -2.094395102393,0.,2.094395102393,4.188790204786,6.28318530718,
8.377580409573),.UNSPECIFIED.) CURVE() GEOMETRIC_REPRESENTATION_ITEM() 
RATIONAL_B_SPLINE_CURVE((1.,0.5,1.,0.5,1.,0.5,1.)) REPRESENTATION_ITEM(
  '') );
#122 = CARTESIAN_POINT('',(4.175829702891E-03,-2.923080792029E-02,
    -1.181103));
#123 = CARTESIAN_POINT('',(5.480507416713E-02,-2.199805871113E-02,
    -1.181103));
#124 = CARTESIAN_POINT('',(2.322670738067E-02,1.823177856473E-02,
    -1.181103));
#125 = CARTESIAN_POINT('',(-8.351659405781E-03,5.846161584059E-02,
    -1.181103));
#126 = CARTESIAN_POINT('',(-2.740253708356E-02,1.099902935557E-02,
    -1.181103));
#127 = CARTESIAN_POINT('',(-4.645341476134E-02,-3.646355712946E-02,
    -1.181103));
#128 = CARTESIAN_POINT('',(4.175829702891E-03,-2.923080792029E-02,
    -1.181103));
#129 = ORIENTED_EDGE('',*,*,#130,.F.);
#130 = EDGE_CURVE('',#71,#119,#131,.T.);
#131 = ( BOUNDED_CURVE() B_SPLINE_CURVE(2,(#132,#133,#134),
.UNSPECIFIED.,.F.,.F.) B_SPLINE_CURVE_WITH_KNOTS((3,3),(0.,
1.570796326795),.PIECEWISE_BEZIER_KNOTS.) CURVE() 
GEOMETRIC_REPRESENTATION_ITEM() RATIONAL_B_SPLINE_CURVE((1.,
0.707106781187,1.)) REPRESENTATION_ITEM('') );
#132 = CARTESIAN_POINT('',(8.35165940579E-03,-5.846161584059E-02,
    -1.151575425));
#133 = CARTESIAN_POINT('',(8.35165940579E-03,-5.846161584059E-02,
    -1.181103));
#134 = CARTESIAN_POINT('',(4.1758297029E-03,-2.923080792029E-02,
    -1.181103));
#135 = ORIENTED_EDGE('',*,*,#90,.F.);
#136 = ORIENTED_EDGE('',*,*,#130,.T.);
#137 = ( BOUNDED_SURFACE() B_SPLINE_SURFACE(2,2,(
    (#138,#139,#140)
    ,(#141,#142,#143)
    ,(#144,#145,#146)
    ,(#147,#148,#149)
    ,(#150,#151,#152)
    ,(#153,#154,#155)
    ,(#156,#157,#158
)),.UNSPECIFIED.,.T.,.F.,.F.) B_SPLINE_SURFACE_WITH_KNOTS((1,2,2,2,2,1),
  (3,3),(-2.094395102393,0.,2.094395102393,4.188790204786,6.28318530718,
    8.377580409573),(0.,1.570796326795),.UNSPECIFIED.) 
GEOMETRIC_REPRESENTATION_ITEM() RATIONAL_B_SPLINE_SURFACE((
    (1.,0.707106781187,1.)
    ,(0.5,0.353553390593,0.5)
    ,(1.,0.707106781187,1.)
    ,(0.5,0.353553390593,0.5)
    ,(1.,0.707106781187,1.)
    ,(0.5,0.353553390593,0.5)
,(1.,0.707106781187,1.))) REPRESENTATION_ITEM('') SURFACE() );
#138 = CARTESIAN_POINT('',(8.351659405781E-03,-5.846161584059E-02,
    -1.151575425));
#139 = CARTESIAN_POINT('',(8.351659405781E-03,-5.846161584059E-02,
    -1.181103));
#140 = CARTESIAN_POINT('',(4.175829702891E-03,-2.923080792029E-02,
    -1.181103));
#141 = CARTESIAN_POINT('',(-9.290682952269E-02,-7.292711425891E-02,
    -1.151575425));
#142 = CARTESIAN_POINT('',(-9.290682952269E-02,-7.292711425891E-02,
    -1.181103));
#143 = CARTESIAN_POINT('',(-4.645341476134E-02,-3.646355712946E-02,
    -1.181103));
#144 = CARTESIAN_POINT('',(-5.480507416713E-02,2.199805871113E-02,
    -1.151575425));
#145 = CARTESIAN_POINT('',(-5.480507416713E-02,2.199805871113E-02,
    -1.181103));
#146 = CARTESIAN_POINT('',(-2.740253708356E-02,1.099902935557E-02,
    -1.181103));
#147 = CARTESIAN_POINT('',(-1.670331881156E-02,0.116923231681,
    -1.151575425));
#148 = CARTESIAN_POINT('',(-1.670331881156E-02,0.116923231681,-1.181103)
  );
#149 = CARTESIAN_POINT('',(-8.351659405781E-03,5.846161584059E-02,
    -1.181103));
#150 = CARTESIAN_POINT('',(4.645341476134E-02,3.646355712946E-02,
    -1.151575425));
#151 = CARTESIAN_POINT('',(4.645341476134E-02,3.646355712946E-02,
    -1.181103));
#152 = CARTESIAN_POINT('',(2.322670738067E-02,1.823177856473E-02,
    -1.181103));
#153 = CARTESIAN_POINT('',(0.109610148334,-4.399611742226E-02,
    -1.151575425));
#154 = CARTESIAN_POINT('',(0.109610148334,-4.399611742226E-02,-1.181103)
  );
#155 = CARTESIAN_POINT('',(5.480507416713E-02,-2.199805871113E-02,
    -1.181103));
#156 = CARTESIAN_POINT('',(8.351659405781E-03,-5.846161584059E-02,
    -1.151575425));
#157 = CARTESIAN_POINT('',(8.351659405781E-03,-5.846161584059E-02,
    -1.181103));
#158 = CARTESIAN_POINT('',(4.175829702891E-03,-2.923080792029E-02,
    -1.181103));
#159 = ADVANCED_FACE('',(#160),#182,.T.);
#160 = FACE_BOUND('',#161,.T.);
#161 = EDGE_LOOP('',(#162,#170,#180,#181));
#162 = ORIENTED_EDGE('',*,*,#163,.T.);
#163 = EDGE_CURVE('',#73,#164,#166,.T.);
#164 = VERTEX_POINT('',#165);
#165 = CARTESIAN_POINT('',(2.783886468599E-02,-0.194872052802,
    0.597113183333));
#166 = ( BOUNDED_CURVE() B_SPLINE_CURVE(2,(#167,#168,#169),
.UNSPECIFIED.,.F.,.F.) B_SPLINE_CURVE_WITH_KNOTS((3,3),(0.,
1.570796326795),.PIECEWISE_BEZIER_KNOTS.) CURVE() 
GEOMETRIC_REPRESENTATION_ITEM() RATIONAL_B_SPLINE_CURVE((1.,
0.707106781187,1.)) REPRESENTATION_ITEM('') );
#167 = CARTESIAN_POINT('',(8.351659405834E-03,-5.846161584074E-02,
    0.459317833333));
#168 = CARTESIAN_POINT('',(8.351659405834E-03,-5.846161584074E-02,
    0.597113183333));
#169 = CARTESIAN_POINT('',(2.783886468599E-02,-0.194872052802,
    0.597113183333));
#170 = ORIENTED_EDGE('',*,*,#171,.T.);
#171 = EDGE_CURVE('',#164,#164,#172,.T.);
#172 = ( BOUNDED_CURVE() B_SPLINE_CURVE(2,(#173,#174,#175,#176,#177,#178
,#179),.UNSPECIFIED.,.T.,.F.) B_SPLINE_CURVE_WITH_KNOTS((3,2,2,3),(
    3.14159265359,5.235987755983,7.330382858376,9.424777960769),
.PIECEWISE_BEZIER_KNOTS.) CURVE() GEOMETRIC_REPRESENTATION_ITEM() 
RATIONAL_B_SPLINE_CURVE((1.,0.5,1.,0.5,1.,0.5,1.)) REPRESENTATION_ITEM(
  '') );
#173 = CARTESIAN_POINT('',(2.783886468599E-02,-0.194872052802,
    0.597113183333));
#174 = CARTESIAN_POINT('',(-7.341962424248E-02,-0.20933755122,
    0.597113183333));
#175 = CARTESIAN_POINT('',(-2.279037977824E-02,-0.202104802011,
    0.685695908333));
#176 = CARTESIAN_POINT('',(2.783886468599E-02,-0.194872052802,
    0.774278633333));
#177 = CARTESIAN_POINT('',(7.846810915023E-02,-0.187639303593,
    0.685695908333));
#178 = CARTESIAN_POINT('',(0.129097353614,-0.180406554384,0.597113183333
    ));
#179 = CARTESIAN_POINT('',(2.783886468599E-02,-0.194872052802,
    0.597113183333));
#180 = ORIENTED_EDGE('',*,*,#163,.F.);
#181 = ORIENTED_EDGE('',*,*,#79,.T.);
#182 = ( BOUNDED_SURFACE() B_SPLINE_SURFACE(2,2,(
    (#183,#184,#185,#186,#187,#188,#189)
    ,(#190,#191,#192,#193,#194,#195,#196)
    ,(#197,#198,#199,#200,#201,#202,#203
)),.UNSPECIFIED.,.F.,.T.,.F.) B_SPLINE_SURFACE_WITH_KNOTS((3,3),(3,2,2,3
    ),(0.,1.570796326795),(-3.14159265359,-1.047197551197,1.047197551197
,3.14159265359),.UNSPECIFIED.) GEOMETRIC_REPRESENTATION_ITEM() 
RATIONAL_B_SPLINE_SURFACE((
    (1.,0.5,1.,0.5,1.,0.5,1.)
    ,(0.707106781187,0.353553390593,0.707106781187,0.353553390593
      ,0.707106781187,0.353553390593,0.707106781187)
,(1.,0.5,1.,0.5,1.,0.5,1.))) REPRESENTATION_ITEM('') SURFACE() );
#183 = CARTESIAN_POINT('',(8.351659405834E-03,-5.846161584074E-02,
    0.459317833333));
#184 = CARTESIAN_POINT('',(-9.290682952263E-02,-7.292711425907E-02,
    0.459317833333));
#185 = CARTESIAN_POINT('',(-5.480507416707E-02,2.199805871098E-02,
    0.459317833333));
#186 = CARTESIAN_POINT('',(-1.670331881151E-02,0.116923231681,
    0.459317833333));
#187 = CARTESIAN_POINT('',(4.64534147614E-02,3.64635571293E-02,
    0.459317833333));
#188 = CARTESIAN_POINT('',(0.109610148334,-4.399611742242E-02,
    0.459317833333));
#189 = CARTESIAN_POINT('',(8.351659405835E-03,-5.846161584074E-02,
    0.459317833333));
#190 = CARTESIAN_POINT('',(8.351659405834E-03,-5.846161584074E-02,
    0.597113183333));
#191 = CARTESIAN_POINT('',(-9.290682952263E-02,-7.292711425907E-02,
    0.597113183333));
#192 = CARTESIAN_POINT('',(-5.480507416707E-02,2.199805871098E-02,
    0.685695908333));
#193 = CARTESIAN_POINT('',(-1.670331881151E-02,0.116923231681,
    0.774278633333));
#194 = CARTESIAN_POINT('',(4.64534147614E-02,3.64635571293E-02,
    0.685695908333));
#195 = CARTESIAN_POINT('',(0.109610148334,-4.399611742242E-02,
    0.597113183333));
#196 = CARTESIAN_POINT('',(8.351659405835E-03,-5.846161584074E-02,
    0.597113183333));
#197 = CARTESIAN_POINT('',(2.783886468599E-02,-0.194872052802,
    0.597113183333));
#198 = CARTESIAN_POINT('',(-7.341962424248E-02,-0.20933755122,
    0.597113183333));
#199 = CARTESIAN_POINT('',(-2.279037977824E-02,-0.202104802011,
    0.685695908333));
#200 = CARTESIAN_POINT('',(2.783886468599E-02,-0.194872052802,
    0.774278633333));
#201 = CARTESIAN_POINT('',(7.846810915023E-02,-0.187639303593,
    0.685695908333));
#202 = CARTESIAN_POINT('',(0.129097353614,-0.180406554384,0.597113183333
    ));
#203 = CARTESIAN_POINT('',(2.783886468599E-02,-0.194872052802,
    0.597113183333));
#204 = ADVANCED_FACE('',(#205),#208,.F.);
#205 = FACE_BOUND('',#206,.F.);
#206 = EDGE_LOOP('',(#207));
#207 = ORIENTED_EDGE('',*,*,#118,.T.);
#208 = B_SPLINE_SURFACE_WITH_KNOTS('',1,1,(
    (#209,#210)
    ,(#211,#212
    )),.UNSPECIFIED.,.F.,.F.,.F.,(2,2),(2,2),(-7.5E-02,7.5E-02),(
    -7.5E-02,7.5E-02),.PIECEWISE_BEZIER_KNOTS.);
#209 = CARTESIAN_POINT('',(-3.340663762318E-02,2.50549782174E-02,
    -1.181103));
#210 = CARTESIAN_POINT('',(2.50549782174E-02,3.340663762318E-02,
    -1.181103));
#211 = CARTESIAN_POINT('',(-2.50549782174E-02,-3.340663762318E-02,
    -1.181103));
#212 = CARTESIAN_POINT('',(3.340663762318E-02,-2.50549782174E-02,
    -1.181103));
#213 = ADVANCED_FACE('',(#214),#235,.T.);
#214 = FACE_BOUND('',#215,.T.);
#215 = EDGE_LOOP('',(#216,#217,#224,#234));
#216 = ORIENTED_EDGE('',*,*,#171,.F.);
#217 = ORIENTED_EDGE('',*,*,#218,.T.);
#218 = EDGE_CURVE('',#164,#219,#221,.T.);
#219 = VERTEX_POINT('',#220);
#220 = CARTESIAN_POINT('',(0.13779535,-0.96456745,0.597113183333));
#221 = B_SPLINE_CURVE_WITH_KNOTS('',1,(#222,#223),.UNSPECIFIED.,.F.,.F.,
  (2,2),(0.,1.974873734153),.PIECEWISE_BEZIER_KNOTS.);
#222 = CARTESIAN_POINT('',(2.783886468599E-02,-0.194872052802,
    0.597113183333));
#223 = CARTESIAN_POINT('',(0.13779535,-0.96456745,0.597113183333));
#224 = ORIENTED_EDGE('',*,*,#225,.F.);
#225 = EDGE_CURVE('',#219,#219,#226,.T.);
#226 = ( BOUNDED_CURVE() B_SPLINE_CURVE(2,(#227,#228,#229,#230,#231,#232
,#233),.UNSPECIFIED.,.T.,.F.) B_SPLINE_CURVE_WITH_KNOTS((3,2,2,3),(
    4.712388980385,6.806784082778,8.901179185171,10.995574287564),
.PIECEWISE_BEZIER_KNOTS.) CURVE() GEOMETRIC_REPRESENTATION_ITEM() 
RATIONAL_B_SPLINE_CURVE((1.,0.5,1.,0.5,1.,0.5,1.)) REPRESENTATION_ITEM(
  '') );
#227 = CARTESIAN_POINT('',(0.13779535,-0.96456745,0.597113183333));
#228 = CARTESIAN_POINT('',(0.241120338703,-0.96456745,0.597113183333));
#229 = CARTESIAN_POINT('',(0.189457844351,-0.96456745,0.685695908333));
#230 = CARTESIAN_POINT('',(0.13779535,-0.96456745,0.774278633333));
#231 = CARTESIAN_POINT('',(8.613285564868E-02,-0.96456745,0.685695908333
    ));
#232 = CARTESIAN_POINT('',(3.447036129737E-02,-0.96456745,0.597113183333
    ));
#233 = CARTESIAN_POINT('',(0.13779535,-0.96456745,0.597113183333));
#234 = ORIENTED_EDGE('',*,*,#218,.F.);
#235 = ( BOUNDED_SURFACE() B_SPLINE_SURFACE(2,1,(
    (#236,#237)
    ,(#238,#239)
    ,(#240,#241)
    ,(#242,#243)
    ,(#244,#245)
    ,(#246,#247)
,(#248,#249
    )),.UNSPECIFIED.,.T.,.F.,.F.) B_SPLINE_SURFACE_WITH_KNOTS((1,2,2,2,2
    ,1),(2,2),(-2.094395102393,0.,2.094395102393,4.188790204786,
    6.28318530718,8.377580409573),(-1.110223024625E-16,1.996374506961),
.UNSPECIFIED.) GEOMETRIC_REPRESENTATION_ITEM() RATIONAL_B_SPLINE_SURFACE
((
    (1.,1.)
    ,(0.5,0.5)
    ,(1.,1.)
    ,(0.5,0.5)
    ,(1.,1.)
    ,(0.5,0.5)
,(1.,1.))) REPRESENTATION_ITEM('') SURFACE() );
#236 = CARTESIAN_POINT('',(2.783886468599E-02,-0.194872052802,
    0.597113183333));
#237 = CARTESIAN_POINT('',(0.138992464209,-0.972947249468,0.597113183333
    ));
#238 = CARTESIAN_POINT('',(0.129097353614,-0.180406554384,0.597113183333
    ));
#239 = CARTESIAN_POINT('',(0.240250953138,-0.95848175105,0.597113183333)
  );
#240 = CARTESIAN_POINT('',(7.846810915023E-02,-0.187639303593,
    0.685695908333));
#241 = CARTESIAN_POINT('',(0.189621708674,-0.965714500259,0.685695908333
    ));
#242 = CARTESIAN_POINT('',(2.783886468599E-02,-0.194872052802,
    0.774278633333));
#243 = CARTESIAN_POINT('',(0.138992464209,-0.972947249468,0.774278633333
    ));
#244 = CARTESIAN_POINT('',(-2.279037977824E-02,-0.202104802011,
    0.685695908333));
#245 = CARTESIAN_POINT('',(8.836321974523E-02,-0.980179998677,
    0.685695908333));
#246 = CARTESIAN_POINT('',(-7.341962424248E-02,-0.20933755122,
    0.597113183333));
#247 = CARTESIAN_POINT('',(3.773397528099E-02,-0.987412747886,
    0.597113183333));
#248 = CARTESIAN_POINT('',(2.783886468599E-02,-0.194872052802,
    0.597113183333));
#249 = CARTESIAN_POINT('',(0.138992464209,-0.972947249468,0.597113183333
    ));
#250 = ADVANCED_FACE('',(#251,#265,#268),#282,.F.);
#251 = FACE_BOUND('',#252,.F.);
#252 = EDGE_LOOP('',(#253));
#253 = ORIENTED_EDGE('',*,*,#254,.T.);
#254 = EDGE_CURVE('',#255,#255,#257,.T.);
#255 = VERTEX_POINT('',#256);
#256 = CARTESIAN_POINT('',(0.37401595,-0.96456745,8.741918300358E-17));
#257 = ( BOUNDED_CURVE() B_SPLINE_CURVE(2,(#258,#259,#260,#261,#262,#263
,#264),.UNSPECIFIED.,.T.,.F.) B_SPLINE_CURVE_WITH_KNOTS((1,2,2,2,2,1),(
    -2.094395102393,0.,2.094395102393,4.188790204786,6.28318530718,
8.377580409573),.UNSPECIFIED.) CURVE() GEOMETRIC_REPRESENTATION_ITEM() 
RATIONAL_B_SPLINE_CURVE((1.,0.5,1.,0.5,1.,0.5,1.)) REPRESENTATION_ITEM(
  '') );
#258 = CARTESIAN_POINT('',(0.37401595,-0.96456745,0.));
#259 = CARTESIAN_POINT('',(1.396881152486,-0.96456745,0.));
#260 = CARTESIAN_POINT('',(0.885448551243,-0.96456745,0.88582725));
#261 = CARTESIAN_POINT('',(0.37401595,-0.96456745,1.7716545));
#262 = CARTESIAN_POINT('',(-0.137416651243,-0.96456745,0.88582725));
#263 = CARTESIAN_POINT('',(-0.648849252486,-0.96456745,
    8.741918300359E-16));
#264 = CARTESIAN_POINT('',(0.37401595,-0.96456745,0.));
#265 = FACE_BOUND('',#266,.F.);
#266 = EDGE_LOOP('',(#267));
#267 = ORIENTED_EDGE('',*,*,#225,.F.);
#268 = FACE_BOUND('',#269,.F.);
#269 = EDGE_LOOP('',(#270));
#270 = ORIENTED_EDGE('',*,*,#271,.F.);
#271 = EDGE_CURVE('',#272,#272,#274,.T.);
#272 = VERTEX_POINT('',#273);
#273 = CARTESIAN_POINT('',(0.61023655,-0.96456745,0.597113183333));
#274 = ( BOUNDED_CURVE() B_SPLINE_CURVE(2,(#275,#276,#277,#278,#279,#280
,#281),.UNSPECIFIED.,.T.,.F.) B_SPLINE_CURVE_WITH_KNOTS((3,2,2,3),(
    1.570796326795,3.665191429188,5.759586531581,7.853981633974),
.PIECEWISE_BEZIER_KNOTS.) CURVE() GEOMETRIC_REPRESENTATION_ITEM() 
RATIONAL_B_SPLINE_CURVE((1.,0.5,1.,0.5,1.,0.5,1.)) REPRESENTATION_ITEM(
  '') );
#275 = CARTESIAN_POINT('',(0.61023655,-0.96456745,0.597113183333));
#276 = CARTESIAN_POINT('',(0.713561538703,-0.96456745,0.597113183333));
#277 = CARTESIAN_POINT('',(0.661899044351,-0.96456745,0.685695908333));
#278 = CARTESIAN_POINT('',(0.61023655,-0.96456745,0.774278633333));
#279 = CARTESIAN_POINT('',(0.558574055649,-0.96456745,0.685695908333));
#280 = CARTESIAN_POINT('',(0.506911561297,-0.96456745,0.597113183333));
#281 = CARTESIAN_POINT('',(0.61023655,-0.96456745,0.597113183333));
#282 = B_SPLINE_SURFACE_WITH_KNOTS('',1,1,(
    (#283,#284)
    ,(#285,#286
    )),.UNSPECIFIED.,.F.,.F.,.F.,(2,2),(2,2),(-1.5,1.5),(-1.5,1.5),
  .PIECEWISE_BEZIER_KNOTS.);
#283 = CARTESIAN_POINT('',(-0.21653555,-0.96456745,1.181103));
#284 = CARTESIAN_POINT('',(0.96456745,-0.96456745,1.181103));
#285 = CARTESIAN_POINT('',(-0.21653555,-0.96456745,0.));
#286 = CARTESIAN_POINT('',(0.96456745,-0.96456745,0.));
#287 = ADVANCED_FACE('',(#288),#309,.T.);
#288 = FACE_BOUND('',#289,.T.);
#289 = EDGE_LOOP('',(#290,#297,#307,#308));
#290 = ORIENTED_EDGE('',*,*,#291,.T.);
#291 = EDGE_CURVE('',#255,#292,#294,.T.);
#292 = VERTEX_POINT('',#293);
#293 = CARTESIAN_POINT('',(0.37401595,-1.04330765,8.741918300358E-17));
#294 = B_SPLINE_CURVE_WITH_KNOTS('',1,(#295,#296),.UNSPECIFIED.,.F.,.F.,
  (2,2),(0.,0.2),.PIECEWISE_BEZIER_KNOTS.);
#295 = CARTESIAN_POINT('',(0.37401595,-0.96456745,8.741918300358E-17));
#296 = CARTESIAN_POINT('',(0.37401595,-1.04330765,9.616110130394E-17));
#297 = ORIENTED_EDGE('',*,*,#298,.F.);
#298 = EDGE_CURVE('',#292,#292,#299,.T.);
#299 = ( BOUNDED_CURVE() B_SPLINE_CURVE(2,(#300,#301,#302,#303,#304,#305
,#306),.UNSPECIFIED.,.T.,.F.) B_SPLINE_CURVE_WITH_KNOTS((1,2,2,2,2,1),(
    -2.094395102393,0.,2.094395102393,4.188790204786,6.28318530718,
8.377580409573),.UNSPECIFIED.) CURVE() GEOMETRIC_REPRESENTATION_ITEM() 
RATIONAL_B_SPLINE_CURVE((1.,0.5,1.,0.5,1.,0.5,1.)) REPRESENTATION_ITEM(
  '') );
#300 = CARTESIAN_POINT('',(0.37401595,-1.04330765,0.));
#301 = CARTESIAN_POINT('',(1.396881152486,-1.04330765,0.));
#302 = CARTESIAN_POINT('',(0.885448551243,-1.04330765,0.88582725));
#303 = CARTESIAN_POINT('',(0.37401595,-1.04330765,1.7716545));
#304 = CARTESIAN_POINT('',(-0.137416651243,-1.04330765,0.88582725));
#305 = CARTESIAN_POINT('',(-0.648849252486,-1.04330765,
    8.741918300359E-16));
#306 = CARTESIAN_POINT('',(0.37401595,-1.04330765,0.));
#307 = ORIENTED_EDGE('',*,*,#291,.F.);
#308 = ORIENTED_EDGE('',*,*,#254,.T.);
#309 = ( BOUNDED_SURFACE() B_SPLINE_SURFACE(2,1,(
    (#310,#311)
    ,(#312,#313)
    ,(#314,#315)
    ,(#316,#317)
    ,(#318,#319)
    ,(#320,#321)
,(#322,#323
    )),.UNSPECIFIED.,.T.,.F.,.F.) B_SPLINE_SURFACE_WITH_KNOTS((1,2,2,2,2
    ,1),(2,2),(-2.094395102393,0.,2.094395102393,4.188790204786,
    6.28318530718,8.377580409573),(-0.2,0.),.UNSPECIFIED.) 
GEOMETRIC_REPRESENTATION_ITEM() RATIONAL_B_SPLINE_SURFACE((
    (1.,1.)
    ,(0.5,0.5)
    ,(1.,1.)
    ,(0.5,0.5)
    ,(1.,1.)
    ,(0.5,0.5)
,(1.,1.))) REPRESENTATION_ITEM('') SURFACE() );
#310 = CARTESIAN_POINT('',(0.37401595,-1.04330765,0.));
#311 = CARTESIAN_POINT('',(0.37401595,-0.96456745,0.));
#312 = CARTESIAN_POINT('',(-0.648849252486,-1.04330765,0.));
#313 = CARTESIAN_POINT('',(-0.648849252486,-0.96456745,0.));
#314 = CARTESIAN_POINT('',(-0.137416651243,-1.04330765,0.88582725));
#315 = CARTESIAN_POINT('',(-0.137416651243,-0.96456745,0.88582725));
#316 = CARTESIAN_POINT('',(0.37401595,-1.04330765,1.7716545));
#317 = CARTESIAN_POINT('',(0.37401595,-0.96456745,1.7716545));
#318 = CARTESIAN_POINT('',(0.885448551243,-1.04330765,0.88582725));
#319 = CARTESIAN_POINT('',(0.885448551243,-0.96456745,0.88582725));
#320 = CARTESIAN_POINT('',(1.396881152486,-1.04330765,8.741918300359E-16
    ));
#321 = CARTESIAN_POINT('',(1.396881152486,-0.96456745,8.741918300359E-16
    ));
#322 = CARTESIAN_POINT('',(0.37401595,-1.04330765,0.));
#323 = CARTESIAN_POINT('',(0.37401595,-0.96456745,0.));
#324 = ADVANCED_FACE('',(#325),#346,.T.);
#325 = FACE_BOUND('',#326,.T.);
#326 = EDGE_LOOP('',(#327,#339,#344,#345));
#327 = ORIENTED_EDGE('',*,*,#328,.F.);
#328 = EDGE_CURVE('',#329,#329,#331,.T.);
#329 = VERTEX_POINT('',#330);
#330 = CARTESIAN_POINT('',(0.720193035314,-0.194872052802,0.597113183333
    ));
#331 = ( BOUNDED_CURVE() B_SPLINE_CURVE(2,(#332,#333,#334,#335,#336,#337
,#338),.UNSPECIFIED.,.T.,.F.) B_SPLINE_CURVE_WITH_KNOTS((3,2,2,3),(
    3.14159265359,5.235987755983,7.330382858376,9.424777960769),
.PIECEWISE_BEZIER_KNOTS.) CURVE() GEOMETRIC_REPRESENTATION_ITEM() 
RATIONAL_B_SPLINE_CURVE((1.,0.5,1.,0.5,1.,0.5,1.)) REPRESENTATION_ITEM(
  '') );
#332 = CARTESIAN_POINT('',(0.720193035314,-0.194872052802,0.597113183333
    ));
#333 = CARTESIAN_POINT('',(0.618934546385,-0.180406554384,0.597113183333
    ));
#334 = CARTESIAN_POINT('',(0.66956379085,-0.187639303593,0.685695908333)
  );
#335 = CARTESIAN_POINT('',(0.720193035314,-0.194872052802,0.774278633333
    ));
#336 = CARTESIAN_POINT('',(0.770822279778,-0.202104802011,0.685695908333
    ));
#337 = CARTESIAN_POINT('',(0.821451524242,-0.20933755122,0.597113183333)
  );
#338 = CARTESIAN_POINT('',(0.720193035314,-0.194872052802,0.597113183333
    ));
#339 = ORIENTED_EDGE('',*,*,#340,.T.);
#340 = EDGE_CURVE('',#329,#272,#341,.T.);
#341 = B_SPLINE_CURVE_WITH_KNOTS('',1,(#342,#343),.UNSPECIFIED.,.F.,.F.,
  (2,2),(0.,1.974873734152),.PIECEWISE_BEZIER_KNOTS.);
#342 = CARTESIAN_POINT('',(0.720193035314,-0.194872052802,0.597113183333
    ));
#343 = CARTESIAN_POINT('',(0.61023655,-0.96456745,0.597113183333));
#344 = ORIENTED_EDGE('',*,*,#271,.F.);
#345 = ORIENTED_EDGE('',*,*,#340,.F.);
#346 = ( BOUNDED_SURFACE() B_SPLINE_SURFACE(2,1,(
    (#347,#348)
    ,(#349,#350)
    ,(#351,#352)
    ,(#353,#354)
    ,(#355,#356)
    ,(#357,#358)
,(#359,#360
    )),.UNSPECIFIED.,.T.,.F.,.F.) B_SPLINE_SURFACE_WITH_KNOTS((1,2,2,2,2
    ,1),(2,2),(-2.094395102393,0.,2.094395102393,4.188790204786,
    6.28318530718,8.377580409573),(-1.110223024625E-16,1.996374506961),
.UNSPECIFIED.) GEOMETRIC_REPRESENTATION_ITEM() RATIONAL_B_SPLINE_SURFACE
((
    (1.,1.)
    ,(0.5,0.5)
    ,(1.,1.)
    ,(0.5,0.5)
    ,(1.,1.)
    ,(0.5,0.5)
,(1.,1.))) REPRESENTATION_ITEM('') SURFACE() );
#347 = CARTESIAN_POINT('',(0.720193035314,-0.194872052802,0.597113183333
    ));
#348 = CARTESIAN_POINT('',(0.60903943579,-0.972947249468,0.597113183333)
  );
#349 = CARTESIAN_POINT('',(0.821451524242,-0.20933755122,0.597113183333)
  );
#350 = CARTESIAN_POINT('',(0.710297924719,-0.987412747886,0.597113183333
    ));
#351 = CARTESIAN_POINT('',(0.770822279778,-0.202104802011,0.685695908333
    ));
#352 = CARTESIAN_POINT('',(0.659668680255,-0.980179998677,0.685695908333
    ));
#353 = CARTESIAN_POINT('',(0.720193035314,-0.194872052802,0.774278633333
    ));
#354 = CARTESIAN_POINT('',(0.60903943579,-0.972947249468,0.774278633333)
  );
#355 = CARTESIAN_POINT('',(0.66956379085,-0.187639303593,0.685695908333)
  );
#356 = CARTESIAN_POINT('',(0.558410191326,-0.965714500259,0.685695908333
    ));
#357 = CARTESIAN_POINT('',(0.618934546385,-0.180406554384,0.597113183333
    ));
#358 = CARTESIAN_POINT('',(0.507780946862,-0.95848175105,0.597113183333)
  );
#359 = CARTESIAN_POINT('',(0.720193035314,-0.194872052802,0.597113183333
    ));
#360 = CARTESIAN_POINT('',(0.60903943579,-0.972947249468,0.597113183333)
  );
#361 = ADVANCED_FACE('',(#362),#383,.T.);
#362 = FACE_BOUND('',#363,.T.);
#363 = EDGE_LOOP('',(#364,#371,#381,#382));
#364 = ORIENTED_EDGE('',*,*,#365,.T.);
#365 = EDGE_CURVE('',#292,#366,#368,.T.);
#366 = VERTEX_POINT('',#367);
#367 = CARTESIAN_POINT('',(0.37401595,-1.08267775,8.741918300358E-17));
#368 = B_SPLINE_CURVE_WITH_KNOTS('',1,(#369,#370),.UNSPECIFIED.,.F.,.F.,
  (2,2),(0.2,0.3),.PIECEWISE_BEZIER_KNOTS.);
#369 = CARTESIAN_POINT('',(0.37401595,-1.04330765,9.616110130394E-17));
#370 = CARTESIAN_POINT('',(0.37401595,-1.08267775,1.005320604541E-16));
#371 = ORIENTED_EDGE('',*,*,#372,.F.);
#372 = EDGE_CURVE('',#366,#366,#373,.T.);
#373 = ( BOUNDED_CURVE() B_SPLINE_CURVE(2,(#374,#375,#376,#377,#378,#379
,#380),.UNSPECIFIED.,.T.,.F.) B_SPLINE_CURVE_WITH_KNOTS((1,2,2,2,2,1),(
    -2.094395102393,0.,2.094395102393,4.188790204786,6.28318530718,
8.377580409573),.UNSPECIFIED.) CURVE() GEOMETRIC_REPRESENTATION_ITEM() 
RATIONAL_B_SPLINE_CURVE((1.,0.5,1.,0.5,1.,0.5,1.)) REPRESENTATION_ITEM(
  '') );
#374 = CARTESIAN_POINT('',(0.37401595,-1.08267775,0.));
#375 = CARTESIAN_POINT('',(1.396881152486,-1.08267775,0.));
#376 = CARTESIAN_POINT('',(0.885448551243,-1.08267775,0.88582725));
#377 = CARTESIAN_POINT('',(0.37401595,-1.08267775,1.7716545));
#378 = CARTESIAN_POINT('',(-0.137416651243,-1.08267775,0.88582725));
#379 = CARTESIAN_POINT('',(-0.648849252486,-1.08267775,
    8.741918300359E-16));
#380 = CARTESIAN_POINT('',(0.37401595,-1.08267775,0.));
#381 = ORIENTED_EDGE('',*,*,#365,.F.);
#382 = ORIENTED_EDGE('',*,*,#298,.T.);
#383 = ( BOUNDED_SURFACE() B_SPLINE_SURFACE(2,1,(
    (#384,#385)
    ,(#386,#387)
    ,(#388,#389)
    ,(#390,#391)
    ,(#392,#393)
    ,(#394,#395)
,(#396,#397
    )),.UNSPECIFIED.,.T.,.F.,.F.) B_SPLINE_SURFACE_WITH_KNOTS((1,2,2,2,2
    ,1),(2,2),(-2.094395102393,0.,2.094395102393,4.188790204786,
    6.28318530718,8.377580409573),(-0.3,-0.2),.UNSPECIFIED.) 
GEOMETRIC_REPRESENTATION_ITEM() RATIONAL_B_SPLINE_SURFACE((
    (1.,1.)
    ,(0.5,0.5)
    ,(1.,1.)
    ,(0.5,0.5)
    ,(1.,1.)
    ,(0.5,0.5)
,(1.,1.))) REPRESENTATION_ITEM('') SURFACE() );
#384 = CARTESIAN_POINT('',(0.37401595,-1.08267775,0.));
#385 = CARTESIAN_POINT('',(0.37401595,-1.04330765,0.));
#386 = CARTESIAN_POINT('',(-0.648849252486,-1.08267775,0.));
#387 = CARTESIAN_POINT('',(-0.648849252486,-1.04330765,0.));
#388 = CARTESIAN_POINT('',(-0.137416651243,-1.08267775,0.88582725));
#389 = CARTESIAN_POINT('',(-0.137416651243,-1.04330765,0.88582725));
#390 = CARTESIAN_POINT('',(0.37401595,-1.08267775,1.7716545));
#391 = CARTESIAN_POINT('',(0.37401595,-1.04330765,1.7716545));
#392 = CARTESIAN_POINT('',(0.885448551243,-1.08267775,0.88582725));
#393 = CARTESIAN_POINT('',(0.885448551243,-1.04330765,0.88582725));
#394 = CARTESIAN_POINT('',(1.396881152486,-1.08267775,8.741918300359E-16
    ));
#395 = CARTESIAN_POINT('',(1.396881152486,-1.04330765,8.741918300359E-16
    ));
#396 = CARTESIAN_POINT('',(0.37401595,-1.08267775,0.));
#397 = CARTESIAN_POINT('',(0.37401595,-1.04330765,0.));
#398 = ADVANCED_FACE('',(#399),#421,.T.);
#399 = FACE_BOUND('',#400,.T.);
#400 = EDGE_LOOP('',(#401,#409,#410,#411));
#401 = ORIENTED_EDGE('',*,*,#402,.T.);
#402 = EDGE_CURVE('',#403,#329,#405,.T.);
#403 = VERTEX_POINT('',#404);
#404 = CARTESIAN_POINT('',(0.739680240594,-5.846161584052E-02,
    0.459317833333));
#405 = ( BOUNDED_CURVE() B_SPLINE_CURVE(2,(#406,#407,#408),
.UNSPECIFIED.,.F.,.F.) B_SPLINE_CURVE_WITH_KNOTS((3,3),(0.,
1.570796326795),.PIECEWISE_BEZIER_KNOTS.) CURVE() 
GEOMETRIC_REPRESENTATION_ITEM() RATIONAL_B_SPLINE_CURVE((1.,
0.707106781187,1.)) REPRESENTATION_ITEM('') );
#406 = CARTESIAN_POINT('',(0.739680240594,-5.846161584074E-02,
    0.459317833333));
#407 = CARTESIAN_POINT('',(0.739680240594,-5.846161584074E-02,
    0.597113183333));
#408 = CARTESIAN_POINT('',(0.720193035314,-0.194872052802,0.597113183333
    ));
#409 = ORIENTED_EDGE('',*,*,#328,.T.);
#410 = ORIENTED_EDGE('',*,*,#402,.F.);
#411 = ORIENTED_EDGE('',*,*,#412,.T.);
#412 = EDGE_CURVE('',#403,#403,#413,.T.);
#413 = ( BOUNDED_CURVE() B_SPLINE_CURVE(2,(#414,#415,#416,#417,#418,#419
,#420),.UNSPECIFIED.,.T.,.F.) B_SPLINE_CURVE_WITH_KNOTS((1,2,2,2,2,1),(
    -2.094395102393,0.,2.094395102393,4.188790204786,6.28318530718,
8.377580409573),.UNSPECIFIED.) CURVE() GEOMETRIC_REPRESENTATION_ITEM() 
RATIONAL_B_SPLINE_CURVE((1.,0.5,1.,0.5,1.,0.5,1.)) REPRESENTATION_ITEM(
  '') );
#414 = CARTESIAN_POINT('',(0.739680240594,-5.846161584059E-02,
    0.459317833333));
#415 = CARTESIAN_POINT('',(0.840938729523,-7.292711425891E-02,
    0.459317833333));
#416 = CARTESIAN_POINT('',(0.802836974167,2.199805871113E-02,
    0.459317833333));
#417 = CARTESIAN_POINT('',(0.764735218812,0.116923231681,0.459317833333)
  );
#418 = CARTESIAN_POINT('',(0.701578485239,3.646355712946E-02,
    0.459317833333));
#419 = CARTESIAN_POINT('',(0.638421751666,-4.399611742226E-02,
    0.459317833333));
#420 = CARTESIAN_POINT('',(0.739680240594,-5.846161584059E-02,
    0.459317833333));
#421 = ( BOUNDED_SURFACE() B_SPLINE_SURFACE(2,2,(
    (#422,#423,#424,#425,#426,#427,#428)
    ,(#429,#430,#431,#432,#433,#434,#435)
    ,(#436,#437,#438,#439,#440,#441,#442
)),.UNSPECIFIED.,.F.,.T.,.F.) B_SPLINE_SURFACE_WITH_KNOTS((3,3),(3,2,2,3
    ),(0.,1.570796326795),(3.141592653587,5.23598775598,7.330382858373,
    9.424777960767),.PIECEWISE_BEZIER_KNOTS.) 
GEOMETRIC_REPRESENTATION_ITEM() RATIONAL_B_SPLINE_SURFACE((
    (1.,0.5,1.,0.5,1.,0.5,1.)
    ,(0.707106781187,0.353553390593,0.707106781187,0.353553390593
      ,0.707106781187,0.353553390593,0.707106781187)
,(1.,0.5,1.,0.5,1.,0.5,1.))) REPRESENTATION_ITEM('') SURFACE() );
#422 = CARTESIAN_POINT('',(0.739680240594,-5.846161584077E-02,
    0.459317833333));
#423 = CARTESIAN_POINT('',(0.638421751666,-4.399611742273E-02,
    0.459317833333));
#424 = CARTESIAN_POINT('',(0.701578485238,3.646355712917E-02,
    0.459317833333));
#425 = CARTESIAN_POINT('',(0.764735218811,0.116923231681,0.459317833333)
  );
#426 = CARTESIAN_POINT('',(0.802836974167,2.199805871113E-02,
    0.459317833333));
#427 = CARTESIAN_POINT('',(0.840938729523,-7.29271142588E-02,
    0.459317833333));
#428 = CARTESIAN_POINT('',(0.739680240594,-5.846161584077E-02,
    0.459317833333));
#429 = CARTESIAN_POINT('',(0.739680240594,-5.846161584077E-02,
    0.597113183333));
#430 = CARTESIAN_POINT('',(0.638421751666,-4.399611742273E-02,
    0.597113183333));
#431 = CARTESIAN_POINT('',(0.701578485238,3.646355712917E-02,
    0.685695908333));
#432 = CARTESIAN_POINT('',(0.764735218811,0.116923231681,0.774278633333)
  );
#433 = CARTESIAN_POINT('',(0.802836974167,2.199805871113E-02,
    0.685695908334));
#434 = CARTESIAN_POINT('',(0.840938729523,-7.29271142588E-02,
    0.597113183334));
#435 = CARTESIAN_POINT('',(0.739680240594,-5.846161584077E-02,
    0.597113183333));
#436 = CARTESIAN_POINT('',(0.720193035314,-0.194872052802,0.597113183333
    ));
#437 = CARTESIAN_POINT('',(0.618934546386,-0.180406554384,0.597113183333
    ));
#438 = CARTESIAN_POINT('',(0.66956379085,-0.187639303593,0.685695908333)
  );
#439 = CARTESIAN_POINT('',(0.720193035314,-0.194872052802,0.774278633333
    ));
#440 = CARTESIAN_POINT('',(0.770822279778,-0.202104802011,0.685695908334
    ));
#441 = CARTESIAN_POINT('',(0.821451524243,-0.20933755122,0.597113183334)
  );
#442 = CARTESIAN_POINT('',(0.720193035314,-0.194872052802,0.597113183333
    ));
#443 = ADVANCED_FACE('',(#444),#465,.T.);
#444 = FACE_BOUND('',#445,.T.);
#445 = EDGE_LOOP('',(#446,#453,#463,#464));
#446 = ORIENTED_EDGE('',*,*,#447,.T.);
#447 = EDGE_CURVE('',#366,#448,#450,.T.);
#448 = VERTEX_POINT('',#449);
#449 = CARTESIAN_POINT('',(0.37401595,-3.7795296,4.370959150179E-16));
#450 = B_SPLINE_CURVE_WITH_KNOTS('',1,(#451,#452),.UNSPECIFIED.,.F.,.F.,
  (2,2),(0.1,6.95),.PIECEWISE_BEZIER_KNOTS.);
#451 = CARTESIAN_POINT('',(0.37401595,-1.08267775,9.179014215376E-17));
#452 = CARTESIAN_POINT('',(0.37401595,-3.7795296,3.91200843941E-16));
#453 = ORIENTED_EDGE('',*,*,#454,.F.);
#454 = EDGE_CURVE('',#448,#448,#455,.T.);
#455 = ( BOUNDED_CURVE() B_SPLINE_CURVE(2,(#456,#457,#458,#459,#460,#461
,#462),.UNSPECIFIED.,.T.,.F.) B_SPLINE_CURVE_WITH_KNOTS((1,2,2,2,2,1),(
    -2.094395102393,0.,2.094395102393,4.188790204786,6.28318530718,
8.377580409573),.UNSPECIFIED.) CURVE() GEOMETRIC_REPRESENTATION_ITEM() 
RATIONAL_B_SPLINE_CURVE((1.,0.5,1.,0.5,1.,0.5,1.)) REPRESENTATION_ITEM(
  '') );
#456 = CARTESIAN_POINT('',(0.37401595,-3.7795296,0.));
#457 = CARTESIAN_POINT('',(1.396881152486,-3.7795296,0.));
#458 = CARTESIAN_POINT('',(0.885448551243,-3.7795296,0.88582725));
#459 = CARTESIAN_POINT('',(0.37401595,-3.7795296,1.7716545));
#460 = CARTESIAN_POINT('',(-0.137416651243,-3.7795296,0.88582725));
#461 = CARTESIAN_POINT('',(-0.648849252486,-3.7795296,8.741918300359E-16
    ));
#462 = CARTESIAN_POINT('',(0.37401595,-3.7795296,0.));
#463 = ORIENTED_EDGE('',*,*,#447,.F.);
#464 = ORIENTED_EDGE('',*,*,#372,.T.);
#465 = ( BOUNDED_SURFACE() B_SPLINE_SURFACE(2,1,(
    (#466,#467)
    ,(#468,#469)
    ,(#470,#471)
    ,(#472,#473)
    ,(#474,#475)
    ,(#476,#477)
,(#478,#479
    )),.UNSPECIFIED.,.T.,.F.,.F.) B_SPLINE_SURFACE_WITH_KNOTS((1,2,2,2,2
    ,1),(2,2),(-2.094395102393,0.,2.094395102393,4.188790204786,
    6.28318530718,8.377580409573),(-6.95,-0.1),.UNSPECIFIED.) 
GEOMETRIC_REPRESENTATION_ITEM() RATIONAL_B_SPLINE_SURFACE((
    (1.,1.)
    ,(0.5,0.5)
    ,(1.,1.)
    ,(0.5,0.5)
    ,(1.,1.)
    ,(0.5,0.5)
,(1.,1.))) REPRESENTATION_ITEM('') SURFACE() );
#466 = CARTESIAN_POINT('',(0.37401595,-3.7795296,2.622575490108E-16));
#467 = CARTESIAN_POINT('',(0.37401595,-1.08267775,0.));
#468 = CARTESIAN_POINT('',(-0.648849252486,-3.7795296,2.622575490108E-16
    ));
#469 = CARTESIAN_POINT('',(-0.648849252486,-1.08267775,0.));
#470 = CARTESIAN_POINT('',(-0.137416651243,-3.7795296,0.88582725));
#471 = CARTESIAN_POINT('',(-0.137416651243,-1.08267775,0.88582725));
#472 = CARTESIAN_POINT('',(0.37401595,-3.7795296,1.7716545));
#473 = CARTESIAN_POINT('',(0.37401595,-1.08267775,1.7716545));
#474 = CARTESIAN_POINT('',(0.885448551243,-3.7795296,0.88582725));
#475 = CARTESIAN_POINT('',(0.885448551243,-1.08267775,0.88582725));
#476 = CARTESIAN_POINT('',(1.396881152486,-3.7795296,1.136449379047E-15)
  );
#477 = CARTESIAN_POINT('',(1.396881152486,-1.08267775,8.741918300359E-16
    ));
#478 = CARTESIAN_POINT('',(0.37401595,-3.7795296,2.622575490108E-16));
#479 = CARTESIAN_POINT('',(0.37401595,-1.08267775,0.));
#480 = ADVANCED_FACE('',(#481),#502,.T.);
#481 = FACE_BOUND('',#482,.T.);
#482 = EDGE_LOOP('',(#483,#490,#491,#492));
#483 = ORIENTED_EDGE('',*,*,#484,.T.);
#484 = EDGE_CURVE('',#485,#403,#487,.T.);
#485 = VERTEX_POINT('',#486);
#486 = CARTESIAN_POINT('',(0.739680240594,-5.846161584052E-02,
    -1.151575425));
#487 = B_SPLINE_CURVE_WITH_KNOTS('',1,(#488,#489),.UNSPECIFIED.,.F.,.F.,
  (2,2),(7.5E-02,4.166666666667),.PIECEWISE_BEZIER_KNOTS.);
#488 = CARTESIAN_POINT('',(0.739680240594,-5.846161584052E-02,
    -1.151575425));
#489 = CARTESIAN_POINT('',(0.739680240594,-5.846161584052E-02,
    0.459317833333));
#490 = ORIENTED_EDGE('',*,*,#412,.F.);
#491 = ORIENTED_EDGE('',*,*,#484,.F.);
#492 = ORIENTED_EDGE('',*,*,#493,.T.);
#493 = EDGE_CURVE('',#485,#485,#494,.T.);
#494 = ( BOUNDED_CURVE() B_SPLINE_CURVE(2,(#495,#496,#497,#498,#499,#500
,#501),.UNSPECIFIED.,.T.,.F.) B_SPLINE_CURVE_WITH_KNOTS((1,2,2,2,2,1),(
    -2.094395102393,0.,2.094395102393,4.188790204786,6.28318530718,
8.377580409573),.UNSPECIFIED.) CURVE() GEOMETRIC_REPRESENTATION_ITEM() 
RATIONAL_B_SPLINE_CURVE((1.,0.5,1.,0.5,1.,0.5,1.)) REPRESENTATION_ITEM(
  '') );
#495 = CARTESIAN_POINT('',(0.739680240594,-5.846161584059E-02,
    -1.151575425));
#496 = CARTESIAN_POINT('',(0.840938729523,-7.292711425891E-02,
    -1.151575425));
#497 = CARTESIAN_POINT('',(0.802836974167,2.199805871113E-02,
    -1.151575425));
#498 = CARTESIAN_POINT('',(0.764735218812,0.116923231681,-1.151575425));
#499 = CARTESIAN_POINT('',(0.701578485239,3.646355712946E-02,
    -1.151575425));
#500 = CARTESIAN_POINT('',(0.638421751666,-4.399611742226E-02,
    -1.151575425));
#501 = CARTESIAN_POINT('',(0.739680240594,-5.846161584059E-02,
    -1.151575425));
#502 = ( BOUNDED_SURFACE() B_SPLINE_SURFACE(2,1,(
    (#503,#504)
    ,(#505,#506)
    ,(#507,#508)
    ,(#509,#510)
    ,(#511,#512)
    ,(#513,#514)
,(#515,#516
    )),.UNSPECIFIED.,.T.,.F.,.F.) B_SPLINE_SURFACE_WITH_KNOTS((1,2,2,2,2
    ,1),(2,2),(-2.094395102393,0.,2.094395102393,4.188790204786,
    6.28318530718,8.377580409573),(7.5E-02,4.166666666667),
.UNSPECIFIED.) GEOMETRIC_REPRESENTATION_ITEM() RATIONAL_B_SPLINE_SURFACE
((
    (1.,1.)
    ,(0.5,0.5)
    ,(1.,1.)
    ,(0.5,0.5)
    ,(1.,1.)
    ,(0.5,0.5)
,(1.,1.))) REPRESENTATION_ITEM('') SURFACE() );
#503 = CARTESIAN_POINT('',(0.739680240594,-5.846161584059E-02,
    -1.151575425));
#504 = CARTESIAN_POINT('',(0.739680240594,-5.846161584059E-02,
    0.459317833333));
#505 = CARTESIAN_POINT('',(0.840938729523,-7.292711425891E-02,
    -1.151575425));
#506 = CARTESIAN_POINT('',(0.840938729523,-7.292711425891E-02,
    0.459317833333));
#507 = CARTESIAN_POINT('',(0.802836974167,2.199805871113E-02,
    -1.151575425));
#508 = CARTESIAN_POINT('',(0.802836974167,2.199805871113E-02,
    0.459317833333));
#509 = CARTESIAN_POINT('',(0.764735218812,0.116923231681,-1.151575425));
#510 = CARTESIAN_POINT('',(0.764735218812,0.116923231681,0.459317833333)
  );
#511 = CARTESIAN_POINT('',(0.701578485239,3.646355712946E-02,
    -1.151575425));
#512 = CARTESIAN_POINT('',(0.701578485239,3.646355712946E-02,
    0.459317833333));
#513 = CARTESIAN_POINT('',(0.638421751666,-4.399611742226E-02,
    -1.151575425));
#514 = CARTESIAN_POINT('',(0.638421751666,-4.399611742226E-02,
    0.459317833333));
#515 = CARTESIAN_POINT('',(0.739680240594,-5.846161584059E-02,
    -1.151575425));
#516 = CARTESIAN_POINT('',(0.739680240594,-5.846161584059E-02,
    0.459317833333));
#517 = ADVANCED_FACE('',(#518),#540,.T.);
#518 = FACE_BOUND('',#519,.T.);
#519 = EDGE_LOOP('',(#520,#528,#529,#530));
#520 = ORIENTED_EDGE('',*,*,#521,.F.);
#521 = EDGE_CURVE('',#448,#522,#524,.T.);
#522 = VERTEX_POINT('',#523);
#523 = CARTESIAN_POINT('',(0.37401595,-3.87795485,9.842525E-02));
#524 = ( BOUNDED_CURVE() B_SPLINE_CURVE(2,(#525,#526,#527),
.UNSPECIFIED.,.F.,.F.) B_SPLINE_CURVE_WITH_KNOTS((3,3),(0.,
1.570796326795),.PIECEWISE_BEZIER_KNOTS.) CURVE() 
GEOMETRIC_REPRESENTATION_ITEM() RATIONAL_B_SPLINE_CURVE((1.,
0.707106781187,1.)) REPRESENTATION_ITEM('') );
#525 = CARTESIAN_POINT('',(0.37401595,-3.7795296,0.));
#526 = CARTESIAN_POINT('',(0.37401595,-3.87795485,1.092739787545E-17));
#527 = CARTESIAN_POINT('',(0.37401595,-3.87795485,9.842525E-02));
#528 = ORIENTED_EDGE('',*,*,#454,.T.);
#529 = ORIENTED_EDGE('',*,*,#521,.T.);
#530 = ORIENTED_EDGE('',*,*,#531,.F.);
#531 = EDGE_CURVE('',#522,#522,#532,.T.);
#532 = ( BOUNDED_CURVE() B_SPLINE_CURVE(2,(#533,#534,#535,#536,#537,#538
,#539),.UNSPECIFIED.,.T.,.F.) B_SPLINE_CURVE_WITH_KNOTS((1,2,2,2,2,1),(
    -2.094395102393,0.,2.094395102393,4.188790204786,6.28318530718,
8.377580409573),.UNSPECIFIED.) CURVE() GEOMETRIC_REPRESENTATION_ITEM() 
RATIONAL_B_SPLINE_CURVE((1.,0.5,1.,0.5,1.,0.5,1.)) REPRESENTATION_ITEM(
  '') );
#533 = CARTESIAN_POINT('',(0.37401595,-3.87795485,9.842525E-02));
#534 = CARTESIAN_POINT('',(1.226403618738,-3.87795485,9.842525E-02));
#535 = CARTESIAN_POINT('',(0.800209784369,-3.87795485,0.836614625));
#536 = CARTESIAN_POINT('',(0.37401595,-3.87795485,1.574804));
#537 = CARTESIAN_POINT('',(-5.217788436917E-02,-3.87795485,0.836614625)
  );
#538 = CARTESIAN_POINT('',(-0.478371718738,-3.87795485,9.842525E-02));
#539 = CARTESIAN_POINT('',(0.37401595,-3.87795485,9.842525E-02));
#540 = ( BOUNDED_SURFACE() B_SPLINE_SURFACE(2,2,(
    (#541,#542,#543)
    ,(#544,#545,#546)
    ,(#547,#548,#549)
    ,(#550,#551,#552)
    ,(#553,#554,#555)
    ,(#556,#557,#558)
    ,(#559,#560,#561
)),.UNSPECIFIED.,.T.,.F.,.F.) B_SPLINE_SURFACE_WITH_KNOTS((1,2,2,2,2,1),
  (3,3),(-2.094395102393,0.,2.094395102393,4.188790204786,6.28318530718,
    8.377580409573),(0.,1.570796326795),.UNSPECIFIED.) 
GEOMETRIC_REPRESENTATION_ITEM() RATIONAL_B_SPLINE_SURFACE((
    (1.,0.707106781187,1.)
    ,(0.5,0.353553390593,0.5)
    ,(1.,0.707106781187,1.)
    ,(0.5,0.353553390593,0.5)
    ,(1.,0.707106781187,1.)
    ,(0.5,0.353553390593,0.5)
,(1.,0.707106781187,1.))) REPRESENTATION_ITEM('') SURFACE() );
#541 = CARTESIAN_POINT('',(0.37401595,-3.7795296,0.));
#542 = CARTESIAN_POINT('',(0.37401595,-3.87795485,0.));
#543 = CARTESIAN_POINT('',(0.37401595,-3.87795485,9.842525E-02));
#544 = CARTESIAN_POINT('',(1.396881152486,-3.7795296,0.));
#545 = CARTESIAN_POINT('',(1.396881152486,-3.87795485,0.));
#546 = CARTESIAN_POINT('',(1.226403618738,-3.87795485,9.842525E-02));
#547 = CARTESIAN_POINT('',(0.885448551243,-3.7795296,0.88582725));
#548 = CARTESIAN_POINT('',(0.885448551243,-3.87795485,0.88582725));
#549 = CARTESIAN_POINT('',(0.800209784369,-3.87795485,0.836614625));
#550 = CARTESIAN_POINT('',(0.37401595,-3.7795296,1.7716545));
#551 = CARTESIAN_POINT('',(0.37401595,-3.87795485,1.7716545));
#552 = CARTESIAN_POINT('',(0.37401595,-3.87795485,1.574804));
#553 = CARTESIAN_POINT('',(-0.137416651243,-3.7795296,0.88582725));
#554 = CARTESIAN_POINT('',(-0.137416651243,-3.87795485,0.88582725));
#555 = CARTESIAN_POINT('',(-5.217788436917E-02,-3.87795485,0.836614625)
  );
#556 = CARTESIAN_POINT('',(-0.648849252486,-3.7795296,8.741918300359E-16
    ));
#557 = CARTESIAN_POINT('',(-0.648849252486,-3.87795485,
    8.741918300359E-16));
#558 = CARTESIAN_POINT('',(-0.478371718738,-3.87795485,9.842525E-02));
#559 = CARTESIAN_POINT('',(0.37401595,-3.7795296,0.));
#560 = CARTESIAN_POINT('',(0.37401595,-3.87795485,0.));
#561 = CARTESIAN_POINT('',(0.37401595,-3.87795485,9.842525E-02));
#562 = ADVANCED_FACE('',(#563),#585,.T.);
#563 = FACE_BOUND('',#564,.T.);
#564 = EDGE_LOOP('',(#565,#577,#583,#584));
#565 = ORIENTED_EDGE('',*,*,#566,.T.);
#566 = EDGE_CURVE('',#567,#567,#569,.T.);
#567 = VERTEX_POINT('',#568);
#568 = CARTESIAN_POINT('',(0.743856070297,-2.923080792029E-02,-1.181103)
  );
#569 = ( BOUNDED_CURVE() B_SPLINE_CURVE(2,(#570,#571,#572,#573,#574,#575
,#576),.UNSPECIFIED.,.T.,.F.) B_SPLINE_CURVE_WITH_KNOTS((1,2,2,2,2,1),(
    -2.094395102393,0.,2.094395102393,4.188790204786,6.28318530718,
8.377580409573),.UNSPECIFIED.) CURVE() GEOMETRIC_REPRESENTATION_ITEM() 
RATIONAL_B_SPLINE_CURVE((1.,0.5,1.,0.5,1.,0.5,1.)) REPRESENTATION_ITEM(
  '') );
#570 = CARTESIAN_POINT('',(0.743856070297,-2.923080792029E-02,-1.181103)
  );
#571 = CARTESIAN_POINT('',(0.794485314761,-3.646355712946E-02,-1.181103)
  );
#572 = CARTESIAN_POINT('',(0.775434437084,1.099902935557E-02,-1.181103)
  );
#573 = CARTESIAN_POINT('',(0.756383559406,5.846161584059E-02,-1.181103)
  );
#574 = CARTESIAN_POINT('',(0.724805192619,1.823177856473E-02,-1.181103)
  );
#575 = CARTESIAN_POINT('',(0.693226825833,-2.199805871113E-02,-1.181103)
  );
#576 = CARTESIAN_POINT('',(0.743856070297,-2.923080792029E-02,-1.181103)
  );
#577 = ORIENTED_EDGE('',*,*,#578,.F.);
#578 = EDGE_CURVE('',#485,#567,#579,.T.);
#579 = ( BOUNDED_CURVE() B_SPLINE_CURVE(2,(#580,#581,#582),
.UNSPECIFIED.,.F.,.F.) B_SPLINE_CURVE_WITH_KNOTS((3,3),(0.,
1.570796326795),.PIECEWISE_BEZIER_KNOTS.) CURVE() 
GEOMETRIC_REPRESENTATION_ITEM() RATIONAL_B_SPLINE_CURVE((1.,
0.707106781187,1.)) REPRESENTATION_ITEM('') );
#580 = CARTESIAN_POINT('',(0.739680240594,-5.846161584059E-02,
    -1.151575425));
#581 = CARTESIAN_POINT('',(0.739680240594,-5.846161584059E-02,-1.181103)
  );
#582 = CARTESIAN_POINT('',(0.743856070297,-2.923080792029E-02,-1.181103)
  );
#583 = ORIENTED_EDGE('',*,*,#493,.F.);
#584 = ORIENTED_EDGE('',*,*,#578,.T.);
#585 = ( BOUNDED_SURFACE() B_SPLINE_SURFACE(2,2,(
    (#586,#587,#588)
    ,(#589,#590,#591)
    ,(#592,#593,#594)
    ,(#595,#596,#597)
    ,(#598,#599,#600)
    ,(#601,#602,#603)
    ,(#604,#605,#606
)),.UNSPECIFIED.,.T.,.F.,.F.) B_SPLINE_SURFACE_WITH_KNOTS((1,2,2,2,2,1),
  (3,3),(-2.094395102393,0.,2.094395102393,4.188790204786,6.28318530718,
    8.377580409573),(0.,1.570796326795),.UNSPECIFIED.) 
GEOMETRIC_REPRESENTATION_ITEM() RATIONAL_B_SPLINE_SURFACE((
    (1.,0.707106781187,1.)
    ,(0.5,0.353553390593,0.5)
    ,(1.,0.707106781187,1.)
    ,(0.5,0.353553390593,0.5)
    ,(1.,0.707106781187,1.)
    ,(0.5,0.353553390593,0.5)
,(1.,0.707106781187,1.))) REPRESENTATION_ITEM('') SURFACE() );
#586 = CARTESIAN_POINT('',(0.739680240594,-5.846161584059E-02,
    -1.151575425));
#587 = CARTESIAN_POINT('',(0.739680240594,-5.846161584059E-02,-1.181103)
  );
#588 = CARTESIAN_POINT('',(0.743856070297,-2.923080792029E-02,-1.181103)
  );
#589 = CARTESIAN_POINT('',(0.638421751666,-4.399611742226E-02,
    -1.151575425));
#590 = CARTESIAN_POINT('',(0.638421751666,-4.399611742226E-02,-1.181103)
  );
#591 = CARTESIAN_POINT('',(0.693226825833,-2.199805871113E-02,-1.181103)
  );
#592 = CARTESIAN_POINT('',(0.701578485239,3.646355712946E-02,
    -1.151575425));
#593 = CARTESIAN_POINT('',(0.701578485239,3.646355712946E-02,-1.181103)
  );
#594 = CARTESIAN_POINT('',(0.724805192619,1.823177856473E-02,-1.181103)
  );
#595 = CARTESIAN_POINT('',(0.764735218812,0.116923231681,-1.151575425));
#596 = CARTESIAN_POINT('',(0.764735218812,0.116923231681,-1.181103));
#597 = CARTESIAN_POINT('',(0.756383559406,5.846161584059E-02,-1.181103)
  );
#598 = CARTESIAN_POINT('',(0.802836974167,2.199805871113E-02,
    -1.151575425));
#599 = CARTESIAN_POINT('',(0.802836974167,2.199805871113E-02,-1.181103)
  );
#600 = CARTESIAN_POINT('',(0.775434437084,1.099902935557E-02,-1.181103)
  );
#601 = CARTESIAN_POINT('',(0.840938729523,-7.292711425891E-02,
    -1.151575425));
#602 = CARTESIAN_POINT('',(0.840938729523,-7.292711425891E-02,-1.181103)
  );
#603 = CARTESIAN_POINT('',(0.794485314761,-3.646355712946E-02,-1.181103)
  );
#604 = CARTESIAN_POINT('',(0.739680240594,-5.846161584059E-02,
    -1.151575425));
#605 = CARTESIAN_POINT('',(0.739680240594,-5.846161584059E-02,-1.181103)
  );
#606 = CARTESIAN_POINT('',(0.743856070297,-2.923080792029E-02,-1.181103)
  );
#607 = ADVANCED_FACE('',(#608),#611,.T.);
#608 = FACE_BOUND('',#609,.T.);
#609 = EDGE_LOOP('',(#610));
#610 = ORIENTED_EDGE('',*,*,#531,.T.);
#611 = B_SPLINE_SURFACE_WITH_KNOTS('',1,1,(
    (#612,#613)
    ,(#614,#615
    )),.UNSPECIFIED.,.F.,.F.,.F.,(2,2),(2,2),(-1.25,1.25),(-1.25,1.25),
  .PIECEWISE_BEZIER_KNOTS.);
#612 = CARTESIAN_POINT('',(-0.1181103,-3.87795485,9.842525E-02));
#613 = CARTESIAN_POINT('',(-0.1181103,-3.87795485,1.08267775));
#614 = CARTESIAN_POINT('',(0.8661422,-3.87795485,9.842525E-02));
#615 = CARTESIAN_POINT('',(0.8661422,-3.87795485,1.08267775));
#616 = ADVANCED_FACE('',(#617),#620,.F.);
#617 = FACE_BOUND('',#618,.F.);
#618 = EDGE_LOOP('',(#619));
#619 = ORIENTED_EDGE('',*,*,#566,.T.);
#620 = B_SPLINE_SURFACE_WITH_KNOTS('',1,1,(
    (#621,#622)
    ,(#623,#624
    )),.UNSPECIFIED.,.F.,.F.,.F.,(2,2),(2,2),(-7.5E-02,7.5E-02),(
    -7.5E-02,7.5E-02),.PIECEWISE_BEZIER_KNOTS.);
#621 = CARTESIAN_POINT('',(0.722976921783,3.340663762318E-02,-1.181103)
  );
#622 = CARTESIAN_POINT('',(0.781438537623,2.50549782174E-02,-1.181103));
#623 = CARTESIAN_POINT('',(0.714625262377,-2.50549782174E-02,-1.181103)
  );
#624 = CARTESIAN_POINT('',(0.773086878217,-3.340663762318E-02,-1.181103)
  );
#625 = ( GEOMETRIC_REPRESENTATION_CONTEXT(3) 
GLOBAL_UNCERTAINTY_ASSIGNED_CONTEXT((#629)) GLOBAL_UNIT_ASSIGNED_CONTEXT
((#626,#627,#628)) REPRESENTATION_CONTEXT('Context #1',
  '3D Context with UNIT and UNCERTAINTY') );
#626 = ( LENGTH_UNIT() NAMED_UNIT(*) SI_UNIT(.MILLI.,.METRE.) );
#627 = ( NAMED_UNIT(*) PLANE_ANGLE_UNIT() SI_UNIT($,.RADIAN.) );
#628 = ( NAMED_UNIT(*) SI_UNIT($,.STERADIAN.) SOLID_ANGLE_UNIT() );
#629 = UNCERTAINTY_MEASURE_WITH_UNIT(LENGTH_MEASURE(1.E-07),#626,
  'distance_accuracy_value','confusion accuracy');
#630 = CONTEXT_DEPENDENT_SHAPE_REPRESENTATION(#631,#633);
#631 = ( REPRESENTATION_RELATIONSHIP('','',#63,#40) 
REPRESENTATION_RELATIONSHIP_WITH_TRANSFORMATION(#632) 
SHAPE_REPRESENTATION_RELATIONSHIP() );
#632 = ITEM_DEFINED_TRANSFORMATION('','',#11,#41);
#633 = PRODUCT_DEFINITION_SHAPE('Placement','Placement of an item',#634
  );
#634 = NEXT_ASSEMBLY_USAGE_OCCURRENCE('1','=>[0:1:1:3]','',#35,#58,$);
#635 = PRODUCT_RELATED_PRODUCT_CATEGORY('part',$,(#60));
#636 = SHAPE_DEFINITION_REPRESENTATION(#637,#643);
#637 = PRODUCT_DEFINITION_SHAPE('','',#638);
#638 = PRODUCT_DEFINITION('design','',#639,#642);
#639 = PRODUCT_DEFINITION_FORMATION('','',#640);
#640 = PRODUCT('CP_Radial_D4.0mm_P2.00mm','CP_Radial_D4.0mm_P2.00mm','',
  (#641));
#641 = PRODUCT_CONTEXT('',#2,'mechanical');
#642 = PRODUCT_DEFINITION_CONTEXT('part definition',#2,'design');
#643 = SHAPE_REPRESENTATION('',(#11,#644),#648);
#644 = AXIS2_PLACEMENT_3D('',#645,#646,#647);
#645 = CARTESIAN_POINT('',(0.,0.,0.));
#646 = DIRECTION('',(0.,0.,1.));
#647 = DIRECTION('',(1.,0.,-0.));
#648 = ( GEOMETRIC_REPRESENTATION_CONTEXT(3) 
GLOBAL_UNCERTAINTY_ASSIGNED_CONTEXT((#652)) GLOBAL_UNIT_ASSIGNED_CONTEXT
((#649,#650,#651)) REPRESENTATION_CONTEXT('Context #1',
  '3D Context with UNIT and UNCERTAINTY') );
#649 = ( LENGTH_UNIT() NAMED_UNIT(*) SI_UNIT(.MILLI.,.METRE.) );
#650 = ( NAMED_UNIT(*) PLANE_ANGLE_UNIT() SI_UNIT($,.RADIAN.) );
#651 = ( NAMED_UNIT(*) SI_UNIT($,.STERADIAN.) SOLID_ANGLE_UNIT() );
#652 = UNCERTAINTY_MEASURE_WITH_UNIT(LENGTH_MEASURE(5.E-06),#649,
  'distance_accuracy_value','confusion accuracy');
#653 = CONTEXT_DEPENDENT_SHAPE_REPRESENTATION(#654,#656);
#654 = ( REPRESENTATION_RELATIONSHIP('','',#643,#10) 
REPRESENTATION_RELATIONSHIP_WITH_TRANSFORMATION(#655) 
SHAPE_REPRESENTATION_RELATIONSHIP() );
#655 = ITEM_DEFINED_TRANSFORMATION('','',#11,#19);
#656 = PRODUCT_DEFINITION_SHAPE('Placement','Placement of an item',#657
  );
#657 = NEXT_ASSEMBLY_USAGE_OCCURRENCE('4','C4','',#5,#638,$);
#658 = PRODUCT_RELATED_PRODUCT_CATEGORY('part',$,(#640));
#659 = SHAPE_DEFINITION_REPRESENTATION(#660,#666);
#660 = PRODUCT_DEFINITION_SHAPE('','',#661);
#661 = PRODUCT_DEFINITION('design','',#662,#665);
#662 = PRODUCT_DEFINITION_FORMATION('','',#663);
#663 = PRODUCT('CP_Radial_D40mm_P200mm','CP_Radial_D40mm_P200mm','',(
    #664));
#664 = PRODUCT_CONTEXT('',#2,'mechanical');
#665 = PRODUCT_DEFINITION_CONTEXT('part definition',#2,'design');
#666 = ADVANCED_BREP_SHAPE_REPRESENTATION('',(#11,#667),#2899);
#667 = BREP_WITH_VOIDS('',#668,(#2743));
#668 = CLOSED_SHELL('',(#669,#686,#711,#760,#793,#811,#836,#868,#886,
    #895,#933,#955,#1015,#1089,#1255,#1332,#1357,#1434,#1500,#1556,#1607
    ,#1658,#1824,#1853,#1921,#1989,#2021,#2075,#2152,#2186,#2201,#2219,
    #2251,#2269,#2412,#2464,#2488,#2512,#2536,#2598,#2615,#2639,#2655,
    #2679,#2691,#2707,#2719,#2731));
#669 = ADVANCED_FACE('',(#670),#681,.F.);
#670 = FACE_BOUND('',#671,.F.);
#671 = EDGE_LOOP('',(#672));
#672 = ORIENTED_EDGE('',*,*,#673,.T.);
#673 = EDGE_CURVE('',#674,#674,#676,.T.);
#674 = VERTEX_POINT('',#675);
#675 = CARTESIAN_POINT('',(1.85,-1.040949779275E-16,-1.9));
#676 = CIRCLE('',#677,0.15);
#677 = AXIS2_PLACEMENT_3D('',#678,#679,#680);
#678 = CARTESIAN_POINT('',(2.,-1.224646799147E-16,-1.9));
#679 = DIRECTION('',(0.,0.,1.));
#680 = DIRECTION('',(-1.,1.224646799147E-16,0.));
#681 = PLANE('',#682);
#682 = AXIS2_PLACEMENT_3D('',#683,#684,#685);
#683 = CARTESIAN_POINT('',(2.,-1.252440509486E-16,-1.9));
#684 = DIRECTION('',(0.,0.,1.));
#685 = DIRECTION('',(-1.,1.224646799147E-16,0.));
#686 = ADVANCED_FACE('',(#687),#706,.T.);
#687 = FACE_BOUND('',#688,.T.);
#688 = EDGE_LOOP('',(#689,#698,#704,#705));
#689 = ORIENTED_EDGE('',*,*,#690,.F.);
#690 = EDGE_CURVE('',#691,#691,#693,.T.);
#691 = VERTEX_POINT('',#692);
#692 = CARTESIAN_POINT('',(1.85,-1.040949779275E-16,0.2));
#693 = CIRCLE('',#694,0.15);
#694 = AXIS2_PLACEMENT_3D('',#695,#696,#697);
#695 = CARTESIAN_POINT('',(2.,-1.224646799147E-16,0.2));
#696 = DIRECTION('',(0.,0.,1.));
#697 = DIRECTION('',(-1.,1.224646799147E-16,0.));
#698 = ORIENTED_EDGE('',*,*,#699,.T.);
#699 = EDGE_CURVE('',#691,#674,#700,.T.);
#700 = LINE('',#701,#702);
#701 = CARTESIAN_POINT('',(1.85,-1.040949779275E-16,0.3));
#702 = VECTOR('',#703,1.);
#703 = DIRECTION('',(0.,0.,-1.));
#704 = ORIENTED_EDGE('',*,*,#673,.T.);
#705 = ORIENTED_EDGE('',*,*,#699,.F.);
#706 = CYLINDRICAL_SURFACE('',#707,0.15);
#707 = AXIS2_PLACEMENT_3D('',#708,#709,#710);
#708 = CARTESIAN_POINT('',(2.,-1.224646799147E-16,0.3));
#709 = DIRECTION('',(0.,0.,1.));
#710 = DIRECTION('',(-1.,1.224646799147E-16,0.));
#711 = ADVANCED_FACE('',(#712,#741,#744),#755,.F.);
#712 = FACE_BOUND('',#713,.F.);
#713 = EDGE_LOOP('',(#714,#725,#734));
#714 = ORIENTED_EDGE('',*,*,#715,.T.);
#715 = EDGE_CURVE('',#716,#718,#720,.T.);
#716 = VERTEX_POINT('',#717);
#717 = CARTESIAN_POINT('',(-0.4,1.714505518806E-16,0.2));
#718 = VERTEX_POINT('',#719);
#719 = CARTESIAN_POINT('',(2.293431345516,-0.535756805311,0.2));
#720 = CIRCLE('',#721,1.4);
#721 = AXIS2_PLACEMENT_3D('',#722,#723,#724);
#722 = CARTESIAN_POINT('',(1.,0.,0.2));
#723 = DIRECTION('',(0.,0.,1.));
#724 = DIRECTION('',(-1.,1.224646799147E-16,0.));
#725 = ORIENTED_EDGE('',*,*,#726,.T.);
#726 = EDGE_CURVE('',#718,#727,#729,.T.);
#727 = VERTEX_POINT('',#728);
#728 = CARTESIAN_POINT('',(2.293431345516,0.535756805311,0.2));
#729 = CIRCLE('',#730,1.4);
#730 = AXIS2_PLACEMENT_3D('',#731,#732,#733);
#731 = CARTESIAN_POINT('',(1.,0.,0.2));
#732 = DIRECTION('',(0.,0.,1.));
#733 = DIRECTION('',(-1.,1.224646799147E-16,0.));
#734 = ORIENTED_EDGE('',*,*,#735,.T.);
#735 = EDGE_CURVE('',#727,#716,#736,.T.);
#736 = CIRCLE('',#737,1.4);
#737 = AXIS2_PLACEMENT_3D('',#738,#739,#740);
#738 = CARTESIAN_POINT('',(1.,0.,0.2));
#739 = DIRECTION('',(0.,0.,1.));
#740 = DIRECTION('',(-1.,1.224646799147E-16,0.));
#741 = FACE_BOUND('',#742,.F.);
#742 = EDGE_LOOP('',(#743));
#743 = ORIENTED_EDGE('',*,*,#690,.F.);
#744 = FACE_BOUND('',#745,.F.);
#745 = EDGE_LOOP('',(#746));
#746 = ORIENTED_EDGE('',*,*,#747,.F.);
#747 = EDGE_CURVE('',#748,#748,#750,.T.);
#748 = VERTEX_POINT('',#749);
#749 = CARTESIAN_POINT('',(-0.15,1.408343819019E-16,0.2));
#750 = CIRCLE('',#751,0.15);
#751 = AXIS2_PLACEMENT_3D('',#752,#753,#754);
#752 = CARTESIAN_POINT('',(0.,1.224646799147E-16,0.2));
#753 = DIRECTION('',(0.,0.,1.));
#754 = DIRECTION('',(-1.,1.224646799147E-16,0.));
#755 = PLANE('',#756);
#756 = AXIS2_PLACEMENT_3D('',#757,#758,#759);
#757 = CARTESIAN_POINT('',(1.,-6.494268501652E-17,0.2));
#758 = DIRECTION('',(1.048125139803E-33,-1.710905655258E-34,1.));
#759 = DIRECTION('',(-1.,1.224646799147E-16,1.048125139803E-33));
#760 = ADVANCED_FACE('',(#761),#788,.F.);
#761 = FACE_BOUND('',#762,.F.);
#762 = EDGE_LOOP('',(#763,#771,#772,#773,#781));
#763 = ORIENTED_EDGE('',*,*,#764,.F.);
#764 = EDGE_CURVE('',#718,#765,#767,.T.);
#765 = VERTEX_POINT('',#766);
#766 = CARTESIAN_POINT('',(2.293431345516,-0.535756805311,0.));
#767 = LINE('',#768,#769);
#768 = CARTESIAN_POINT('',(2.293431345516,-0.535756805311,0.3));
#769 = VECTOR('',#770,1.);
#770 = DIRECTION('',(0.,0.,-1.));
#771 = ORIENTED_EDGE('',*,*,#715,.F.);
#772 = ORIENTED_EDGE('',*,*,#735,.F.);
#773 = ORIENTED_EDGE('',*,*,#774,.T.);
#774 = EDGE_CURVE('',#727,#775,#777,.T.);
#775 = VERTEX_POINT('',#776);
#776 = CARTESIAN_POINT('',(2.293431345516,0.535756805311,0.));
#777 = LINE('',#778,#779);
#778 = CARTESIAN_POINT('',(2.293431345516,0.535756805311,0.3));
#779 = VECTOR('',#780,1.);
#780 = DIRECTION('',(0.,0.,-1.));
#781 = ORIENTED_EDGE('',*,*,#782,.F.);
#782 = EDGE_CURVE('',#765,#775,#783,.T.);
#783 = CIRCLE('',#784,1.4);
#784 = AXIS2_PLACEMENT_3D('',#785,#786,#787);
#785 = CARTESIAN_POINT('',(1.,0.,0.));
#786 = DIRECTION('',(0.,-0.,-1.));
#787 = DIRECTION('',(0.923879532511,-0.382683432365,0.));
#788 = CYLINDRICAL_SURFACE('',#789,1.4);
#789 = AXIS2_PLACEMENT_3D('',#790,#791,#792);
#790 = CARTESIAN_POINT('',(1.,0.,0.3));
#791 = DIRECTION('',(0.,0.,-1.));
#792 = DIRECTION('',(0.923879532511,-0.382683432365,0.));
#793 = ADVANCED_FACE('',(#794),#806,.F.);
#794 = FACE_BOUND('',#795,.F.);
#795 = EDGE_LOOP('',(#796,#797,#798,#799));
#796 = ORIENTED_EDGE('',*,*,#774,.F.);
#797 = ORIENTED_EDGE('',*,*,#726,.F.);
#798 = ORIENTED_EDGE('',*,*,#764,.T.);
#799 = ORIENTED_EDGE('',*,*,#800,.F.);
#800 = EDGE_CURVE('',#775,#765,#801,.T.);
#801 = CIRCLE('',#802,1.4);
#802 = AXIS2_PLACEMENT_3D('',#803,#804,#805);
#803 = CARTESIAN_POINT('',(1.,0.,0.));
#804 = DIRECTION('',(0.,0.,-1.));
#805 = DIRECTION('',(0.923879532511,0.382683432365,0.));
#806 = CYLINDRICAL_SURFACE('',#807,1.4);
#807 = AXIS2_PLACEMENT_3D('',#808,#809,#810);
#808 = CARTESIAN_POINT('',(1.,0.,0.3));
#809 = DIRECTION('',(0.,0.,-1.));
#810 = DIRECTION('',(0.923879532511,0.382683432365,0.));
#811 = ADVANCED_FACE('',(#812),#831,.T.);
#812 = FACE_BOUND('',#813,.T.);
#813 = EDGE_LOOP('',(#814,#815,#823,#830));
#814 = ORIENTED_EDGE('',*,*,#747,.F.);
#815 = ORIENTED_EDGE('',*,*,#816,.T.);
#816 = EDGE_CURVE('',#748,#817,#819,.T.);
#817 = VERTEX_POINT('',#818);
#818 = CARTESIAN_POINT('',(-0.15,1.408343819019E-16,-2.));
#819 = LINE('',#820,#821);
#820 = CARTESIAN_POINT('',(-0.15,1.408343819019E-16,0.3));
#821 = VECTOR('',#822,1.);
#822 = DIRECTION('',(0.,0.,-1.));
#823 = ORIENTED_EDGE('',*,*,#824,.T.);
#824 = EDGE_CURVE('',#817,#817,#825,.T.);
#825 = CIRCLE('',#826,0.15);
#826 = AXIS2_PLACEMENT_3D('',#827,#828,#829);
#827 = CARTESIAN_POINT('',(0.,1.224646799147E-16,-2.));
#828 = DIRECTION('',(0.,0.,1.));
#829 = DIRECTION('',(-1.,1.224646799147E-16,0.));
#830 = ORIENTED_EDGE('',*,*,#816,.F.);
#831 = CYLINDRICAL_SURFACE('',#832,0.15);
#832 = AXIS2_PLACEMENT_3D('',#833,#834,#835);
#833 = CARTESIAN_POINT('',(0.,1.224646799147E-16,0.3));
#834 = DIRECTION('',(0.,0.,1.));
#835 = DIRECTION('',(-1.,1.224646799147E-16,0.));
#836 = ADVANCED_FACE('',(#837),#863,.T.);
#837 = FACE_BOUND('',#838,.F.);
#838 = EDGE_LOOP('',(#839,#840,#848,#857));
#839 = ORIENTED_EDGE('',*,*,#782,.T.);
#840 = ORIENTED_EDGE('',*,*,#841,.T.);
#841 = EDGE_CURVE('',#775,#842,#844,.T.);
#842 = VERTEX_POINT('',#843);
#843 = CARTESIAN_POINT('',(2.66298315852,0.688830178257,
    2.775557561563E-17));
#844 = LINE('',#845,#846);
#845 = CARTESIAN_POINT('',(2.293431345516,0.535756805311,0.));
#846 = VECTOR('',#847,1.);
#847 = DIRECTION('',(0.923879532511,0.382683432365,0.));
#848 = ORIENTED_EDGE('',*,*,#849,.F.);
#849 = EDGE_CURVE('',#850,#842,#852,.T.);
#850 = VERTEX_POINT('',#851);
#851 = CARTESIAN_POINT('',(2.66298315852,-0.688830178257,
    2.775557561563E-17));
#852 = CIRCLE('',#853,1.8);
#853 = AXIS2_PLACEMENT_3D('',#854,#855,#856);
#854 = CARTESIAN_POINT('',(1.,0.,2.775557561563E-17));
#855 = DIRECTION('',(0.,-0.,-1.));
#856 = DIRECTION('',(0.923879532511,-0.382683432365,0.));
#857 = ORIENTED_EDGE('',*,*,#858,.F.);
#858 = EDGE_CURVE('',#765,#850,#859,.T.);
#859 = LINE('',#860,#861);
#860 = CARTESIAN_POINT('',(2.293431345516,-0.535756805311,0.));
#861 = VECTOR('',#862,1.);
#862 = DIRECTION('',(0.923879532511,-0.382683432365,0.));
#863 = PLANE('',#864);
#864 = AXIS2_PLACEMENT_3D('',#865,#866,#867);
#865 = CARTESIAN_POINT('',(1.,0.,0.));
#866 = DIRECTION('',(0.,0.,-1.));
#867 = DIRECTION('',(0.923879532511,-0.382683432365,0.));
#868 = ADVANCED_FACE('',(#869),#881,.T.);
#869 = FACE_BOUND('',#870,.F.);
#870 = EDGE_LOOP('',(#871,#872,#873,#880));
#871 = ORIENTED_EDGE('',*,*,#800,.T.);
#872 = ORIENTED_EDGE('',*,*,#858,.T.);
#873 = ORIENTED_EDGE('',*,*,#874,.F.);
#874 = EDGE_CURVE('',#842,#850,#875,.T.);
#875 = CIRCLE('',#876,1.8);
#876 = AXIS2_PLACEMENT_3D('',#877,#878,#879);
#877 = CARTESIAN_POINT('',(1.,0.,2.775557561563E-17));
#878 = DIRECTION('',(0.,0.,-1.));
#879 = DIRECTION('',(0.923879532511,0.382683432365,0.));
#880 = ORIENTED_EDGE('',*,*,#841,.F.);
#881 = PLANE('',#882);
#882 = AXIS2_PLACEMENT_3D('',#883,#884,#885);
#883 = CARTESIAN_POINT('',(1.,0.,0.));
#884 = DIRECTION('',(0.,0.,-1.));
#885 = DIRECTION('',(0.923879532511,0.382683432365,0.));
#886 = ADVANCED_FACE('',(#887),#890,.F.);
#887 = FACE_BOUND('',#888,.F.);
#888 = EDGE_LOOP('',(#889));
#889 = ORIENTED_EDGE('',*,*,#824,.T.);
#890 = PLANE('',#891);
#891 = AXIS2_PLACEMENT_3D('',#892,#893,#894);
#892 = CARTESIAN_POINT('',(0.,1.196853088809E-16,-2.));
#893 = DIRECTION('',(9.130334551169E-32,-6.575964556024E-33,1.));
#894 = DIRECTION('',(-1.,1.224646799147E-16,9.130334551169E-32));
#895 = ADVANCED_FACE('',(#896),#924,.F.);
#896 = FACE_BOUND('',#897,.F.);
#897 = EDGE_LOOP('',(#898,#899,#908,#917));
#898 = ORIENTED_EDGE('',*,*,#849,.T.);
#899 = ORIENTED_EDGE('',*,*,#900,.T.);
#900 = EDGE_CURVE('',#842,#901,#903,.T.);
#901 = VERTEX_POINT('',#902);
#902 = CARTESIAN_POINT('',(2.847759065023,0.76536686473,0.2));
#903 = CIRCLE('',#904,0.2);
#904 = AXIS2_PLACEMENT_3D('',#905,#906,#907);
#905 = CARTESIAN_POINT('',(2.66298315852,0.688830178257,0.2));
#906 = DIRECTION('',(0.382683432365,-0.923879532511,0.));
#907 = DIRECTION('',(0.,0.,-1.));
#908 = ORIENTED_EDGE('',*,*,#909,.F.);
#909 = EDGE_CURVE('',#910,#901,#912,.T.);
#910 = VERTEX_POINT('',#911);
#911 = CARTESIAN_POINT('',(2.847759065023,-0.76536686473,0.2));
#912 = CIRCLE('',#913,2.);
#913 = AXIS2_PLACEMENT_3D('',#914,#915,#916);
#914 = CARTESIAN_POINT('',(1.,0.,0.2));
#915 = DIRECTION('',(0.,-0.,-1.));
#916 = DIRECTION('',(0.923879532511,-0.382683432365,0.));
#917 = ORIENTED_EDGE('',*,*,#918,.F.);
#918 = EDGE_CURVE('',#850,#910,#919,.T.);
#919 = CIRCLE('',#920,0.2);
#920 = AXIS2_PLACEMENT_3D('',#921,#922,#923);
#921 = CARTESIAN_POINT('',(2.66298315852,-0.688830178257,0.2));
#922 = DIRECTION('',(-0.382683432365,-0.923879532511,-0.));
#923 = DIRECTION('',(0.,0.,-1.));
#924 = SURFACE_OF_REVOLUTION('',#925,#930);
#925 = CIRCLE('',#926,0.2);
#926 = AXIS2_PLACEMENT_3D('',#927,#928,#929);
#927 = CARTESIAN_POINT('',(2.66298315852,-0.688830178257,0.2));
#928 = DIRECTION('',(-0.382683432365,-0.923879532511,-0.));
#929 = DIRECTION('',(0.,0.,-1.));
#930 = AXIS1_PLACEMENT('',#931,#932);
#931 = CARTESIAN_POINT('',(1.,0.,0.));
#932 = DIRECTION('',(0.,0.,-1.));
#933 = ADVANCED_FACE('',(#934),#946,.F.);
#934 = FACE_BOUND('',#935,.F.);
#935 = EDGE_LOOP('',(#936,#937,#938,#945));
#936 = ORIENTED_EDGE('',*,*,#874,.T.);
#937 = ORIENTED_EDGE('',*,*,#918,.T.);
#938 = ORIENTED_EDGE('',*,*,#939,.F.);
#939 = EDGE_CURVE('',#901,#910,#940,.T.);
#940 = CIRCLE('',#941,2.);
#941 = AXIS2_PLACEMENT_3D('',#942,#943,#944);
#942 = CARTESIAN_POINT('',(1.,0.,0.2));
#943 = DIRECTION('',(0.,0.,-1.));
#944 = DIRECTION('',(0.923879532511,0.382683432365,0.));
#945 = ORIENTED_EDGE('',*,*,#900,.F.);
#946 = SURFACE_OF_REVOLUTION('',#947,#952);
#947 = CIRCLE('',#948,0.2);
#948 = AXIS2_PLACEMENT_3D('',#949,#950,#951);
#949 = CARTESIAN_POINT('',(2.66298315852,0.688830178257,0.2));
#950 = DIRECTION('',(0.382683432365,-0.923879532511,0.));
#951 = DIRECTION('',(0.,0.,-1.));
#952 = AXIS1_PLACEMENT('',#953,#954);
#953 = CARTESIAN_POINT('',(1.,0.,0.));
#954 = DIRECTION('',(0.,0.,-1.));
#955 = ADVANCED_FACE('',(#956),#1010,.T.);
#956 = FACE_BOUND('',#957,.T.);
#957 = EDGE_LOOP('',(#958,#997,#1003,#1004));
#958 = ORIENTED_EDGE('',*,*,#959,.T.);
#959 = EDGE_CURVE('',#960,#962,#964,.T.);
#960 = VERTEX_POINT('',#961);
#961 = CARTESIAN_POINT('',(2.847759065023,-0.76536686473,1.094848017031)
  );
#962 = VERTEX_POINT('',#963);
#963 = CARTESIAN_POINT('',(2.847759065023,0.76536686473,1.094848017031)
  );
#964 = B_SPLINE_CURVE_WITH_KNOTS('',11,(#965,#966,#967,#968,#969,#970,
    #971,#972,#973,#974,#975,#976,#977,#978,#979,#980,#981,#982,#983,
    #984,#985,#986,#987,#988,#989,#990,#991,#992,#993,#994,#995,#996),
  .UNSPECIFIED.,.F.,.F.,(12,10,10,12),(-0.468492513267,
    5.533303661371E-15,10.995574287564,11.464066800831),.UNSPECIFIED.);
#965 = CARTESIAN_POINT('',(3.027043388037,-0.332536220588,1.094848017031
    ));
#966 = CARTESIAN_POINT('',(3.010631863684,-0.372157145261,1.094848017031
    ));
#967 = CARTESIAN_POINT('',(2.994242929237,-0.411723533074,1.094848017031
    ));
#968 = CARTESIAN_POINT('',(2.977876584698,-0.451235384028,1.094848017031
    ));
#969 = CARTESIAN_POINT('',(2.961532830065,-0.490692698123,1.094848017031
    ));
#970 = CARTESIAN_POINT('',(2.945211665339,-0.530095475358,1.094848017031
    ));
#971 = CARTESIAN_POINT('',(2.928913090519,-0.569443715735,1.094848017031
    ));
#972 = CARTESIAN_POINT('',(2.912637105606,-0.608737419252,1.094848017031
    ));
#973 = CARTESIAN_POINT('',(2.8963837106,-0.64797658591,1.094848017031));
#974 = CARTESIAN_POINT('',(2.880152905501,-0.68716121571,1.094848017031)
  );
#975 = CARTESIAN_POINT('',(2.863944690308,-0.726291308649,1.094848017031
    ));
#976 = CARTESIAN_POINT('',(2.467880539364,-1.68247475343,1.094848017031)
  );
#977 = CARTESIAN_POINT('',(1.582069001996,-2.40755897959,1.094847945877)
  );
#978 = CARTESIAN_POINT('',(0.28468400956,-2.605971283044,1.094848163517)
  );
#979 = CARTESIAN_POINT('',(-0.980593039023,-2.005408000321,
    1.094847857485));
#980 = CARTESIAN_POINT('',(-1.870922646799,-0.847888767919,
    1.094848084307));
#981 = CARTESIAN_POINT('',(-1.870922646804,0.847888767919,1.094848084311
    ));
#982 = CARTESIAN_POINT('',(-0.98059303902,2.00540800032,1.094847857482)
  );
#983 = CARTESIAN_POINT('',(0.284684009557,2.605971283045,1.094848163519)
  );
#984 = CARTESIAN_POINT('',(1.582069001997,2.407558979589,1.094847945877)
  );
#985 = CARTESIAN_POINT('',(2.467880539364,1.68247475343,1.094848017031)
  );
#986 = CARTESIAN_POINT('',(2.863944690308,0.726291308649,1.094848017031)
  );
#987 = CARTESIAN_POINT('',(2.880152905501,0.68716121571,1.094848017031)
  );
#988 = CARTESIAN_POINT('',(2.8963837106,0.64797658591,1.094848017031));
#989 = CARTESIAN_POINT('',(2.912637105607,0.608737419252,1.094848017031)
  );
#990 = CARTESIAN_POINT('',(2.928913090519,0.569443715735,1.094848017031)
  );
#991 = CARTESIAN_POINT('',(2.945211665339,0.530095475358,1.094848017031)
  );
#992 = CARTESIAN_POINT('',(2.961532830065,0.490692698123,1.094848017031)
  );
#993 = CARTESIAN_POINT('',(2.977876584698,0.451235384028,1.094848017031)
  );
#994 = CARTESIAN_POINT('',(2.994242929237,0.411723533074,1.094848017031)
  );
#995 = CARTESIAN_POINT('',(3.010631863684,0.372157145261,1.094848017031)
  );
#996 = CARTESIAN_POINT('',(3.027043388037,0.332536220588,1.094848017031)
  );
#997 = ORIENTED_EDGE('',*,*,#998,.F.);
#998 = EDGE_CURVE('',#901,#962,#999,.T.);
#999 = LINE('',#1000,#1001);
#1000 = CARTESIAN_POINT('',(2.847759065023,0.76536686473,0.2));
#1001 = VECTOR('',#1002,1.);
#1002 = DIRECTION('',(0.,0.,1.));
#1003 = ORIENTED_EDGE('',*,*,#909,.F.);
#1004 = ORIENTED_EDGE('',*,*,#1005,.T.);
#1005 = EDGE_CURVE('',#910,#960,#1006,.T.);
#1006 = LINE('',#1007,#1008);
#1007 = CARTESIAN_POINT('',(2.847759065023,-0.76536686473,0.2));
#1008 = VECTOR('',#1009,1.);
#1009 = DIRECTION('',(0.,0.,1.));
#1010 = CYLINDRICAL_SURFACE('',#1011,2.);
#1011 = AXIS2_PLACEMENT_3D('',#1012,#1013,#1014);
#1012 = CARTESIAN_POINT('',(1.,0.,0.2));
#1013 = DIRECTION('',(0.,0.,1.));
#1014 = DIRECTION('',(0.923879532511,-0.382683432365,0.));
#1015 = ADVANCED_FACE('',(#1016),#1084,.T.);
#1016 = FACE_BOUND('',#1017,.T.);
#1017 = EDGE_LOOP('',(#1018,#1032,#1041,#1053,#1067,#1068,#1069,#1070));
#1018 = ORIENTED_EDGE('',*,*,#1019,.T.);
#1019 = EDGE_CURVE('',#1020,#1022,#1024,.T.);
#1020 = VERTEX_POINT('',#1021);
#1021 = CARTESIAN_POINT('',(2.990315371916,0.196545815978,1.094848017031
    ));
#1022 = VERTEX_POINT('',#1023);
#1023 = CARTESIAN_POINT('',(2.99999975,9.999999999998E-04,1.));
#1024 = B_SPLINE_CURVE_WITH_KNOTS('',6,(#1025,#1026,#1027,#1028,#1029,
    #1030,#1031),.UNSPECIFIED.,.F.,.F.,(7,7),(0.,1.),
  .PIECEWISE_BEZIER_KNOTS.);
#1025 = CARTESIAN_POINT('',(2.990318958432,0.196546288967,1.094848617031
    ));
#1026 = CARTESIAN_POINT('',(2.992523128085,0.174225836078,1.066534373835
    ));
#1027 = CARTESIAN_POINT('',(2.994956543816,0.146508543019,1.041493371792
    ));
#1028 = CARTESIAN_POINT('',(2.99728804772,0.114008242054,1.021313505193)
  );
#1029 = CARTESIAN_POINT('',(2.999063168634,7.791490811305E-02,
    1.007217855497));
#1030 = CARTESIAN_POINT('',(2.999980400082,3.96998306269E-02,1.));
#1031 = CARTESIAN_POINT('',(2.99999975,9.999999999996E-04,1.));
#1032 = ORIENTED_EDGE('',*,*,#1033,.F.);
#1033 = EDGE_CURVE('',#1034,#1022,#1036,.T.);
#1034 = VERTEX_POINT('',#1035);
#1035 = CARTESIAN_POINT('',(2.99999975,-1.E-03,1.));
#1036 = CIRCLE('',#1037,2.);
#1037 = AXIS2_PLACEMENT_3D('',#1038,#1039,#1040);
#1038 = CARTESIAN_POINT('',(1.,0.,1.));
#1039 = DIRECTION('',(0.,-0.,1.));
#1040 = DIRECTION('',(0.923879532511,0.382683432365,0.));
#1041 = ORIENTED_EDGE('',*,*,#1042,.T.);
#1042 = EDGE_CURVE('',#1034,#1043,#1045,.T.);
#1043 = VERTEX_POINT('',#1044);
#1044 = CARTESIAN_POINT('',(2.990315362209,-0.196545815978,
    1.094848017031));
#1045 = B_SPLINE_CURVE_WITH_KNOTS('',6,(#1046,#1047,#1048,#1049,#1050,
    #1051,#1052),.UNSPECIFIED.,.F.,.F.,(7,7),(0.,1.),
  .PIECEWISE_BEZIER_KNOTS.);
#1046 = CARTESIAN_POINT('',(2.99999975,-1.E-03,1.));
#1047 = CARTESIAN_POINT('',(2.999980397889,-3.970421708814E-02,1.));
#1048 = CARTESIAN_POINT('',(2.999062972431,-7.791905863438E-02,
    1.007219492803));
#1049 = CARTESIAN_POINT('',(2.997287840125,-0.114009486733,
    1.021315141638));
#1050 = CARTESIAN_POINT('',(2.99495663948,-0.146507249684,1.041493136225
    ));
#1051 = CARTESIAN_POINT('',(2.992523281812,-0.174224279361,
    1.066532399088));
#1052 = CARTESIAN_POINT('',(2.990318958432,-0.196546288967,
    1.094848617031));
#1053 = ORIENTED_EDGE('',*,*,#1054,.T.);
#1054 = EDGE_CURVE('',#1043,#960,#1055,.T.);
#1055 = B_SPLINE_CURVE_WITH_KNOTS('',4,(#1056,#1057,#1058,#1059,#1060,
    #1061,#1062,#1063,#1064,#1065,#1066),.UNSPECIFIED.,.F.,.F.,(5,3,3,5)
  ,(-9.553077572578E-02,-1.07974614468E-07,1.570796434769,1.666326955105
    ),.UNSPECIFIED.);
#1056 = CARTESIAN_POINT('',(2.811201060562,0.853625694727,1.094848017031
    ));
#1057 = CARTESIAN_POINT('',(2.820340564306,0.831560980883,1.094848017031
    ));
#1058 = CARTESIAN_POINT('',(2.829480066203,0.809496271496,1.094848017031
    ));
#1059 = CARTESIAN_POINT('',(2.838619566254,0.787431566566,1.094848017031
    ));
#1060 = CARTESIAN_POINT('',(2.998038472326,0.402560282228,1.094848017031
    ));
#1061 = CARTESIAN_POINT('',(3.053359617628,6.446181634034E-07,
    1.094848017031));
#1062 = CARTESIAN_POINT('',(2.998038749757,-0.402559612452,
    1.094848017031));
#1063 = CARTESIAN_POINT('',(2.838619563485,-0.787431573251,
    1.094848017031));
#1064 = CARTESIAN_POINT('',(2.829480062511,-0.809496280409,
    1.094848017031));
#1065 = CARTESIAN_POINT('',(2.820340561537,-0.831560987568,
    1.094848017031));
#1066 = CARTESIAN_POINT('',(2.811201060562,-0.853625694727,
    1.094848017031));
#1067 = ORIENTED_EDGE('',*,*,#1005,.F.);
#1068 = ORIENTED_EDGE('',*,*,#939,.F.);
#1069 = ORIENTED_EDGE('',*,*,#998,.T.);
#1070 = ORIENTED_EDGE('',*,*,#1071,.T.);
#1071 = EDGE_CURVE('',#962,#1020,#1072,.T.);
#1072 = B_SPLINE_CURVE_WITH_KNOTS('',4,(#1073,#1074,#1075,#1076,#1077,
    #1078,#1079,#1080,#1081,#1082,#1083),.UNSPECIFIED.,.F.,.F.,(5,3,3,5)
  ,(-9.553077572578E-02,-1.07974614468E-07,1.570796434769,1.666326955105
    ),.UNSPECIFIED.);
#1073 = CARTESIAN_POINT('',(2.811201060562,0.853625694727,1.094848017031
    ));
#1074 = CARTESIAN_POINT('',(2.820340564306,0.831560980883,1.094848017031
    ));
#1075 = CARTESIAN_POINT('',(2.829480066203,0.809496271496,1.094848017031
    ));
#1076 = CARTESIAN_POINT('',(2.838619566254,0.787431566566,1.094848017031
    ));
#1077 = CARTESIAN_POINT('',(2.998038472326,0.402560282228,1.094848017031
    ));
#1078 = CARTESIAN_POINT('',(3.053359617628,6.446181634034E-07,
    1.094848017031));
#1079 = CARTESIAN_POINT('',(2.998038749757,-0.402559612452,
    1.094848017031));
#1080 = CARTESIAN_POINT('',(2.838619563485,-0.787431573251,
    1.094848017031));
#1081 = CARTESIAN_POINT('',(2.829480062511,-0.809496280409,
    1.094848017031));
#1082 = CARTESIAN_POINT('',(2.820340561537,-0.831560987568,
    1.094848017031));
#1083 = CARTESIAN_POINT('',(2.811201060562,-0.853625694727,
    1.094848017031));
#1084 = CYLINDRICAL_SURFACE('',#1085,2.);
#1085 = AXIS2_PLACEMENT_3D('',#1086,#1087,#1088);
#1086 = CARTESIAN_POINT('',(1.,0.,0.2));
#1087 = DIRECTION('',(0.,0.,1.));
#1088 = DIRECTION('',(0.923879532511,0.382683432365,-0.));
#1089 = ADVANCED_FACE('',(#1090),#1158,.T.);
#1090 = FACE_BOUND('',#1091,.T.);
#1091 = EDGE_LOOP('',(#1092,#1107,#1144,#1157));
#1092 = ORIENTED_EDGE('',*,*,#1093,.T.);
#1093 = EDGE_CURVE('',#960,#1094,#1096,.T.);
#1094 = VERTEX_POINT('',#1095);
#1095 = CARTESIAN_POINT('',(2.798002150484,-0.744756875906,
    1.266351298459));
#1096 = B_SPLINE_CURVE_WITH_KNOTS('',5,(#1097,#1098,#1099,#1100,#1101,
    #1102,#1103,#1104,#1105,#1106),.UNSPECIFIED.,.F.,.F.,(6,4,6),(0.,0.5
    ,1.),.UNSPECIFIED.);
#1097 = CARTESIAN_POINT('',(2.847759065023,-0.76536686473,1.094848017031
    ));
#1098 = CARTESIAN_POINT('',(2.847759064388,-0.765366864467,1.11285288071
    ));
#1099 = CARTESIAN_POINT('',(2.84651128182,-0.764850016005,1.131043526198
    ));
#1100 = CARTESIAN_POINT('',(2.843963389687,-0.763794644528,
    1.149227910816));
#1101 = CARTESIAN_POINT('',(2.840115953026,-0.762200984082,
    1.167189076109));
#1102 = CARTESIAN_POINT('',(2.829938885932,-0.757985504867,
    1.202267625854));
#1103 = CARTESIAN_POINT('',(2.823609233099,-0.755363676818,1.21938508752
    ));
#1104 = CARTESIAN_POINT('',(2.816095436326,-0.75225136029,1.235881564449
    ));
#1105 = CARTESIAN_POINT('',(2.807511621058,-0.748695827589,
    1.251578697295));
#1106 = CARTESIAN_POINT('',(2.798002150484,-0.744756875906,
    1.266351298459));
#1107 = ORIENTED_EDGE('',*,*,#1108,.T.);
#1108 = EDGE_CURVE('',#1094,#1109,#1111,.T.);
#1109 = VERTEX_POINT('',#1110);
#1110 = CARTESIAN_POINT('',(2.798002150484,0.744756875906,1.266351298459
    ));
#1111 = B_SPLINE_CURVE_WITH_KNOTS('',11,(#1112,#1113,#1114,#1115,#1116,
    #1117,#1118,#1119,#1120,#1121,#1122,#1123,#1124,#1125,#1126,#1127,
    #1128,#1129,#1130,#1131,#1132,#1133,#1134,#1135,#1136,#1137,#1138,
    #1139,#1140,#1141,#1142,#1143),.UNSPECIFIED.,.F.,.F.,(12,10,10,12),(
    -0.468492513267,5.533303661371E-15,10.995574287564,11.464066800831),
  .UNSPECIFIED.);
#1112 = CARTESIAN_POINT('',(2.977286473498,-0.311926231764,
    1.266351298459));
#1113 = CARTESIAN_POINT('',(2.960439098611,-0.352599392706,
    1.266351298459));
#1114 = CARTESIAN_POINT('',(2.943701483738,-0.393007569534,
    1.266351298459));
#1115 = CARTESIAN_POINT('',(2.927073628879,-0.433150762249,
    1.266351298459));
#1116 = CARTESIAN_POINT('',(2.910555534032,-0.473028970852,
    1.266351298459));
#1117 = CARTESIAN_POINT('',(2.894147199199,-0.512642195341,
    1.266351298459));
#1118 = CARTESIAN_POINT('',(2.87784862438,-0.551990435718,1.266351298459
    ));
#1119 = CARTESIAN_POINT('',(2.861659809574,-0.591073691981,
    1.266351298459));
#1120 = CARTESIAN_POINT('',(2.845580754781,-0.629891964132,
    1.266351298459));
#1121 = CARTESIAN_POINT('',(2.829611460002,-0.66844525217,1.266351298459
    ));
#1122 = CARTESIAN_POINT('',(2.813751925236,-0.706733556095,
    1.266351298459));
#1123 = CARTESIAN_POINT('',(2.428353088013,-1.637168655841,
    1.266351298459));
#1124 = CARTESIAN_POINT('',(1.566325343396,-2.342881144812,
    1.266351323603));
#1125 = CARTESIAN_POINT('',(0.303785769283,-2.535487417582,
    1.266351246695));
#1126 = CARTESIAN_POINT('',(-0.926753241252,-1.951550860572,
    1.266351354839));
#1127 = CARTESIAN_POINT('',(-1.793910530243,-0.825355168884,
    1.266351274683));
#1128 = CARTESIAN_POINT('',(-1.793910530246,0.825355168885,
    1.266351274688));
#1129 = CARTESIAN_POINT('',(-0.926753241249,1.951550860571,
    1.266351354836));
#1130 = CARTESIAN_POINT('',(0.303785769281,2.535487417583,1.266351246697
    ));
#1131 = CARTESIAN_POINT('',(1.566325343396,2.342881144811,1.266351323602
    ));
#1132 = CARTESIAN_POINT('',(2.428353088013,1.637168655841,1.266351298459
    ));
#1133 = CARTESIAN_POINT('',(2.813751925236,0.706733556095,1.266351298459
    ));
#1134 = CARTESIAN_POINT('',(2.829611460002,0.66844525217,1.266351298459)
  );
#1135 = CARTESIAN_POINT('',(2.845580754781,0.629891964132,1.266351298459
    ));
#1136 = CARTESIAN_POINT('',(2.861659809574,0.591073691981,1.266351298459
    ));
#1137 = CARTESIAN_POINT('',(2.87784862438,0.551990435718,1.266351298459)
  );
#1138 = CARTESIAN_POINT('',(2.8941471992,0.512642195341,1.266351298459)
  );
#1139 = CARTESIAN_POINT('',(2.910555534032,0.473028970852,1.266351298459
    ));
#1140 = CARTESIAN_POINT('',(2.927073628879,0.433150762249,1.266351298459
    ));
#1141 = CARTESIAN_POINT('',(2.943701483738,0.393007569534,1.266351298459
    ));
#1142 = CARTESIAN_POINT('',(2.960439098611,0.352599392706,1.266351298459
    ));
#1143 = CARTESIAN_POINT('',(2.977286473498,0.311926231765,1.266351298459
    ));
#1144 = ORIENTED_EDGE('',*,*,#1145,.F.);
#1145 = EDGE_CURVE('',#962,#1109,#1146,.T.);
#1146 = B_SPLINE_CURVE_WITH_KNOTS('',5,(#1147,#1148,#1149,#1150,#1151,
    #1152,#1153,#1154,#1155,#1156),.UNSPECIFIED.,.F.,.F.,(6,4,6),(0.,0.5
    ,1.),.UNSPECIFIED.);
#1147 = CARTESIAN_POINT('',(2.847759065023,0.76536686473,1.094848017031)
  );
#1148 = CARTESIAN_POINT('',(2.847759064388,0.765366864467,1.11285288071)
  );
#1149 = CARTESIAN_POINT('',(2.84651128182,0.764850016005,1.131043526198)
  );
#1150 = CARTESIAN_POINT('',(2.843963389687,0.763794644528,1.149227910816
    ));
#1151 = CARTESIAN_POINT('',(2.840115953026,0.762200984082,1.167189076109
    ));
#1152 = CARTESIAN_POINT('',(2.829938885932,0.757985504867,1.202267625854
    ));
#1153 = CARTESIAN_POINT('',(2.823609233099,0.755363676818,1.21938508752)
  );
#1154 = CARTESIAN_POINT('',(2.816095436326,0.75225136029,1.235881564449)
  );
#1155 = CARTESIAN_POINT('',(2.807511621058,0.748695827589,1.251578697295
    ));
#1156 = CARTESIAN_POINT('',(2.798002150484,0.744756875906,1.266351298459
    ));
#1157 = ORIENTED_EDGE('',*,*,#959,.F.);
#1158 = ( BOUNDED_SURFACE() B_SPLINE_SURFACE(2,11,(
    (#1159,#1160,#1161,#1162,#1163,#1164,#1165,#1166,#1167,#1168,#1169
      ,#1170,#1171,#1172,#1173,#1174,#1175,#1176,#1177,#1178,#1179,#1180
      ,#1181,#1182,#1183,#1184,#1185,#1186,#1187,#1188,#1189,#1190)
    ,(#1191,#1192,#1193,#1194,#1195,#1196,#1197,#1198,#1199,#1200,#1201
      ,#1202,#1203,#1204,#1205,#1206,#1207,#1208,#1209,#1210,#1211,#1212
      ,#1213,#1214,#1215,#1216,#1217,#1218,#1219,#1220,#1221,#1222)
    ,(#1223,#1224,#1225,#1226,#1227,#1228,#1229,#1230,#1231,#1232,#1233
      ,#1234,#1235,#1236,#1237,#1238,#1239,#1240,#1241,#1242,#1243,#1244
      ,#1245,#1246,#1247,#1248,#1249,#1250,#1251,#1252,#1253,#1254
)),.UNSPECIFIED.,.F.,.F.,.F.) B_SPLINE_SURFACE_WITH_KNOTS((3,3),(12,10,
    10,12),(0.,10.995574287564),(-0.468492513267,5.533303661371E-15,
    10.995574287564,11.464066800831),.UNSPECIFIED.) 
GEOMETRIC_REPRESENTATION_ITEM() RATIONAL_B_SPLINE_SURFACE((
    (1.,1.,1.,1.,1.,1.,1.,1.,1.,1.,1.,1.,1.,1.,1.,1.,1.,1.,1.,1.,1.,1.
      ,1.,1.,1.,1.,1.,1.,1.,1.,1.,1.)
    ,(0.954064553889,0.954064553889,0.954064553889,0.954064553889
      ,0.954064553889,0.954064553889,0.954064553889,0.954064553889
      ,0.954064553889,0.954064553889,0.954064553889,0.954064553889
      ,0.954064495284,0.954064674542,0.954064422481,0.9540646093
      ,0.954064609304,0.954064422478,0.954064674543,0.954064495283
      ,0.954064553889,0.954064553889,0.954064553889,0.954064553889
      ,0.954064553889,0.954064553889,0.954064553889,0.954064553889
      ,0.954064553889,0.954064553889,0.954064553889,0.954064553889)
    ,(1.,1.,1.,1.,1.,1.,1.,1.,1.,1.,1.,1.,1.,1.,1.,1.,1.,1.,1.,1.,1.,1.
,1.,1.,1.,1.,1.,1.,1.,1.,1.,1.))) REPRESENTATION_ITEM('') SURFACE() );
#1159 = CARTESIAN_POINT('',(3.027043388037,-0.332536220588,
    1.094848017031));
#1160 = CARTESIAN_POINT('',(3.010631863684,-0.372157145261,
    1.094848017031));
#1161 = CARTESIAN_POINT('',(2.994242929237,-0.411723533074,
    1.094848017031));
#1162 = CARTESIAN_POINT('',(2.977876584698,-0.451235384028,
    1.094848017031));
#1163 = CARTESIAN_POINT('',(2.961532830065,-0.490692698123,
    1.094848017031));
#1164 = CARTESIAN_POINT('',(2.945211665339,-0.530095475358,
    1.094848017031));
#1165 = CARTESIAN_POINT('',(2.928913090519,-0.569443715735,
    1.094848017031));
#1166 = CARTESIAN_POINT('',(2.912637105606,-0.608737419252,
    1.094848017031));
#1167 = CARTESIAN_POINT('',(2.8963837106,-0.64797658591,1.094848017031)
  );
#1168 = CARTESIAN_POINT('',(2.880152905501,-0.68716121571,1.094848017031
    ));
#1169 = CARTESIAN_POINT('',(2.863944690308,-0.726291308649,
    1.094848017031));
#1170 = CARTESIAN_POINT('',(2.467880539364,-1.68247475343,1.094848017031
    ));
#1171 = CARTESIAN_POINT('',(1.582069001996,-2.40755897959,1.094847945877
    ));
#1172 = CARTESIAN_POINT('',(0.28468400956,-2.605971283044,1.094848163517
    ));
#1173 = CARTESIAN_POINT('',(-0.980593039023,-2.005408000321,
    1.094847857485));
#1174 = CARTESIAN_POINT('',(-1.870922646799,-0.847888767919,
    1.094848084307));
#1175 = CARTESIAN_POINT('',(-1.870922646804,0.847888767919,
    1.094848084311));
#1176 = CARTESIAN_POINT('',(-0.98059303902,2.00540800032,1.094847857482)
  );
#1177 = CARTESIAN_POINT('',(0.284684009557,2.605971283045,1.094848163519
    ));
#1178 = CARTESIAN_POINT('',(1.582069001997,2.407558979589,1.094847945877
    ));
#1179 = CARTESIAN_POINT('',(2.467880539364,1.68247475343,1.094848017031)
  );
#1180 = CARTESIAN_POINT('',(2.863944690308,0.726291308649,1.094848017031
    ));
#1181 = CARTESIAN_POINT('',(2.880152905501,0.68716121571,1.094848017031)
  );
#1182 = CARTESIAN_POINT('',(2.8963837106,0.64797658591,1.094848017031));
#1183 = CARTESIAN_POINT('',(2.912637105607,0.608737419252,1.094848017031
    ));
#1184 = CARTESIAN_POINT('',(2.928913090519,0.569443715735,1.094848017031
    ));
#1185 = CARTESIAN_POINT('',(2.945211665339,0.530095475358,1.094848017031
    ));
#1186 = CARTESIAN_POINT('',(2.961532830065,0.490692698123,1.094848017031
    ));
#1187 = CARTESIAN_POINT('',(2.977876584698,0.451235384028,1.094848017031
    ));
#1188 = CARTESIAN_POINT('',(2.994242929237,0.411723533074,1.094848017031
    ));
#1189 = CARTESIAN_POINT('',(3.010631863684,0.372157145261,1.094848017031
    ));
#1190 = CARTESIAN_POINT('',(3.027043388037,0.332536220588,1.094848017031
    ));
#1191 = CARTESIAN_POINT('',(3.027043388037,-0.332536220588,
    1.189055828844));
#1192 = CARTESIAN_POINT('',(3.010631863684,-0.372157145261,
    1.189055828844));
#1193 = CARTESIAN_POINT('',(2.994242929237,-0.411723533074,
    1.189055828844));
#1194 = CARTESIAN_POINT('',(2.977876584698,-0.451235384028,
    1.189055828844));
#1195 = CARTESIAN_POINT('',(2.961532830065,-0.490692698123,
    1.189055828844));
#1196 = CARTESIAN_POINT('',(2.945211665339,-0.530095475358,
    1.189055828844));
#1197 = CARTESIAN_POINT('',(2.928913090519,-0.569443715735,
    1.189055828844));
#1198 = CARTESIAN_POINT('',(2.912637105606,-0.608737419252,
    1.189055828844));
#1199 = CARTESIAN_POINT('',(2.8963837106,-0.64797658591,1.189055828844)
  );
#1200 = CARTESIAN_POINT('',(2.880152905501,-0.68716121571,1.189055828844
    ));
#1201 = CARTESIAN_POINT('',(2.863944690308,-0.726291308649,
    1.189055828844));
#1202 = CARTESIAN_POINT('',(2.467880539364,-1.68247475343,1.189055828844
    ));
#1203 = CARTESIAN_POINT('',(1.58206898013,-2.407559101995,1.189055822161
    ));
#1204 = CARTESIAN_POINT('',(0.284684199322,-2.605970766175,
    1.189055842604));
#1205 = CARTESIAN_POINT('',(-0.980593382664,-2.005409013611,
    1.189055813858));
#1206 = CARTESIAN_POINT('',(-1.870922454898,-0.847887430066,
    1.189055835164));
#1207 = CARTESIAN_POINT('',(-1.870922454891,0.847887430064,
    1.189055835164));
#1208 = CARTESIAN_POINT('',(-0.980593382667,2.005409013615,
    1.189055813858));
#1209 = CARTESIAN_POINT('',(0.284684199321,2.605970766172,1.189055842604
    ));
#1210 = CARTESIAN_POINT('',(1.582068980131,2.407559101996,1.189055822161
    ));
#1211 = CARTESIAN_POINT('',(2.467880539364,1.68247475343,1.189055828844)
  );
#1212 = CARTESIAN_POINT('',(2.863944690308,0.726291308649,1.189055828844
    ));
#1213 = CARTESIAN_POINT('',(2.880152905501,0.68716121571,1.189055828844)
  );
#1214 = CARTESIAN_POINT('',(2.8963837106,0.647976585911,1.189055828844)
  );
#1215 = CARTESIAN_POINT('',(2.912637105607,0.608737419252,1.189055828844
    ));
#1216 = CARTESIAN_POINT('',(2.928913090519,0.569443715735,1.189055828844
    ));
#1217 = CARTESIAN_POINT('',(2.945211665339,0.530095475358,1.189055828844
    ));
#1218 = CARTESIAN_POINT('',(2.961532830065,0.490692698123,1.189055828844
    ));
#1219 = CARTESIAN_POINT('',(2.977876584698,0.451235384028,1.189055828844
    ));
#1220 = CARTESIAN_POINT('',(2.994242929238,0.411723533074,1.189055828844
    ));
#1221 = CARTESIAN_POINT('',(3.010631863684,0.372157145261,1.189055828844
    ));
#1222 = CARTESIAN_POINT('',(3.027043388037,0.332536220588,1.189055828844
    ));
#1223 = CARTESIAN_POINT('',(2.977286473498,-0.311926231764,
    1.266351298459));
#1224 = CARTESIAN_POINT('',(2.960439098611,-0.352599392706,
    1.266351298459));
#1225 = CARTESIAN_POINT('',(2.943701483738,-0.393007569534,
    1.266351298459));
#1226 = CARTESIAN_POINT('',(2.927073628879,-0.433150762249,
    1.266351298459));
#1227 = CARTESIAN_POINT('',(2.910555534032,-0.473028970852,
    1.266351298459));
#1228 = CARTESIAN_POINT('',(2.894147199199,-0.512642195341,
    1.266351298459));
#1229 = CARTESIAN_POINT('',(2.87784862438,-0.551990435718,1.266351298459
    ));
#1230 = CARTESIAN_POINT('',(2.861659809574,-0.591073691981,
    1.266351298459));
#1231 = CARTESIAN_POINT('',(2.845580754781,-0.629891964132,
    1.266351298459));
#1232 = CARTESIAN_POINT('',(2.829611460002,-0.66844525217,1.266351298459
    ));
#1233 = CARTESIAN_POINT('',(2.813751925236,-0.706733556095,
    1.266351298459));
#1234 = CARTESIAN_POINT('',(2.428353088013,-1.637168655841,
    1.266351298459));
#1235 = CARTESIAN_POINT('',(1.566325343396,-2.342881144812,
    1.266351323603));
#1236 = CARTESIAN_POINT('',(0.303785769283,-2.535487417582,
    1.266351246695));
#1237 = CARTESIAN_POINT('',(-0.926753241252,-1.951550860572,
    1.266351354839));
#1238 = CARTESIAN_POINT('',(-1.793910530243,-0.825355168884,
    1.266351274683));
#1239 = CARTESIAN_POINT('',(-1.793910530246,0.825355168885,
    1.266351274688));
#1240 = CARTESIAN_POINT('',(-0.926753241249,1.951550860571,
    1.266351354836));
#1241 = CARTESIAN_POINT('',(0.303785769281,2.535487417583,1.266351246697
    ));
#1242 = CARTESIAN_POINT('',(1.566325343396,2.342881144811,1.266351323602
    ));
#1243 = CARTESIAN_POINT('',(2.428353088013,1.637168655841,1.266351298459
    ));
#1244 = CARTESIAN_POINT('',(2.813751925236,0.706733556095,1.266351298459
    ));
#1245 = CARTESIAN_POINT('',(2.829611460002,0.66844525217,1.266351298459)
  );
#1246 = CARTESIAN_POINT('',(2.845580754781,0.629891964132,1.266351298459
    ));
#1247 = CARTESIAN_POINT('',(2.861659809574,0.591073691981,1.266351298459
    ));
#1248 = CARTESIAN_POINT('',(2.87784862438,0.551990435718,1.266351298459)
  );
#1249 = CARTESIAN_POINT('',(2.8941471992,0.512642195341,1.266351298459)
  );
#1250 = CARTESIAN_POINT('',(2.910555534032,0.473028970852,1.266351298459
    ));
#1251 = CARTESIAN_POINT('',(2.927073628879,0.433150762249,1.266351298459
    ));
#1252 = CARTESIAN_POINT('',(2.943701483738,0.393007569534,1.266351298459
    ));
#1253 = CARTESIAN_POINT('',(2.960439098611,0.352599392706,1.266351298459
    ));
#1254 = CARTESIAN_POINT('',(2.977286473498,0.311926231765,1.266351298459
    ));
#1255 = ADVANCED_FACE('',(#1256),#1298,.T.);
#1256 = FACE_BOUND('',#1257,.T.);
#1257 = EDGE_LOOP('',(#1258,#1259,#1260,#1276,#1286));
#1258 = ORIENTED_EDGE('',*,*,#1071,.F.);
#1259 = ORIENTED_EDGE('',*,*,#1145,.T.);
#1260 = ORIENTED_EDGE('',*,*,#1261,.T.);
#1261 = EDGE_CURVE('',#1109,#1262,#1264,.T.);
#1262 = VERTEX_POINT('',#1263);
#1263 = CARTESIAN_POINT('',(2.930014330522,0.25,1.266351298459));
#1264 = B_SPLINE_CURVE_WITH_KNOTS('',4,(#1265,#1266,#1267,#1268,#1269,
    #1270,#1271,#1272,#1273,#1274,#1275),.UNSPECIFIED.,.F.,.F.,(5,3,3,5)
  ,(-9.553077572578E-02,-1.07974614468E-07,1.570796434769,1.666326955105
    ),.UNSPECIFIED.);
#1265 = CARTESIAN_POINT('',(2.761444147266,0.833015703271,1.266351298459
    ));
#1266 = CARTESIAN_POINT('',(2.770829761858,0.810356825185,1.266351298459
    ));
#1267 = CARTESIAN_POINT('',(2.780051300683,0.788094061041,1.266351298459
    ));
#1268 = CARTESIAN_POINT('',(2.789108763741,0.76622741084,1.266351298459)
  );
#1269 = CARTESIAN_POINT('',(2.944234793798,0.39172004442,1.266351298459)
  );
#1270 = CARTESIAN_POINT('',(2.998066229427,5.781419734063E-07,
    1.266351298459));
#1271 = CARTESIAN_POINT('',(2.944235078699,-0.391719356608,
    1.266351298459));
#1272 = CARTESIAN_POINT('',(2.789108760138,-0.766227419539,
    1.266351298459));
#1273 = CARTESIAN_POINT('',(2.780051295879,-0.78809407264,1.266351298459
    ));
#1274 = CARTESIAN_POINT('',(2.770829758255,-0.810356833884,
    1.266351298459));
#1275 = CARTESIAN_POINT('',(2.761444147266,-0.833015703271,
    1.266351298459));
#1276 = ORIENTED_EDGE('',*,*,#1277,.T.);
#1277 = EDGE_CURVE('',#1262,#1278,#1280,.T.);
#1278 = VERTEX_POINT('',#1279);
#1279 = CARTESIAN_POINT('',(2.941329867846,0.25,1.249));
#1280 = B_SPLINE_CURVE_WITH_KNOTS('',4,(#1281,#1282,#1283,#1284,#1285),
  .UNSPECIFIED.,.F.,.F.,(5,5),(0.,1.),.PIECEWISE_BEZIER_KNOTS.);
#1281 = CARTESIAN_POINT('',(2.930014330522,0.25,1.266351298459));
#1282 = CARTESIAN_POINT('',(2.932979817693,0.25,1.262130461995));
#1283 = CARTESIAN_POINT('',(2.935857279027,0.25,1.257829031201));
#1284 = CARTESIAN_POINT('',(2.938642046356,0.25,1.253450720235));
#1285 = CARTESIAN_POINT('',(2.941329867846,0.25,1.249));
#1286 = ORIENTED_EDGE('',*,*,#1287,.T.);
#1287 = EDGE_CURVE('',#1278,#1020,#1288,.T.);
#1288 = B_SPLINE_CURVE_WITH_KNOTS('',8,(#1289,#1290,#1291,#1292,#1293,
    #1294,#1295,#1296,#1297),.UNSPECIFIED.,.F.,.F.,(9,9),(0.,1.),
  .PIECEWISE_BEZIER_KNOTS.);
#1289 = CARTESIAN_POINT('',(2.941329867846,0.25,1.249));
#1290 = CARTESIAN_POINT('',(2.952358025067,0.25,1.230738651082));
#1291 = CARTESIAN_POINT('',(2.962018200884,0.248469313299,1.211707761376
    ));
#1292 = CARTESIAN_POINT('',(2.970254260307,0.245182932707,1.192117359562
    ));
#1293 = CARTESIAN_POINT('',(2.977033982846,0.239945047704,1.172209032942
    ));
#1294 = CARTESIAN_POINT('',(2.982358413097,0.232603463976,1.152249001793
    ));
#1295 = CARTESIAN_POINT('',(2.986275298918,0.223019291246,1.1325204691)
  );
#1296 = CARTESIAN_POINT('',(2.988879038589,0.211087334094,1.113294313604
    ));
#1297 = CARTESIAN_POINT('',(2.990315371916,0.196545815978,1.094848017031
    ));
#1298 = ( BOUNDED_SURFACE() B_SPLINE_SURFACE(2,4,(
    (#1299,#1300,#1301,#1302,#1303,#1304,#1305,#1306,#1307,#1308,#1309)
    ,(#1310,#1311,#1312,#1313,#1314,#1315,#1316,#1317,#1318,#1319,#1320)
    ,(#1321,#1322,#1323,#1324,#1325,#1326,#1327,#1328,#1329,#1330,#1331
)),.UNSPECIFIED.,.F.,.F.,.F.) B_SPLINE_SURFACE_WITH_KNOTS((3,3),(5,3,3,5
    ),(0.,1.570796542744),(-9.553077572578E-02,-1.07974614468E-07,
    1.570796434769,1.666326955105),.UNSPECIFIED.) 
GEOMETRIC_REPRESENTATION_ITEM() RATIONAL_B_SPLINE_SURFACE((
    (1.,1.,1.,1.,1.,1.,1.,1.,1.,1.,1.)
    ,(0.954064553889,0.954064553889,0.954064553889,0.954064553889
      ,0.954064553889,0.954064553889,0.954064553889,0.954064553889
      ,0.954064553889,0.954064553889,0.954064553889)
,(1.,1.,1.,1.,1.,1.,1.,1.,1.,1.,1.
  ))) REPRESENTATION_ITEM('') SURFACE() );
#1299 = CARTESIAN_POINT('',(2.811201060562,0.853625694727,1.094848017031
    ));
#1300 = CARTESIAN_POINT('',(2.820340564306,0.831560980883,1.094848017031
    ));
#1301 = CARTESIAN_POINT('',(2.829480066203,0.809496271496,1.094848017031
    ));
#1302 = CARTESIAN_POINT('',(2.838619566254,0.787431566566,1.094848017031
    ));
#1303 = CARTESIAN_POINT('',(2.998038472326,0.402560282228,1.094848017031
    ));
#1304 = CARTESIAN_POINT('',(3.053359617628,6.446181634034E-07,
    1.094848017031));
#1305 = CARTESIAN_POINT('',(2.998038749757,-0.402559612452,
    1.094848017031));
#1306 = CARTESIAN_POINT('',(2.838619563485,-0.787431573251,
    1.094848017031));
#1307 = CARTESIAN_POINT('',(2.829480062511,-0.809496280409,
    1.094848017031));
#1308 = CARTESIAN_POINT('',(2.820340561537,-0.831560987568,
    1.094848017031));
#1309 = CARTESIAN_POINT('',(2.811201060562,-0.853625694727,
    1.094848017031));
#1310 = CARTESIAN_POINT('',(2.811201060562,0.853625694727,1.189055828844
    ));
#1311 = CARTESIAN_POINT('',(2.820340564306,0.831560980883,1.189055828844
    ));
#1312 = CARTESIAN_POINT('',(2.829480066203,0.809496271496,1.189055828844
    ));
#1313 = CARTESIAN_POINT('',(2.838619566254,0.787431566566,1.189055828844
    ));
#1314 = CARTESIAN_POINT('',(2.998038472327,0.402560282228,1.189055828844
    ));
#1315 = CARTESIAN_POINT('',(3.053359617628,6.446181536335E-07,
    1.189055828844));
#1316 = CARTESIAN_POINT('',(2.998038749757,-0.402559612452,
    1.189055828844));
#1317 = CARTESIAN_POINT('',(2.838619563485,-0.787431573251,
    1.189055828844));
#1318 = CARTESIAN_POINT('',(2.829480062511,-0.809496280409,
    1.189055828844));
#1319 = CARTESIAN_POINT('',(2.820340561537,-0.831560987568,
    1.189055828844));
#1320 = CARTESIAN_POINT('',(2.811201060562,-0.853625694727,
    1.189055828844));
#1321 = CARTESIAN_POINT('',(2.761444147266,0.833015703271,1.266351298459
    ));
#1322 = CARTESIAN_POINT('',(2.770829761858,0.810356825185,1.266351298459
    ));
#1323 = CARTESIAN_POINT('',(2.780051300683,0.788094061041,1.266351298459
    ));
#1324 = CARTESIAN_POINT('',(2.789108763741,0.76622741084,1.266351298459)
  );
#1325 = CARTESIAN_POINT('',(2.944234793798,0.39172004442,1.266351298459)
  );
#1326 = CARTESIAN_POINT('',(2.998066229427,5.781419734063E-07,
    1.266351298459));
#1327 = CARTESIAN_POINT('',(2.944235078699,-0.391719356608,
    1.266351298459));
#1328 = CARTESIAN_POINT('',(2.789108760138,-0.766227419539,
    1.266351298459));
#1329 = CARTESIAN_POINT('',(2.780051295879,-0.78809407264,1.266351298459
    ));
#1330 = CARTESIAN_POINT('',(2.770829758255,-0.810356833884,
    1.266351298459));
#1331 = CARTESIAN_POINT('',(2.761444147266,-0.833015703271,
    1.266351298459));
#1332 = ADVANCED_FACE('',(#1333),#1352,.T.);
#1333 = FACE_BOUND('',#1334,.T.);
#1334 = EDGE_LOOP('',(#1335,#1336,#1337,#1338));
#1335 = ORIENTED_EDGE('',*,*,#1042,.F.);
#1336 = ORIENTED_EDGE('',*,*,#1033,.T.);
#1337 = ORIENTED_EDGE('',*,*,#1019,.F.);
#1338 = ORIENTED_EDGE('',*,*,#1339,.T.);
#1339 = EDGE_CURVE('',#1020,#1043,#1340,.T.);
#1340 = B_SPLINE_CURVE_WITH_KNOTS('',4,(#1341,#1342,#1343,#1344,#1345,
    #1346,#1347,#1348,#1349,#1350,#1351),.UNSPECIFIED.,.F.,.F.,(5,3,3,5)
  ,(-9.553077572578E-02,-1.07974614468E-07,1.570796434769,1.666326955105
    ),.UNSPECIFIED.);
#1341 = CARTESIAN_POINT('',(2.811201060562,0.853625694727,1.094848017031
    ));
#1342 = CARTESIAN_POINT('',(2.820340564306,0.831560980883,1.094848017031
    ));
#1343 = CARTESIAN_POINT('',(2.829480066203,0.809496271496,1.094848017031
    ));
#1344 = CARTESIAN_POINT('',(2.838619566254,0.787431566566,1.094848017031
    ));
#1345 = CARTESIAN_POINT('',(2.998038472326,0.402560282228,1.094848017031
    ));
#1346 = CARTESIAN_POINT('',(3.053359617628,6.446181634034E-07,
    1.094848017031));
#1347 = CARTESIAN_POINT('',(2.998038749757,-0.402559612452,
    1.094848017031));
#1348 = CARTESIAN_POINT('',(2.838619563485,-0.787431573251,
    1.094848017031));
#1349 = CARTESIAN_POINT('',(2.829480062511,-0.809496280409,
    1.094848017031));
#1350 = CARTESIAN_POINT('',(2.820340561537,-0.831560987568,
    1.094848017031));
#1351 = CARTESIAN_POINT('',(2.811201060562,-0.853625694727,
    1.094848017031));
#1352 = CYLINDRICAL_SURFACE('',#1353,2.);
#1353 = AXIS2_PLACEMENT_3D('',#1354,#1355,#1356);
#1354 = CARTESIAN_POINT('',(1.,0.,0.2));
#1355 = DIRECTION('',(0.,0.,1.));
#1356 = DIRECTION('',(0.923879532511,0.382683432365,-0.));
#1357 = ADVANCED_FACE('',(#1358),#1400,.T.);
#1358 = FACE_BOUND('',#1359,.T.);
#1359 = EDGE_LOOP('',(#1360,#1361,#1375,#1385,#1399));
#1360 = ORIENTED_EDGE('',*,*,#1054,.F.);
#1361 = ORIENTED_EDGE('',*,*,#1362,.F.);
#1362 = EDGE_CURVE('',#1363,#1043,#1365,.T.);
#1363 = VERTEX_POINT('',#1364);
#1364 = CARTESIAN_POINT('',(2.941329861214,-0.25,1.249));
#1365 = B_SPLINE_CURVE_WITH_KNOTS('',8,(#1366,#1367,#1368,#1369,#1370,
    #1371,#1372,#1373,#1374),.UNSPECIFIED.,.F.,.F.,(9,9),(0.,1.),
  .PIECEWISE_BEZIER_KNOTS.);
#1366 = CARTESIAN_POINT('',(2.941329861214,-0.25,1.249));
#1367 = CARTESIAN_POINT('',(2.952358022197,-0.250000000301,
    1.230738644072));
#1368 = CARTESIAN_POINT('',(2.962018158386,-0.248469314381,
    1.211707816557));
#1369 = CARTESIAN_POINT('',(2.97025430723,-0.245182930841,1.192117266936
    ));
#1370 = CARTESIAN_POINT('',(2.977033912979,-0.239945053571,
    1.172209137016));
#1371 = CARTESIAN_POINT('',(2.982358433245,-0.232603463168,
    1.152248952018));
#1372 = CARTESIAN_POINT('',(2.986275280578,-0.223019294382,
    1.132520485002));
#1373 = CARTESIAN_POINT('',(2.988879028497,-0.211087332607,
    1.113294311717));
#1374 = CARTESIAN_POINT('',(2.990315362209,-0.196545815978,
    1.094848017031));
#1375 = ORIENTED_EDGE('',*,*,#1376,.F.);
#1376 = EDGE_CURVE('',#1377,#1363,#1379,.T.);
#1377 = VERTEX_POINT('',#1378);
#1378 = CARTESIAN_POINT('',(2.930014325157,-0.25,1.266351298459));
#1379 = B_SPLINE_CURVE_WITH_KNOTS('',4,(#1380,#1381,#1382,#1383,#1384),
  .UNSPECIFIED.,.F.,.F.,(5,5),(0.,1.),.PIECEWISE_BEZIER_KNOTS.);
#1380 = CARTESIAN_POINT('',(2.930014325157,-0.25,1.266351298459));
#1381 = CARTESIAN_POINT('',(2.932979811997,-0.25,1.262130461993));
#1382 = CARTESIAN_POINT('',(2.935857273008,-0.25,1.257829031199));
#1383 = CARTESIAN_POINT('',(2.938642040025,-0.25,1.253450720234));
#1384 = CARTESIAN_POINT('',(2.941329861214,-0.25,1.249));
#1385 = ORIENTED_EDGE('',*,*,#1386,.T.);
#1386 = EDGE_CURVE('',#1377,#1094,#1387,.T.);
#1387 = B_SPLINE_CURVE_WITH_KNOTS('',4,(#1388,#1389,#1390,#1391,#1392,
    #1393,#1394,#1395,#1396,#1397,#1398),.UNSPECIFIED.,.F.,.F.,(5,3,3,5)
  ,(-9.553077572578E-02,-1.07974614468E-07,1.570796434769,1.666326955105
    ),.UNSPECIFIED.);
#1388 = CARTESIAN_POINT('',(2.761444147266,0.833015703271,1.266351298459
    ));
#1389 = CARTESIAN_POINT('',(2.770829761858,0.810356825185,1.266351298459
    ));
#1390 = CARTESIAN_POINT('',(2.780051300683,0.788094061041,1.266351298459
    ));
#1391 = CARTESIAN_POINT('',(2.789108763741,0.76622741084,1.266351298459)
  );
#1392 = CARTESIAN_POINT('',(2.944234793798,0.39172004442,1.266351298459)
  );
#1393 = CARTESIAN_POINT('',(2.998066229427,5.781419734063E-07,
    1.266351298459));
#1394 = CARTESIAN_POINT('',(2.944235078699,-0.391719356608,
    1.266351298459));
#1395 = CARTESIAN_POINT('',(2.789108760138,-0.766227419539,
    1.266351298459));
#1396 = CARTESIAN_POINT('',(2.780051295879,-0.78809407264,1.266351298459
    ));
#1397 = CARTESIAN_POINT('',(2.770829758255,-0.810356833884,
    1.266351298459));
#1398 = CARTESIAN_POINT('',(2.761444147266,-0.833015703271,
    1.266351298459));
#1399 = ORIENTED_EDGE('',*,*,#1093,.F.);
#1400 = ( BOUNDED_SURFACE() B_SPLINE_SURFACE(2,4,(
    (#1401,#1402,#1403,#1404,#1405,#1406,#1407,#1408,#1409,#1410,#1411)
    ,(#1412,#1413,#1414,#1415,#1416,#1417,#1418,#1419,#1420,#1421,#1422)
    ,(#1423,#1424,#1425,#1426,#1427,#1428,#1429,#1430,#1431,#1432,#1433
)),.UNSPECIFIED.,.F.,.F.,.F.) B_SPLINE_SURFACE_WITH_KNOTS((3,3),(5,3,3,5
    ),(0.,1.570796542744),(-9.553077572578E-02,-1.07974614468E-07,
    1.570796434769,1.666326955105),.UNSPECIFIED.) 
GEOMETRIC_REPRESENTATION_ITEM() RATIONAL_B_SPLINE_SURFACE((
    (1.,1.,1.,1.,1.,1.,1.,1.,1.,1.,1.)
    ,(0.954064553889,0.954064553889,0.954064553889,0.954064553889
      ,0.954064553889,0.954064553889,0.954064553889,0.954064553889
      ,0.954064553889,0.954064553889,0.954064553889)
,(1.,1.,1.,1.,1.,1.,1.,1.,1.,1.,1.
  ))) REPRESENTATION_ITEM('') SURFACE() );
#1401 = CARTESIAN_POINT('',(2.811201060562,0.853625694727,1.094848017031
    ));
#1402 = CARTESIAN_POINT('',(2.820340564306,0.831560980883,1.094848017031
    ));
#1403 = CARTESIAN_POINT('',(2.829480066203,0.809496271496,1.094848017031
    ));
#1404 = CARTESIAN_POINT('',(2.838619566254,0.787431566566,1.094848017031
    ));
#1405 = CARTESIAN_POINT('',(2.998038472326,0.402560282228,1.094848017031
    ));
#1406 = CARTESIAN_POINT('',(3.053359617628,6.446181634034E-07,
    1.094848017031));
#1407 = CARTESIAN_POINT('',(2.998038749757,-0.402559612452,
    1.094848017031));
#1408 = CARTESIAN_POINT('',(2.838619563485,-0.787431573251,
    1.094848017031));
#1409 = CARTESIAN_POINT('',(2.829480062511,-0.809496280409,
    1.094848017031));
#1410 = CARTESIAN_POINT('',(2.820340561537,-0.831560987568,
    1.094848017031));
#1411 = CARTESIAN_POINT('',(2.811201060562,-0.853625694727,
    1.094848017031));
#1412 = CARTESIAN_POINT('',(2.811201060562,0.853625694727,1.189055828844
    ));
#1413 = CARTESIAN_POINT('',(2.820340564306,0.831560980883,1.189055828844
    ));
#1414 = CARTESIAN_POINT('',(2.829480066203,0.809496271496,1.189055828844
    ));
#1415 = CARTESIAN_POINT('',(2.838619566254,0.787431566566,1.189055828844
    ));
#1416 = CARTESIAN_POINT('',(2.998038472327,0.402560282228,1.189055828844
    ));
#1417 = CARTESIAN_POINT('',(3.053359617628,6.446181536335E-07,
    1.189055828844));
#1418 = CARTESIAN_POINT('',(2.998038749757,-0.402559612452,
    1.189055828844));
#1419 = CARTESIAN_POINT('',(2.838619563485,-0.787431573251,
    1.189055828844));
#1420 = CARTESIAN_POINT('',(2.829480062511,-0.809496280409,
    1.189055828844));
#1421 = CARTESIAN_POINT('',(2.820340561537,-0.831560987568,
    1.189055828844));
#1422 = CARTESIAN_POINT('',(2.811201060562,-0.853625694727,
    1.189055828844));
#1423 = CARTESIAN_POINT('',(2.761444147266,0.833015703271,1.266351298459
    ));
#1424 = CARTESIAN_POINT('',(2.770829761858,0.810356825185,1.266351298459
    ));
#1425 = CARTESIAN_POINT('',(2.780051300683,0.788094061041,1.266351298459
    ));
#1426 = CARTESIAN_POINT('',(2.789108763741,0.76622741084,1.266351298459)
  );
#1427 = CARTESIAN_POINT('',(2.944234793798,0.39172004442,1.266351298459)
  );
#1428 = CARTESIAN_POINT('',(2.998066229427,5.781419734063E-07,
    1.266351298459));
#1429 = CARTESIAN_POINT('',(2.944235078699,-0.391719356608,
    1.266351298459));
#1430 = CARTESIAN_POINT('',(2.789108760138,-0.766227419539,
    1.266351298459));
#1431 = CARTESIAN_POINT('',(2.780051295879,-0.78809407264,1.266351298459
    ));
#1432 = CARTESIAN_POINT('',(2.770829758255,-0.810356833884,
    1.266351298459));
#1433 = CARTESIAN_POINT('',(2.761444147266,-0.833015703271,
    1.266351298459));
#1434 = ADVANCED_FACE('',(#1435),#1491,.F.);
#1435 = FACE_BOUND('',#1436,.F.);
#1436 = EDGE_LOOP('',(#1437,#1446,#1447,#1456));
#1437 = ORIENTED_EDGE('',*,*,#1438,.F.);
#1438 = EDGE_CURVE('',#1094,#1439,#1441,.T.);
#1439 = VERTEX_POINT('',#1440);
#1440 = CARTESIAN_POINT('',(2.798002150484,-0.744756875906,
    1.933648701541));
#1441 = CIRCLE('',#1442,0.583630876496);
#1442 = AXIS2_PLACEMENT_3D('',#1443,#1444,#1445);
#1443 = CARTESIAN_POINT('',(3.24040786634,-0.928007323485,1.6));
#1444 = DIRECTION('',(0.382683432365,0.923879532511,0.));
#1445 = DIRECTION('',(-0.672769068824,0.278670072652,-0.685364699005));
#1446 = ORIENTED_EDGE('',*,*,#1108,.T.);
#1447 = ORIENTED_EDGE('',*,*,#1448,.T.);
#1448 = EDGE_CURVE('',#1109,#1449,#1451,.T.);
#1449 = VERTEX_POINT('',#1450);
#1450 = CARTESIAN_POINT('',(2.798002150484,0.744756875906,1.933648701541
    ));
#1451 = CIRCLE('',#1452,0.583630876496);
#1452 = AXIS2_PLACEMENT_3D('',#1453,#1454,#1455);
#1453 = CARTESIAN_POINT('',(3.24040786634,0.928007323485,1.6));
#1454 = DIRECTION('',(-0.382683432365,0.923879532511,0.));
#1455 = DIRECTION('',(-0.672769068824,-0.278670072652,-0.685364699005));
#1456 = ORIENTED_EDGE('',*,*,#1457,.F.);
#1457 = EDGE_CURVE('',#1439,#1449,#1458,.T.);
#1458 = B_SPLINE_CURVE_WITH_KNOTS('',11,(#1459,#1460,#1461,#1462,#1463,
    #1464,#1465,#1466,#1467,#1468,#1469,#1470,#1471,#1472,#1473,#1474,
    #1475,#1476,#1477,#1478,#1479,#1480,#1481,#1482,#1483,#1484,#1485,
    #1486,#1487,#1488,#1489,#1490),.UNSPECIFIED.,.F.,.F.,(12,10,10,12),(
    -0.468492513267,5.091285976473E-15,10.995574287564,11.464066800831),
  .UNSPECIFIED.);
#1459 = CARTESIAN_POINT('',(2.977286473498,-0.311926231765,
    1.933648701541));
#1460 = CARTESIAN_POINT('',(2.960439098611,-0.352599392706,
    1.933648701541));
#1461 = CARTESIAN_POINT('',(2.943701483738,-0.393007569534,
    1.933648701541));
#1462 = CARTESIAN_POINT('',(2.927073628879,-0.433150762249,
    1.933648701541));
#1463 = CARTESIAN_POINT('',(2.910555534032,-0.473028970852,
    1.933648701541));
#1464 = CARTESIAN_POINT('',(2.8941471992,-0.512642195341,1.933648701541)
  );
#1465 = CARTESIAN_POINT('',(2.87784862438,-0.551990435718,1.933648701541
    ));
#1466 = CARTESIAN_POINT('',(2.861659809574,-0.591073691981,
    1.933648701541));
#1467 = CARTESIAN_POINT('',(2.845580754781,-0.629891964132,
    1.933648701541));
#1468 = CARTESIAN_POINT('',(2.829611460002,-0.66844525217,1.933648701541
    ));
#1469 = CARTESIAN_POINT('',(2.813751925236,-0.706733556095,
    1.933648701541));
#1470 = CARTESIAN_POINT('',(2.428353088013,-1.637168655841,
    1.933648701541));
#1471 = CARTESIAN_POINT('',(1.566325343396,-2.342881144811,
    1.933648676398));
#1472 = CARTESIAN_POINT('',(0.303785769281,-2.535487417583,
    1.933648753304));
#1473 = CARTESIAN_POINT('',(-0.926753241249,-1.951550860571,
    1.933648645162));
#1474 = CARTESIAN_POINT('',(-1.793910530247,-0.825355168886,
    1.933648725315));
#1475 = CARTESIAN_POINT('',(-1.793910530243,0.825355168886,
    1.933648725313));
#1476 = CARTESIAN_POINT('',(-0.926753241251,1.95155086057,1.933648645164
    ));
#1477 = CARTESIAN_POINT('',(0.303785769282,2.535487417583,1.933648753303
    ));
#1478 = CARTESIAN_POINT('',(1.566325343396,2.342881144811,1.933648676398
    ));
#1479 = CARTESIAN_POINT('',(2.428353088013,1.637168655841,1.933648701541
    ));
#1480 = CARTESIAN_POINT('',(2.813751925236,0.706733556095,1.933648701541
    ));
#1481 = CARTESIAN_POINT('',(2.829611460002,0.66844525217,1.933648701541)
  );
#1482 = CARTESIAN_POINT('',(2.845580754781,0.629891964132,1.933648701541
    ));
#1483 = CARTESIAN_POINT('',(2.861659809574,0.591073691981,1.933648701541
    ));
#1484 = CARTESIAN_POINT('',(2.87784862438,0.551990435718,1.933648701541)
  );
#1485 = CARTESIAN_POINT('',(2.8941471992,0.512642195341,1.933648701541)
  );
#1486 = CARTESIAN_POINT('',(2.910555534032,0.473028970852,1.933648701541
    ));
#1487 = CARTESIAN_POINT('',(2.927073628879,0.433150762249,1.933648701541
    ));
#1488 = CARTESIAN_POINT('',(2.943701483738,0.393007569534,1.933648701541
    ));
#1489 = CARTESIAN_POINT('',(2.960439098611,0.352599392706,1.933648701541
    ));
#1490 = CARTESIAN_POINT('',(2.977286473498,0.311926231765,1.933648701541
    ));
#1491 = SURFACE_OF_REVOLUTION('',#1492,#1497);
#1492 = CIRCLE('',#1493,0.583630876496);
#1493 = AXIS2_PLACEMENT_3D('',#1494,#1495,#1496);
#1494 = CARTESIAN_POINT('',(3.24040786634,-0.928007323485,1.6));
#1495 = DIRECTION('',(0.382683432365,0.923879532511,2.775557561564E-17)
  );
#1496 = DIRECTION('',(-0.672769068824,0.278670072652,-0.685364699005));
#1497 = AXIS1_PLACEMENT('',#1498,#1499);
#1498 = CARTESIAN_POINT('',(1.,0.,0.));
#1499 = DIRECTION('',(0.,0.,-1.));
#1500 = ADVANCED_FACE('',(#1501),#1522,.T.);
#1501 = FACE_BOUND('',#1502,.T.);
#1502 = EDGE_LOOP('',(#1503,#1504,#1505,#1506,#1520,#1521));
#1503 = ORIENTED_EDGE('',*,*,#1339,.F.);
#1504 = ORIENTED_EDGE('',*,*,#1287,.F.);
#1505 = ORIENTED_EDGE('',*,*,#1277,.F.);
#1506 = ORIENTED_EDGE('',*,*,#1507,.T.);
#1507 = EDGE_CURVE('',#1262,#1377,#1508,.T.);
#1508 = B_SPLINE_CURVE_WITH_KNOTS('',4,(#1509,#1510,#1511,#1512,#1513,
    #1514,#1515,#1516,#1517,#1518,#1519),.UNSPECIFIED.,.F.,.F.,(5,3,3,5)
  ,(-9.553077572578E-02,-1.07974614468E-07,1.570796434769,1.666326955105
    ),.UNSPECIFIED.);
#1509 = CARTESIAN_POINT('',(2.761444147266,0.833015703271,1.266351298459
    ));
#1510 = CARTESIAN_POINT('',(2.770829761858,0.810356825185,1.266351298459
    ));
#1511 = CARTESIAN_POINT('',(2.780051300683,0.788094061041,1.266351298459
    ));
#1512 = CARTESIAN_POINT('',(2.789108763741,0.76622741084,1.266351298459)
  );
#1513 = CARTESIAN_POINT('',(2.944234793798,0.39172004442,1.266351298459)
  );
#1514 = CARTESIAN_POINT('',(2.998066229427,5.781419734063E-07,
    1.266351298459));
#1515 = CARTESIAN_POINT('',(2.944235078699,-0.391719356608,
    1.266351298459));
#1516 = CARTESIAN_POINT('',(2.789108760138,-0.766227419539,
    1.266351298459));
#1517 = CARTESIAN_POINT('',(2.780051295879,-0.78809407264,1.266351298459
    ));
#1518 = CARTESIAN_POINT('',(2.770829758255,-0.810356833884,
    1.266351298459));
#1519 = CARTESIAN_POINT('',(2.761444147266,-0.833015703271,
    1.266351298459));
#1520 = ORIENTED_EDGE('',*,*,#1376,.T.);
#1521 = ORIENTED_EDGE('',*,*,#1362,.T.);
#1522 = ( BOUNDED_SURFACE() B_SPLINE_SURFACE(2,4,(
    (#1523,#1524,#1525,#1526,#1527,#1528,#1529,#1530,#1531,#1532,#1533)
    ,(#1534,#1535,#1536,#1537,#1538,#1539,#1540,#1541,#1542,#1543,#1544)
    ,(#1545,#1546,#1547,#1548,#1549,#1550,#1551,#1552,#1553,#1554,#1555
)),.UNSPECIFIED.,.F.,.F.,.F.) B_SPLINE_SURFACE_WITH_KNOTS((3,3),(5,3,3,5
    ),(0.,1.570796542744),(-9.553077572578E-02,-1.07974614468E-07,
    1.570796434769,1.666326955105),.UNSPECIFIED.) 
GEOMETRIC_REPRESENTATION_ITEM() RATIONAL_B_SPLINE_SURFACE((
    (1.,1.,1.,1.,1.,1.,1.,1.,1.,1.,1.)
    ,(0.954064553889,0.954064553889,0.954064553889,0.954064553889
      ,0.954064553889,0.954064553889,0.954064553889,0.954064553889
      ,0.954064553889,0.954064553889,0.954064553889)
,(1.,1.,1.,1.,1.,1.,1.,1.,1.,1.,1.
  ))) REPRESENTATION_ITEM('') SURFACE() );
#1523 = CARTESIAN_POINT('',(2.811201060562,0.853625694727,1.094848017031
    ));
#1524 = CARTESIAN_POINT('',(2.820340564306,0.831560980883,1.094848017031
    ));
#1525 = CARTESIAN_POINT('',(2.829480066203,0.809496271496,1.094848017031
    ));
#1526 = CARTESIAN_POINT('',(2.838619566254,0.787431566566,1.094848017031
    ));
#1527 = CARTESIAN_POINT('',(2.998038472326,0.402560282228,1.094848017031
    ));
#1528 = CARTESIAN_POINT('',(3.053359617628,6.446181634034E-07,
    1.094848017031));
#1529 = CARTESIAN_POINT('',(2.998038749757,-0.402559612452,
    1.094848017031));
#1530 = CARTESIAN_POINT('',(2.838619563485,-0.787431573251,
    1.094848017031));
#1531 = CARTESIAN_POINT('',(2.829480062511,-0.809496280409,
    1.094848017031));
#1532 = CARTESIAN_POINT('',(2.820340561537,-0.831560987568,
    1.094848017031));
#1533 = CARTESIAN_POINT('',(2.811201060562,-0.853625694727,
    1.094848017031));
#1534 = CARTESIAN_POINT('',(2.811201060562,0.853625694727,1.189055828844
    ));
#1535 = CARTESIAN_POINT('',(2.820340564306,0.831560980883,1.189055828844
    ));
#1536 = CARTESIAN_POINT('',(2.829480066203,0.809496271496,1.189055828844
    ));
#1537 = CARTESIAN_POINT('',(2.838619566254,0.787431566566,1.189055828844
    ));
#1538 = CARTESIAN_POINT('',(2.998038472327,0.402560282228,1.189055828844
    ));
#1539 = CARTESIAN_POINT('',(3.053359617628,6.446181536335E-07,
    1.189055828844));
#1540 = CARTESIAN_POINT('',(2.998038749757,-0.402559612452,
    1.189055828844));
#1541 = CARTESIAN_POINT('',(2.838619563485,-0.787431573251,
    1.189055828844));
#1542 = CARTESIAN_POINT('',(2.829480062511,-0.809496280409,
    1.189055828844));
#1543 = CARTESIAN_POINT('',(2.820340561537,-0.831560987568,
    1.189055828844));
#1544 = CARTESIAN_POINT('',(2.811201060562,-0.853625694727,
    1.189055828844));
#1545 = CARTESIAN_POINT('',(2.761444147266,0.833015703271,1.266351298459
    ));
#1546 = CARTESIAN_POINT('',(2.770829761858,0.810356825185,1.266351298459
    ));
#1547 = CARTESIAN_POINT('',(2.780051300683,0.788094061041,1.266351298459
    ));
#1548 = CARTESIAN_POINT('',(2.789108763741,0.76622741084,1.266351298459)
  );
#1549 = CARTESIAN_POINT('',(2.944234793798,0.39172004442,1.266351298459)
  );
#1550 = CARTESIAN_POINT('',(2.998066229427,5.781419734063E-07,
    1.266351298459));
#1551 = CARTESIAN_POINT('',(2.944235078699,-0.391719356608,
    1.266351298459));
#1552 = CARTESIAN_POINT('',(2.789108760138,-0.766227419539,
    1.266351298459));
#1553 = CARTESIAN_POINT('',(2.780051295879,-0.78809407264,1.266351298459
    ));
#1554 = CARTESIAN_POINT('',(2.770829758255,-0.810356833884,
    1.266351298459));
#1555 = CARTESIAN_POINT('',(2.761444147266,-0.833015703271,
    1.266351298459));
#1556 = ADVANCED_FACE('',(#1557),#1598,.F.);
#1557 = FACE_BOUND('',#1558,.F.);
#1558 = EDGE_LOOP('',(#1559,#1575,#1576,#1577));
#1559 = ORIENTED_EDGE('',*,*,#1560,.F.);
#1560 = EDGE_CURVE('',#1449,#1561,#1563,.T.);
#1561 = VERTEX_POINT('',#1562);
#1562 = CARTESIAN_POINT('',(2.930014330522,0.25,1.933648701541));
#1563 = B_SPLINE_CURVE_WITH_KNOTS('',4,(#1564,#1565,#1566,#1567,#1568,
    #1569,#1570,#1571,#1572,#1573,#1574),.UNSPECIFIED.,.F.,.F.,(5,3,3,5)
  ,(-9.553077572578E-02,-1.079746146774E-07,1.570796434769,
    1.666326955105),.UNSPECIFIED.);
#1564 = CARTESIAN_POINT('',(2.761444147266,0.833015703271,1.933648701541
    ));
#1565 = CARTESIAN_POINT('',(2.770829761858,0.810356825185,1.933648701541
    ));
#1566 = CARTESIAN_POINT('',(2.780051300683,0.788094061041,1.933648701541
    ));
#1567 = CARTESIAN_POINT('',(2.789108763741,0.76622741084,1.933648701541)
  );
#1568 = CARTESIAN_POINT('',(2.944234793798,0.39172004442,1.933648701541)
  );
#1569 = CARTESIAN_POINT('',(2.998066229427,5.781419779582E-07,
    1.933648701541));
#1570 = CARTESIAN_POINT('',(2.944235078699,-0.391719356608,
    1.933648701541));
#1571 = CARTESIAN_POINT('',(2.789108760138,-0.766227419539,
    1.933648701541));
#1572 = CARTESIAN_POINT('',(2.780051295879,-0.78809407264,1.933648701541
    ));
#1573 = CARTESIAN_POINT('',(2.770829758255,-0.810356833884,
    1.933648701541));
#1574 = CARTESIAN_POINT('',(2.761444147266,-0.833015703271,
    1.933648701541));
#1575 = ORIENTED_EDGE('',*,*,#1448,.F.);
#1576 = ORIENTED_EDGE('',*,*,#1261,.T.);
#1577 = ORIENTED_EDGE('',*,*,#1578,.T.);
#1578 = EDGE_CURVE('',#1262,#1561,#1579,.T.);
#1579 = B_SPLINE_CURVE_WITH_KNOTS('',5,(#1580,#1581,#1582,#1583,#1584,
    #1585,#1586,#1587,#1588,#1589,#1590,#1591,#1592,#1593,#1594,#1595,
    #1596,#1597),.UNSPECIFIED.,.F.,.F.,(6,4,4,4,6),(0.,0.251077498857,
    0.500000123406,0.749556743575,1.),.UNSPECIFIED.);
#1580 = CARTESIAN_POINT('',(2.93001951196,0.25,1.266351011145));
#1581 = CARTESIAN_POINT('',(2.909472570555,0.25,1.29559586516));
#1582 = CARTESIAN_POINT('',(2.89116766209,0.25,1.326402922845));
#1583 = CARTESIAN_POINT('',(2.875268533037,0.25,1.358545874517));
#1584 = CARTESIAN_POINT('',(2.861903894913,0.25,1.391774188071));
#1585 = CARTESIAN_POINT('',(2.840510463958,0.25,1.45957613402));
#1586 = CARTESIAN_POINT('',(2.832436684745,0.25,1.494136309368));
#1587 = CARTESIAN_POINT('',(2.827024948903,0.25,1.529241907651));
#1588 = CARTESIAN_POINT('',(2.824319113941,0.25,1.564621151532));
#1589 = CARTESIAN_POINT('',(2.824319124644,0.25,1.635469131863));
#1590 = CARTESIAN_POINT('',(2.827038771245,0.25,1.670938487511));
#1591 = CARTESIAN_POINT('',(2.832478120469,0.25,1.706132097409));
#1592 = CARTESIAN_POINT('',(2.840592864546,0.25,1.740776109035));
#1593 = CARTESIAN_POINT('',(2.862039033035,0.25,1.808561521057));
#1594 = CARTESIAN_POINT('',(2.875389067535,0.25,1.841697689194));
#1595 = CARTESIAN_POINT('',(2.891260156855,0.25,1.87375271116));
#1596 = CARTESIAN_POINT('',(2.909524473756,0.25,1.904478009657));
#1597 = CARTESIAN_POINT('',(2.93001951196,0.25,1.933648988855));
#1598 = SURFACE_OF_REVOLUTION('',#1599,#1604);
#1599 = CIRCLE('',#1600,0.583630876496);
#1600 = AXIS2_PLACEMENT_3D('',#1601,#1602,#1603);
#1601 = CARTESIAN_POINT('',(3.24040786634,0.928007323485,1.6));
#1602 = DIRECTION('',(-0.382683432365,0.923879532511,0.));
#1603 = DIRECTION('',(-0.672769068824,-0.278670072652,-0.685364699005));
#1604 = AXIS1_PLACEMENT('',#1605,#1606);
#1605 = CARTESIAN_POINT('',(1.,0.,0.));
#1606 = DIRECTION('',(0.,0.,-1.));
#1607 = ADVANCED_FACE('',(#1608),#1649,.F.);
#1608 = FACE_BOUND('',#1609,.F.);
#1609 = EDGE_LOOP('',(#1610,#1633,#1634,#1635));
#1610 = ORIENTED_EDGE('',*,*,#1611,.F.);
#1611 = EDGE_CURVE('',#1377,#1612,#1614,.T.);
#1612 = VERTEX_POINT('',#1613);
#1613 = CARTESIAN_POINT('',(2.930014325157,-0.25,1.933648701541));
#1614 = B_SPLINE_CURVE_WITH_KNOTS('',5,(#1615,#1616,#1617,#1618,#1619,
    #1620,#1621,#1622,#1623,#1624,#1625,#1626,#1627,#1628,#1629,#1630,
    #1631,#1632),.UNSPECIFIED.,.F.,.F.,(6,4,4,4,6),(0.,0.251077498857,
    0.500000123406,0.749556743577,1.),.UNSPECIFIED.);
#1615 = CARTESIAN_POINT('',(2.93001951196,-0.25,1.266351011145));
#1616 = CARTESIAN_POINT('',(2.909472570555,-0.25,1.29559586516));
#1617 = CARTESIAN_POINT('',(2.89116766209,-0.25,1.326402922845));
#1618 = CARTESIAN_POINT('',(2.875268533037,-0.25,1.358545874517));
#1619 = CARTESIAN_POINT('',(2.861903894913,-0.25,1.391774188071));
#1620 = CARTESIAN_POINT('',(2.840510463958,-0.25,1.45957613402));
#1621 = CARTESIAN_POINT('',(2.832436684745,-0.25,1.494136309368));
#1622 = CARTESIAN_POINT('',(2.827024948903,-0.25,1.529241907651));
#1623 = CARTESIAN_POINT('',(2.824319113941,-0.25,1.564621151532));
#1624 = CARTESIAN_POINT('',(2.824319124644,-0.25,1.635469131863));
#1625 = CARTESIAN_POINT('',(2.827038771245,-0.25,1.670938487512));
#1626 = CARTESIAN_POINT('',(2.832478120469,-0.25,1.70613209741));
#1627 = CARTESIAN_POINT('',(2.840592864546,-0.25,1.740776109036));
#1628 = CARTESIAN_POINT('',(2.862039033035,-0.25,1.808561521057));
#1629 = CARTESIAN_POINT('',(2.875389067535,-0.25,1.841697689194));
#1630 = CARTESIAN_POINT('',(2.891260156855,-0.25,1.87375271116));
#1631 = CARTESIAN_POINT('',(2.909524473756,-0.25,1.904478009657));
#1632 = CARTESIAN_POINT('',(2.93001951196,-0.25,1.933648988855));
#1633 = ORIENTED_EDGE('',*,*,#1386,.T.);
#1634 = ORIENTED_EDGE('',*,*,#1438,.T.);
#1635 = ORIENTED_EDGE('',*,*,#1636,.F.);
#1636 = EDGE_CURVE('',#1612,#1439,#1637,.T.);
#1637 = B_SPLINE_CURVE_WITH_KNOTS('',4,(#1638,#1639,#1640,#1641,#1642,
    #1643,#1644,#1645,#1646,#1647,#1648),.UNSPECIFIED.,.F.,.F.,(5,3,3,5)
  ,(-9.553077572578E-02,-1.079746146774E-07,1.570796434769,
    1.666326955105),.UNSPECIFIED.);
#1638 = CARTESIAN_POINT('',(2.761444147266,0.833015703271,1.933648701541
    ));
#1639 = CARTESIAN_POINT('',(2.770829761858,0.810356825185,1.933648701541
    ));
#1640 = CARTESIAN_POINT('',(2.780051300683,0.788094061041,1.933648701541
    ));
#1641 = CARTESIAN_POINT('',(2.789108763741,0.76622741084,1.933648701541)
  );
#1642 = CARTESIAN_POINT('',(2.944234793798,0.39172004442,1.933648701541)
  );
#1643 = CARTESIAN_POINT('',(2.998066229427,5.781419779582E-07,
    1.933648701541));
#1644 = CARTESIAN_POINT('',(2.944235078699,-0.391719356608,
    1.933648701541));
#1645 = CARTESIAN_POINT('',(2.789108760138,-0.766227419539,
    1.933648701541));
#1646 = CARTESIAN_POINT('',(2.780051295879,-0.78809407264,1.933648701541
    ));
#1647 = CARTESIAN_POINT('',(2.770829758255,-0.810356833884,
    1.933648701541));
#1648 = CARTESIAN_POINT('',(2.761444147266,-0.833015703271,
    1.933648701541));
#1649 = SURFACE_OF_REVOLUTION('',#1650,#1655);
#1650 = CIRCLE('',#1651,0.583630876496);
#1651 = AXIS2_PLACEMENT_3D('',#1652,#1653,#1654);
#1652 = CARTESIAN_POINT('',(3.24040786634,0.928007323485,1.6));
#1653 = DIRECTION('',(-0.382683432365,0.923879532511,0.));
#1654 = DIRECTION('',(-0.672769068824,-0.278670072652,-0.685364699005));
#1655 = AXIS1_PLACEMENT('',#1656,#1657);
#1656 = CARTESIAN_POINT('',(1.,0.,0.));
#1657 = DIRECTION('',(0.,0.,-1.));
#1658 = ADVANCED_FACE('',(#1659),#1727,.T.);
#1659 = FACE_BOUND('',#1660,.T.);
#1660 = EDGE_LOOP('',(#1661,#1676,#1713,#1726));
#1661 = ORIENTED_EDGE('',*,*,#1662,.T.);
#1662 = EDGE_CURVE('',#1439,#1663,#1665,.T.);
#1663 = VERTEX_POINT('',#1664);
#1664 = CARTESIAN_POINT('',(2.847759065023,-0.76536686473,2.105151982969
    ));
#1665 = B_SPLINE_CURVE_WITH_KNOTS('',5,(#1666,#1667,#1668,#1669,#1670,
    #1671,#1672,#1673,#1674,#1675),.UNSPECIFIED.,.F.,.F.,(6,4,6),(0.,0.5
    ,1.),.UNSPECIFIED.);
#1666 = CARTESIAN_POINT('',(2.798002150484,-0.744756875906,
    1.933648701541));
#1667 = CARTESIAN_POINT('',(2.807511621058,-0.748695827589,
    1.948421302705));
#1668 = CARTESIAN_POINT('',(2.816095436326,-0.75225136029,1.964118435551
    ));
#1669 = CARTESIAN_POINT('',(2.823609233099,-0.755363676818,1.98061491248
    ));
#1670 = CARTESIAN_POINT('',(2.829938885932,-0.757985504867,
    1.997732374146));
#1671 = CARTESIAN_POINT('',(2.840115953026,-0.762200984082,
    2.032810923891));
#1672 = CARTESIAN_POINT('',(2.843963389687,-0.763794644528,
    2.050772089184));
#1673 = CARTESIAN_POINT('',(2.84651128182,-0.764850016005,2.068956473802
    ));
#1674 = CARTESIAN_POINT('',(2.847759064388,-0.765366864467,2.08714711929
    ));
#1675 = CARTESIAN_POINT('',(2.847759065023,-0.76536686473,2.105151982969
    ));
#1676 = ORIENTED_EDGE('',*,*,#1677,.T.);
#1677 = EDGE_CURVE('',#1663,#1678,#1680,.T.);
#1678 = VERTEX_POINT('',#1679);
#1679 = CARTESIAN_POINT('',(2.847759065023,0.76536686473,2.105151982969)
  );
#1680 = B_SPLINE_CURVE_WITH_KNOTS('',11,(#1681,#1682,#1683,#1684,#1685,
    #1686,#1687,#1688,#1689,#1690,#1691,#1692,#1693,#1694,#1695,#1696,
    #1697,#1698,#1699,#1700,#1701,#1702,#1703,#1704,#1705,#1706,#1707,
    #1708,#1709,#1710,#1711,#1712),.UNSPECIFIED.,.F.,.F.,(12,10,10,12),(
    -0.468492513267,5.091285976473E-15,10.995574287564,11.464066800831),
  .UNSPECIFIED.);
#1681 = CARTESIAN_POINT('',(3.027043388037,-0.332536220588,
    2.105151982969));
#1682 = CARTESIAN_POINT('',(3.010631863684,-0.372157145261,
    2.105151982969));
#1683 = CARTESIAN_POINT('',(2.994242929237,-0.411723533074,
    2.105151982969));
#1684 = CARTESIAN_POINT('',(2.977876584698,-0.451235384028,
    2.105151982969));
#1685 = CARTESIAN_POINT('',(2.961532830065,-0.490692698123,
    2.105151982969));
#1686 = CARTESIAN_POINT('',(2.945211665339,-0.530095475358,
    2.105151982969));
#1687 = CARTESIAN_POINT('',(2.928913090519,-0.569443715735,
    2.105151982969));
#1688 = CARTESIAN_POINT('',(2.912637105607,-0.608737419252,
    2.105151982969));
#1689 = CARTESIAN_POINT('',(2.8963837106,-0.64797658591,2.105151982969)
  );
#1690 = CARTESIAN_POINT('',(2.880152905501,-0.68716121571,2.105151982969
    ));
#1691 = CARTESIAN_POINT('',(2.863944690308,-0.726291308649,
    2.105151982969));
#1692 = CARTESIAN_POINT('',(2.467880539364,-1.68247475343,2.105151982969
    ));
#1693 = CARTESIAN_POINT('',(1.582069001997,-2.407558979589,
    2.105152054123));
#1694 = CARTESIAN_POINT('',(0.284684009557,-2.605971283044,
    2.105151836482));
#1695 = CARTESIAN_POINT('',(-0.980593039019,-2.00540800032,
    2.105152142515));
#1696 = CARTESIAN_POINT('',(-1.870922646805,-0.84788876792,
    2.105151915692));
#1697 = CARTESIAN_POINT('',(-1.870922646798,0.84788876792,2.10515191569)
  );
#1698 = CARTESIAN_POINT('',(-0.980593039024,2.005408000319,
    2.105152142517));
#1699 = CARTESIAN_POINT('',(0.284684009559,2.605971283045,2.105151836481
    ));
#1700 = CARTESIAN_POINT('',(1.582069001996,2.407558979589,2.105152054123
    ));
#1701 = CARTESIAN_POINT('',(2.467880539364,1.68247475343,2.105151982969)
  );
#1702 = CARTESIAN_POINT('',(2.863944690308,0.726291308649,2.105151982969
    ));
#1703 = CARTESIAN_POINT('',(2.880152905501,0.68716121571,2.105151982969)
  );
#1704 = CARTESIAN_POINT('',(2.8963837106,0.64797658591,2.105151982969));
#1705 = CARTESIAN_POINT('',(2.912637105606,0.608737419252,2.105151982969
    ));
#1706 = CARTESIAN_POINT('',(2.928913090519,0.569443715735,2.105151982969
    ));
#1707 = CARTESIAN_POINT('',(2.945211665339,0.530095475358,2.105151982969
    ));
#1708 = CARTESIAN_POINT('',(2.961532830065,0.490692698123,2.105151982969
    ));
#1709 = CARTESIAN_POINT('',(2.977876584698,0.451235384028,2.105151982969
    ));
#1710 = CARTESIAN_POINT('',(2.994242929237,0.411723533074,2.105151982969
    ));
#1711 = CARTESIAN_POINT('',(3.010631863684,0.372157145261,2.105151982969
    ));
#1712 = CARTESIAN_POINT('',(3.027043388037,0.332536220588,2.105151982969
    ));
#1713 = ORIENTED_EDGE('',*,*,#1714,.F.);
#1714 = EDGE_CURVE('',#1449,#1678,#1715,.T.);
#1715 = B_SPLINE_CURVE_WITH_KNOTS('',5,(#1716,#1717,#1718,#1719,#1720,
    #1721,#1722,#1723,#1724,#1725),.UNSPECIFIED.,.F.,.F.,(6,4,6),(0.,0.5
    ,1.),.UNSPECIFIED.);
#1716 = CARTESIAN_POINT('',(2.798002150484,0.744756875906,1.933648701541
    ));
#1717 = CARTESIAN_POINT('',(2.807511621058,0.748695827589,1.948421302705
    ));
#1718 = CARTESIAN_POINT('',(2.816095436326,0.75225136029,1.964118435551)
  );
#1719 = CARTESIAN_POINT('',(2.823609233099,0.755363676818,1.98061491248)
  );
#1720 = CARTESIAN_POINT('',(2.829938885932,0.757985504867,1.997732374146
    ));
#1721 = CARTESIAN_POINT('',(2.840115953026,0.762200984082,2.032810923891
    ));
#1722 = CARTESIAN_POINT('',(2.843963389687,0.763794644528,2.050772089184
    ));
#1723 = CARTESIAN_POINT('',(2.84651128182,0.764850016005,2.068956473802)
  );
#1724 = CARTESIAN_POINT('',(2.847759064388,0.765366864467,2.08714711929)
  );
#1725 = CARTESIAN_POINT('',(2.847759065023,0.76536686473,2.105151982969)
  );
#1726 = ORIENTED_EDGE('',*,*,#1457,.F.);
#1727 = ( BOUNDED_SURFACE() B_SPLINE_SURFACE(2,11,(
    (#1728,#1729,#1730,#1731,#1732,#1733,#1734,#1735,#1736,#1737,#1738
      ,#1739,#1740,#1741,#1742,#1743,#1744,#1745,#1746,#1747,#1748,#1749
      ,#1750,#1751,#1752,#1753,#1754,#1755,#1756,#1757,#1758,#1759)
    ,(#1760,#1761,#1762,#1763,#1764,#1765,#1766,#1767,#1768,#1769,#1770
      ,#1771,#1772,#1773,#1774,#1775,#1776,#1777,#1778,#1779,#1780,#1781
      ,#1782,#1783,#1784,#1785,#1786,#1787,#1788,#1789,#1790,#1791)
    ,(#1792,#1793,#1794,#1795,#1796,#1797,#1798,#1799,#1800,#1801,#1802
      ,#1803,#1804,#1805,#1806,#1807,#1808,#1809,#1810,#1811,#1812,#1813
      ,#1814,#1815,#1816,#1817,#1818,#1819,#1820,#1821,#1822,#1823
)),.UNSPECIFIED.,.F.,.F.,.F.) B_SPLINE_SURFACE_WITH_KNOTS((3,3),(12,10,
    10,12),(0.,10.995574287564),(-0.468492513267,5.091285976473E-15,
    10.995574287564,11.464066800831),.UNSPECIFIED.) 
GEOMETRIC_REPRESENTATION_ITEM() RATIONAL_B_SPLINE_SURFACE((
    (1.,1.,1.,1.,1.,1.,1.,1.,1.,1.,1.,1.,1.,1.,1.,1.,1.,1.,1.,1.,1.,1.
      ,1.,1.,1.,1.,1.,1.,1.,1.,1.,1.)
    ,(0.954064553889,0.954064553889,0.954064553889,0.954064553889
      ,0.954064553889,0.954064553889,0.954064553889,0.954064553889
      ,0.954064553889,0.954064553889,0.954064553889,0.954064553889
      ,0.954064495284,0.954064674543,0.954064422479,0.954064609303
      ,0.954064609302,0.954064422479,0.954064674542,0.954064495284
      ,0.954064553889,0.954064553889,0.954064553889,0.954064553889
      ,0.954064553889,0.954064553889,0.954064553889,0.954064553889
      ,0.954064553889,0.954064553889,0.954064553889,0.954064553889)
    ,(1.,1.,1.,1.,1.,1.,1.,1.,1.,1.,1.,1.,1.,1.,1.,1.,1.,1.,1.,1.,1.,1.
,1.,1.,1.,1.,1.,1.,1.,1.,1.,1.))) REPRESENTATION_ITEM('') SURFACE() );
#1728 = CARTESIAN_POINT('',(2.977286473498,-0.311926231765,
    1.933648701541));
#1729 = CARTESIAN_POINT('',(2.960439098611,-0.352599392706,
    1.933648701541));
#1730 = CARTESIAN_POINT('',(2.943701483738,-0.393007569534,
    1.933648701541));
#1731 = CARTESIAN_POINT('',(2.927073628879,-0.433150762249,
    1.933648701541));
#1732 = CARTESIAN_POINT('',(2.910555534032,-0.473028970852,
    1.933648701541));
#1733 = CARTESIAN_POINT('',(2.8941471992,-0.512642195341,1.933648701541)
  );
#1734 = CARTESIAN_POINT('',(2.87784862438,-0.551990435718,1.933648701541
    ));
#1735 = CARTESIAN_POINT('',(2.861659809574,-0.591073691981,
    1.933648701541));
#1736 = CARTESIAN_POINT('',(2.845580754781,-0.629891964132,
    1.933648701541));
#1737 = CARTESIAN_POINT('',(2.829611460002,-0.66844525217,1.933648701541
    ));
#1738 = CARTESIAN_POINT('',(2.813751925236,-0.706733556095,
    1.933648701541));
#1739 = CARTESIAN_POINT('',(2.428353088013,-1.637168655841,
    1.933648701541));
#1740 = CARTESIAN_POINT('',(1.566325343396,-2.342881144811,
    1.933648676398));
#1741 = CARTESIAN_POINT('',(0.303785769281,-2.535487417583,
    1.933648753304));
#1742 = CARTESIAN_POINT('',(-0.926753241249,-1.951550860571,
    1.933648645162));
#1743 = CARTESIAN_POINT('',(-1.793910530247,-0.825355168886,
    1.933648725315));
#1744 = CARTESIAN_POINT('',(-1.793910530243,0.825355168886,
    1.933648725313));
#1745 = CARTESIAN_POINT('',(-0.926753241251,1.95155086057,1.933648645164
    ));
#1746 = CARTESIAN_POINT('',(0.303785769282,2.535487417583,1.933648753303
    ));
#1747 = CARTESIAN_POINT('',(1.566325343396,2.342881144811,1.933648676398
    ));
#1748 = CARTESIAN_POINT('',(2.428353088013,1.637168655841,1.933648701541
    ));
#1749 = CARTESIAN_POINT('',(2.813751925236,0.706733556095,1.933648701541
    ));
#1750 = CARTESIAN_POINT('',(2.829611460002,0.66844525217,1.933648701541)
  );
#1751 = CARTESIAN_POINT('',(2.845580754781,0.629891964132,1.933648701541
    ));
#1752 = CARTESIAN_POINT('',(2.861659809574,0.591073691981,1.933648701541
    ));
#1753 = CARTESIAN_POINT('',(2.87784862438,0.551990435718,1.933648701541)
  );
#1754 = CARTESIAN_POINT('',(2.8941471992,0.512642195341,1.933648701541)
  );
#1755 = CARTESIAN_POINT('',(2.910555534032,0.473028970852,1.933648701541
    ));
#1756 = CARTESIAN_POINT('',(2.927073628879,0.433150762249,1.933648701541
    ));
#1757 = CARTESIAN_POINT('',(2.943701483738,0.393007569534,1.933648701541
    ));
#1758 = CARTESIAN_POINT('',(2.960439098611,0.352599392706,1.933648701541
    ));
#1759 = CARTESIAN_POINT('',(2.977286473498,0.311926231765,1.933648701541
    ));
#1760 = CARTESIAN_POINT('',(3.027043388037,-0.332536220588,
    2.010944171156));
#1761 = CARTESIAN_POINT('',(3.010631863684,-0.372157145261,
    2.010944171156));
#1762 = CARTESIAN_POINT('',(2.994242929237,-0.411723533074,
    2.010944171156));
#1763 = CARTESIAN_POINT('',(2.977876584698,-0.451235384028,
    2.010944171156));
#1764 = CARTESIAN_POINT('',(2.961532830065,-0.490692698123,
    2.010944171156));
#1765 = CARTESIAN_POINT('',(2.945211665339,-0.530095475358,
    2.010944171156));
#1766 = CARTESIAN_POINT('',(2.928913090519,-0.569443715735,
    2.010944171156));
#1767 = CARTESIAN_POINT('',(2.912637105607,-0.608737419252,
    2.010944171156));
#1768 = CARTESIAN_POINT('',(2.8963837106,-0.64797658591,2.010944171156)
  );
#1769 = CARTESIAN_POINT('',(2.880152905501,-0.68716121571,2.010944171156
    ));
#1770 = CARTESIAN_POINT('',(2.863944690308,-0.726291308649,
    2.010944171156));
#1771 = CARTESIAN_POINT('',(2.467880539364,-1.68247475343,2.010944171156
    ));
#1772 = CARTESIAN_POINT('',(1.582068980132,-2.407559101995,
    2.010944177839));
#1773 = CARTESIAN_POINT('',(0.28468419932,-2.605970766174,2.010944157396
    ));
#1774 = CARTESIAN_POINT('',(-0.980593382663,-2.005409013612,
    2.010944186142));
#1775 = CARTESIAN_POINT('',(-1.870922454897,-0.847887430068,
    2.010944164836));
#1776 = CARTESIAN_POINT('',(-1.870922454891,0.847887430068,
    2.010944164836));
#1777 = CARTESIAN_POINT('',(-0.980593382668,2.00540901361,2.010944186142
    ));
#1778 = CARTESIAN_POINT('',(0.284684199323,2.605970766175,2.010944157396
    ));
#1779 = CARTESIAN_POINT('',(1.58206898013,2.407559101995,2.010944177839)
  );
#1780 = CARTESIAN_POINT('',(2.467880539364,1.68247475343,2.010944171156)
  );
#1781 = CARTESIAN_POINT('',(2.863944690308,0.726291308649,2.010944171156
    ));
#1782 = CARTESIAN_POINT('',(2.880152905501,0.68716121571,2.010944171156)
  );
#1783 = CARTESIAN_POINT('',(2.8963837106,0.64797658591,2.010944171156));
#1784 = CARTESIAN_POINT('',(2.912637105606,0.608737419252,2.010944171156
    ));
#1785 = CARTESIAN_POINT('',(2.928913090519,0.569443715735,2.010944171156
    ));
#1786 = CARTESIAN_POINT('',(2.945211665339,0.530095475358,2.010944171156
    ));
#1787 = CARTESIAN_POINT('',(2.961532830065,0.490692698123,2.010944171156
    ));
#1788 = CARTESIAN_POINT('',(2.977876584698,0.451235384028,2.010944171156
    ));
#1789 = CARTESIAN_POINT('',(2.994242929237,0.411723533074,2.010944171156
    ));
#1790 = CARTESIAN_POINT('',(3.010631863684,0.372157145261,2.010944171156
    ));
#1791 = CARTESIAN_POINT('',(3.027043388037,0.332536220588,2.010944171156
    ));
#1792 = CARTESIAN_POINT('',(3.027043388037,-0.332536220588,
    2.105151982969));
#1793 = CARTESIAN_POINT('',(3.010631863684,-0.372157145261,
    2.105151982969));
#1794 = CARTESIAN_POINT('',(2.994242929237,-0.411723533074,
    2.105151982969));
#1795 = CARTESIAN_POINT('',(2.977876584698,-0.451235384028,
    2.105151982969));
#1796 = CARTESIAN_POINT('',(2.961532830065,-0.490692698123,
    2.105151982969));
#1797 = CARTESIAN_POINT('',(2.945211665339,-0.530095475358,
    2.105151982969));
#1798 = CARTESIAN_POINT('',(2.928913090519,-0.569443715735,
    2.105151982969));
#1799 = CARTESIAN_POINT('',(2.912637105607,-0.608737419252,
    2.105151982969));
#1800 = CARTESIAN_POINT('',(2.8963837106,-0.64797658591,2.105151982969)
  );
#1801 = CARTESIAN_POINT('',(2.880152905501,-0.68716121571,2.105151982969
    ));
#1802 = CARTESIAN_POINT('',(2.863944690308,-0.726291308649,
    2.105151982969));
#1803 = CARTESIAN_POINT('',(2.467880539364,-1.68247475343,2.105151982969
    ));
#1804 = CARTESIAN_POINT('',(1.582069001997,-2.407558979589,
    2.105152054123));
#1805 = CARTESIAN_POINT('',(0.284684009557,-2.605971283044,
    2.105151836482));
#1806 = CARTESIAN_POINT('',(-0.980593039019,-2.00540800032,
    2.105152142515));
#1807 = CARTESIAN_POINT('',(-1.870922646805,-0.84788876792,
    2.105151915692));
#1808 = CARTESIAN_POINT('',(-1.870922646798,0.84788876792,2.10515191569)
  );
#1809 = CARTESIAN_POINT('',(-0.980593039024,2.005408000319,
    2.105152142517));
#1810 = CARTESIAN_POINT('',(0.284684009559,2.605971283045,2.105151836481
    ));
#1811 = CARTESIAN_POINT('',(1.582069001996,2.407558979589,2.105152054123
    ));
#1812 = CARTESIAN_POINT('',(2.467880539364,1.68247475343,2.105151982969)
  );
#1813 = CARTESIAN_POINT('',(2.863944690308,0.726291308649,2.105151982969
    ));
#1814 = CARTESIAN_POINT('',(2.880152905501,0.68716121571,2.105151982969)
  );
#1815 = CARTESIAN_POINT('',(2.8963837106,0.64797658591,2.105151982969));
#1816 = CARTESIAN_POINT('',(2.912637105606,0.608737419252,2.105151982969
    ));
#1817 = CARTESIAN_POINT('',(2.928913090519,0.569443715735,2.105151982969
    ));
#1818 = CARTESIAN_POINT('',(2.945211665339,0.530095475358,2.105151982969
    ));
#1819 = CARTESIAN_POINT('',(2.961532830065,0.490692698123,2.105151982969
    ));
#1820 = CARTESIAN_POINT('',(2.977876584698,0.451235384028,2.105151982969
    ));
#1821 = CARTESIAN_POINT('',(2.994242929237,0.411723533074,2.105151982969
    ));
#1822 = CARTESIAN_POINT('',(3.010631863684,0.372157145261,2.105151982969
    ));
#1823 = CARTESIAN_POINT('',(3.027043388037,0.332536220588,2.105151982969
    ));
#1824 = ADVANCED_FACE('',(#1825),#1844,.F.);
#1825 = FACE_BOUND('',#1826,.F.);
#1826 = EDGE_LOOP('',(#1827,#1828,#1829,#1830));
#1827 = ORIENTED_EDGE('',*,*,#1578,.F.);
#1828 = ORIENTED_EDGE('',*,*,#1507,.T.);
#1829 = ORIENTED_EDGE('',*,*,#1611,.T.);
#1830 = ORIENTED_EDGE('',*,*,#1831,.F.);
#1831 = EDGE_CURVE('',#1561,#1612,#1832,.T.);
#1832 = B_SPLINE_CURVE_WITH_KNOTS('',4,(#1833,#1834,#1835,#1836,#1837,
    #1838,#1839,#1840,#1841,#1842,#1843),.UNSPECIFIED.,.F.,.F.,(5,3,3,5)
  ,(-9.553077572578E-02,-1.079746146774E-07,1.570796434769,
    1.666326955105),.UNSPECIFIED.);
#1833 = CARTESIAN_POINT('',(2.761444147266,0.833015703271,1.933648701541
    ));
#1834 = CARTESIAN_POINT('',(2.770829761858,0.810356825185,1.933648701541
    ));
#1835 = CARTESIAN_POINT('',(2.780051300683,0.788094061041,1.933648701541
    ));
#1836 = CARTESIAN_POINT('',(2.789108763741,0.76622741084,1.933648701541)
  );
#1837 = CARTESIAN_POINT('',(2.944234793798,0.39172004442,1.933648701541)
  );
#1838 = CARTESIAN_POINT('',(2.998066229427,5.781419779582E-07,
    1.933648701541));
#1839 = CARTESIAN_POINT('',(2.944235078699,-0.391719356608,
    1.933648701541));
#1840 = CARTESIAN_POINT('',(2.789108760138,-0.766227419539,
    1.933648701541));
#1841 = CARTESIAN_POINT('',(2.780051295879,-0.78809407264,1.933648701541
    ));
#1842 = CARTESIAN_POINT('',(2.770829758255,-0.810356833884,
    1.933648701541));
#1843 = CARTESIAN_POINT('',(2.761444147266,-0.833015703271,
    1.933648701541));
#1844 = SURFACE_OF_REVOLUTION('',#1845,#1850);
#1845 = CIRCLE('',#1846,0.583630876496);
#1846 = AXIS2_PLACEMENT_3D('',#1847,#1848,#1849);
#1847 = CARTESIAN_POINT('',(3.24040786634,0.928007323485,1.6));
#1848 = DIRECTION('',(-0.382683432365,0.923879532511,0.));
#1849 = DIRECTION('',(-0.672769068824,-0.278670072652,-0.685364699005));
#1850 = AXIS1_PLACEMENT('',#1851,#1852);
#1851 = CARTESIAN_POINT('',(1.,0.,0.));
#1852 = DIRECTION('',(0.,0.,-1.));
#1853 = ADVANCED_FACE('',(#1854),#1887,.T.);
#1854 = FACE_BOUND('',#1855,.T.);
#1855 = EDGE_LOOP('',(#1856,#1857,#1858,#1874));
#1856 = ORIENTED_EDGE('',*,*,#1560,.F.);
#1857 = ORIENTED_EDGE('',*,*,#1714,.T.);
#1858 = ORIENTED_EDGE('',*,*,#1859,.T.);
#1859 = EDGE_CURVE('',#1678,#1860,#1862,.T.);
#1860 = VERTEX_POINT('',#1861);
#1861 = CARTESIAN_POINT('',(2.984308541207,0.25,2.105151982969));
#1862 = B_SPLINE_CURVE_WITH_KNOTS('',4,(#1863,#1864,#1865,#1866,#1867,
    #1868,#1869,#1870,#1871,#1872,#1873),.UNSPECIFIED.,.F.,.F.,(5,3,3,5)
  ,(-9.553077572578E-02,-1.079746146774E-07,1.570796434769,
    1.666326955105),.UNSPECIFIED.);
#1863 = CARTESIAN_POINT('',(2.811201060562,0.853625694727,2.105151982969
    ));
#1864 = CARTESIAN_POINT('',(2.820340564306,0.831560980883,2.105151982969
    ));
#1865 = CARTESIAN_POINT('',(2.829480066203,0.809496271496,2.105151982969
    ));
#1866 = CARTESIAN_POINT('',(2.838619566254,0.787431566566,2.105151982969
    ));
#1867 = CARTESIAN_POINT('',(2.998038472327,0.402560282228,2.105151982969
    ));
#1868 = CARTESIAN_POINT('',(3.053359617628,6.446181541886E-07,
    2.105151982969));
#1869 = CARTESIAN_POINT('',(2.998038749757,-0.402559612452,
    2.105151982969));
#1870 = CARTESIAN_POINT('',(2.838619563485,-0.787431573251,
    2.105151982969));
#1871 = CARTESIAN_POINT('',(2.829480062511,-0.809496280409,
    2.105151982969));
#1872 = CARTESIAN_POINT('',(2.820340561537,-0.831560987568,
    2.105151982969));
#1873 = CARTESIAN_POINT('',(2.811201060562,-0.853625694727,
    2.105151982969));
#1874 = ORIENTED_EDGE('',*,*,#1875,.T.);
#1875 = EDGE_CURVE('',#1860,#1561,#1876,.T.);
#1876 = B_SPLINE_CURVE_WITH_KNOTS('',5,(#1877,#1878,#1879,#1880,#1881,
    #1882,#1883,#1884,#1885,#1886),.UNSPECIFIED.,.F.,.F.,(6,4,6),(0.,
    0.484581097565,1.),.UNSPECIFIED.);
#1877 = CARTESIAN_POINT('',(2.984308541207,0.25,2.105151982969));
#1878 = CARTESIAN_POINT('',(2.984308540536,0.25,2.087700438552));
#1879 = CARTESIAN_POINT('',(2.983029639553,0.25,2.070074347099));
#1880 = CARTESIAN_POINT('',(2.980419925796,0.25,2.052448835701));
#1881 = CARTESIAN_POINT('',(2.976478217551,0.25,2.035021003358));
#1882 = CARTESIAN_POINT('',(2.965708001377,0.25,1.999839851998));
#1883 = CARTESIAN_POINT('',(2.958711750769,0.25,1.982136294367));
#1884 = CARTESIAN_POINT('',(2.950334439418,0.25,1.965081845196));
#1885 = CARTESIAN_POINT('',(2.940711170774,0.25,1.948873725552));
#1886 = CARTESIAN_POINT('',(2.930014330522,0.25,1.933648701541));
#1887 = ( BOUNDED_SURFACE() B_SPLINE_SURFACE(2,4,(
    (#1888,#1889,#1890,#1891,#1892,#1893,#1894,#1895,#1896,#1897,#1898)
    ,(#1899,#1900,#1901,#1902,#1903,#1904,#1905,#1906,#1907,#1908,#1909)
    ,(#1910,#1911,#1912,#1913,#1914,#1915,#1916,#1917,#1918,#1919,#1920
)),.UNSPECIFIED.,.F.,.F.,.F.) B_SPLINE_SURFACE_WITH_KNOTS((3,3),(5,3,3,5
    ),(0.,1.570796542744),(-9.553077572578E-02,-1.079746146774E-07,
    1.570796434769,1.666326955105),.UNSPECIFIED.) 
GEOMETRIC_REPRESENTATION_ITEM() RATIONAL_B_SPLINE_SURFACE((
    (1.,1.,1.,1.,1.,1.,1.,1.,1.,1.,1.)
    ,(0.954064553889,0.954064553889,0.954064553889,0.954064553889
      ,0.954064553889,0.954064553889,0.954064553889,0.954064553889
      ,0.954064553889,0.954064553889,0.954064553889)
,(1.,1.,1.,1.,1.,1.,1.,1.,1.,1.,1.
  ))) REPRESENTATION_ITEM('') SURFACE() );
#1888 = CARTESIAN_POINT('',(2.761444147266,0.833015703271,1.933648701541
    ));
#1889 = CARTESIAN_POINT('',(2.770829761858,0.810356825185,1.933648701541
    ));
#1890 = CARTESIAN_POINT('',(2.780051300683,0.788094061041,1.933648701541
    ));
#1891 = CARTESIAN_POINT('',(2.789108763741,0.76622741084,1.933648701541)
  );
#1892 = CARTESIAN_POINT('',(2.944234793798,0.39172004442,1.933648701541)
  );
#1893 = CARTESIAN_POINT('',(2.998066229427,5.781419779582E-07,
    1.933648701541));
#1894 = CARTESIAN_POINT('',(2.944235078699,-0.391719356608,
    1.933648701541));
#1895 = CARTESIAN_POINT('',(2.789108760138,-0.766227419539,
    1.933648701541));
#1896 = CARTESIAN_POINT('',(2.780051295879,-0.78809407264,1.933648701541
    ));
#1897 = CARTESIAN_POINT('',(2.770829758255,-0.810356833884,
    1.933648701541));
#1898 = CARTESIAN_POINT('',(2.761444147266,-0.833015703271,
    1.933648701541));
#1899 = CARTESIAN_POINT('',(2.811201060562,0.853625694727,2.010944171156
    ));
#1900 = CARTESIAN_POINT('',(2.820340564306,0.831560980883,2.010944171156
    ));
#1901 = CARTESIAN_POINT('',(2.829480066203,0.809496271496,2.010944171156
    ));
#1902 = CARTESIAN_POINT('',(2.838619566254,0.787431566566,2.010944171156
    ));
#1903 = CARTESIAN_POINT('',(2.998038472327,0.402560282228,2.010944171156
    ));
#1904 = CARTESIAN_POINT('',(3.053359617628,6.446181521902E-07,
    2.010944171156));
#1905 = CARTESIAN_POINT('',(2.998038749757,-0.402559612452,
    2.010944171156));
#1906 = CARTESIAN_POINT('',(2.838619563485,-0.787431573251,
    2.010944171156));
#1907 = CARTESIAN_POINT('',(2.829480062511,-0.809496280409,
    2.010944171156));
#1908 = CARTESIAN_POINT('',(2.820340561537,-0.831560987568,
    2.010944171156));
#1909 = CARTESIAN_POINT('',(2.811201060562,-0.853625694727,
    2.010944171156));
#1910 = CARTESIAN_POINT('',(2.811201060562,0.853625694727,2.105151982969
    ));
#1911 = CARTESIAN_POINT('',(2.820340564306,0.831560980883,2.105151982969
    ));
#1912 = CARTESIAN_POINT('',(2.829480066203,0.809496271496,2.105151982969
    ));
#1913 = CARTESIAN_POINT('',(2.838619566254,0.787431566566,2.105151982969
    ));
#1914 = CARTESIAN_POINT('',(2.998038472327,0.402560282228,2.105151982969
    ));
#1915 = CARTESIAN_POINT('',(3.053359617628,6.446181541886E-07,
    2.105151982969));
#1916 = CARTESIAN_POINT('',(2.998038749757,-0.402559612452,
    2.105151982969));
#1917 = CARTESIAN_POINT('',(2.838619563485,-0.787431573251,
    2.105151982969));
#1918 = CARTESIAN_POINT('',(2.829480062511,-0.809496280409,
    2.105151982969));
#1919 = CARTESIAN_POINT('',(2.820340561537,-0.831560987568,
    2.105151982969));
#1920 = CARTESIAN_POINT('',(2.811201060562,-0.853625694727,
    2.105151982969));
#1921 = ADVANCED_FACE('',(#1922),#1955,.T.);
#1922 = FACE_BOUND('',#1923,.T.);
#1923 = EDGE_LOOP('',(#1924,#1925,#1940,#1954));
#1924 = ORIENTED_EDGE('',*,*,#1636,.F.);
#1925 = ORIENTED_EDGE('',*,*,#1926,.F.);
#1926 = EDGE_CURVE('',#1927,#1612,#1929,.T.);
#1927 = VERTEX_POINT('',#1928);
#1928 = CARTESIAN_POINT('',(2.984308529836,-0.25,2.105151982969));
#1929 = B_SPLINE_CURVE_WITH_KNOTS('',5,(#1930,#1931,#1932,#1933,#1934,
    #1935,#1936,#1937,#1938,#1939),.UNSPECIFIED.,.F.,.F.,(6,4,6),(0.,
    0.484581098031,1.),.UNSPECIFIED.);
#1930 = CARTESIAN_POINT('',(2.984308529836,-0.25,2.105151982969));
#1931 = CARTESIAN_POINT('',(2.984308529165,-0.25,2.087700438559));
#1932 = CARTESIAN_POINT('',(2.983029628323,-0.25,2.070074347114));
#1933 = CARTESIAN_POINT('',(2.980419914853,-0.25,2.052448835721));
#1934 = CARTESIAN_POINT('',(2.976478207039,-0.25,2.035021003376));
#1935 = CARTESIAN_POINT('',(2.965707992052,-0.25,1.999839852029));
#1936 = CARTESIAN_POINT('',(2.958711742223,-0.25,1.982136294411));
#1937 = CARTESIAN_POINT('',(2.950334431803,-0.25,1.965081845237));
#1938 = CARTESIAN_POINT('',(2.940711164226,-0.25,1.948873725578));
#1939 = CARTESIAN_POINT('',(2.930014325157,-0.25,1.933648701541));
#1940 = ORIENTED_EDGE('',*,*,#1941,.T.);
#1941 = EDGE_CURVE('',#1927,#1663,#1942,.T.);
#1942 = B_SPLINE_CURVE_WITH_KNOTS('',4,(#1943,#1944,#1945,#1946,#1947,
    #1948,#1949,#1950,#1951,#1952,#1953),.UNSPECIFIED.,.F.,.F.,(5,3,3,5)
  ,(-9.553077572578E-02,-1.079746146774E-07,1.570796434769,
    1.666326955105),.UNSPECIFIED.);
#1943 = CARTESIAN_POINT('',(2.811201060562,0.853625694727,2.105151982969
    ));
#1944 = CARTESIAN_POINT('',(2.820340564306,0.831560980883,2.105151982969
    ));
#1945 = CARTESIAN_POINT('',(2.829480066203,0.809496271496,2.105151982969
    ));
#1946 = CARTESIAN_POINT('',(2.838619566254,0.787431566566,2.105151982969
    ));
#1947 = CARTESIAN_POINT('',(2.998038472327,0.402560282228,2.105151982969
    ));
#1948 = CARTESIAN_POINT('',(3.053359617628,6.446181541886E-07,
    2.105151982969));
#1949 = CARTESIAN_POINT('',(2.998038749757,-0.402559612452,
    2.105151982969));
#1950 = CARTESIAN_POINT('',(2.838619563485,-0.787431573251,
    2.105151982969));
#1951 = CARTESIAN_POINT('',(2.829480062511,-0.809496280409,
    2.105151982969));
#1952 = CARTESIAN_POINT('',(2.820340561537,-0.831560987568,
    2.105151982969));
#1953 = CARTESIAN_POINT('',(2.811201060562,-0.853625694727,
    2.105151982969));
#1954 = ORIENTED_EDGE('',*,*,#1662,.F.);
#1955 = ( BOUNDED_SURFACE() B_SPLINE_SURFACE(2,4,(
    (#1956,#1957,#1958,#1959,#1960,#1961,#1962,#1963,#1964,#1965,#1966)
    ,(#1967,#1968,#1969,#1970,#1971,#1972,#1973,#1974,#1975,#1976,#1977)
    ,(#1978,#1979,#1980,#1981,#1982,#1983,#1984,#1985,#1986,#1987,#1988
)),.UNSPECIFIED.,.F.,.F.,.F.) B_SPLINE_SURFACE_WITH_KNOTS((3,3),(5,3,3,5
    ),(0.,1.570796542744),(-9.553077572578E-02,-1.079746146774E-07,
    1.570796434769,1.666326955105),.UNSPECIFIED.) 
GEOMETRIC_REPRESENTATION_ITEM() RATIONAL_B_SPLINE_SURFACE((
    (1.,1.,1.,1.,1.,1.,1.,1.,1.,1.,1.)
    ,(0.954064553889,0.954064553889,0.954064553889,0.954064553889
      ,0.954064553889,0.954064553889,0.954064553889,0.954064553889
      ,0.954064553889,0.954064553889,0.954064553889)
,(1.,1.,1.,1.,1.,1.,1.,1.,1.,1.,1.
  ))) REPRESENTATION_ITEM('') SURFACE() );
#1956 = CARTESIAN_POINT('',(2.761444147266,0.833015703271,1.933648701541
    ));
#1957 = CARTESIAN_POINT('',(2.770829761858,0.810356825185,1.933648701541
    ));
#1958 = CARTESIAN_POINT('',(2.780051300683,0.788094061041,1.933648701541
    ));
#1959 = CARTESIAN_POINT('',(2.789108763741,0.76622741084,1.933648701541)
  );
#1960 = CARTESIAN_POINT('',(2.944234793798,0.39172004442,1.933648701541)
  );
#1961 = CARTESIAN_POINT('',(2.998066229427,5.781419779582E-07,
    1.933648701541));
#1962 = CARTESIAN_POINT('',(2.944235078699,-0.391719356608,
    1.933648701541));
#1963 = CARTESIAN_POINT('',(2.789108760138,-0.766227419539,
    1.933648701541));
#1964 = CARTESIAN_POINT('',(2.780051295879,-0.78809407264,1.933648701541
    ));
#1965 = CARTESIAN_POINT('',(2.770829758255,-0.810356833884,
    1.933648701541));
#1966 = CARTESIAN_POINT('',(2.761444147266,-0.833015703271,
    1.933648701541));
#1967 = CARTESIAN_POINT('',(2.811201060562,0.853625694727,2.010944171156
    ));
#1968 = CARTESIAN_POINT('',(2.820340564306,0.831560980883,2.010944171156
    ));
#1969 = CARTESIAN_POINT('',(2.829480066203,0.809496271496,2.010944171156
    ));
#1970 = CARTESIAN_POINT('',(2.838619566254,0.787431566566,2.010944171156
    ));
#1971 = CARTESIAN_POINT('',(2.998038472327,0.402560282228,2.010944171156
    ));
#1972 = CARTESIAN_POINT('',(3.053359617628,6.446181521902E-07,
    2.010944171156));
#1973 = CARTESIAN_POINT('',(2.998038749757,-0.402559612452,
    2.010944171156));
#1974 = CARTESIAN_POINT('',(2.838619563485,-0.787431573251,
    2.010944171156));
#1975 = CARTESIAN_POINT('',(2.829480062511,-0.809496280409,
    2.010944171156));
#1976 = CARTESIAN_POINT('',(2.820340561537,-0.831560987568,
    2.010944171156));
#1977 = CARTESIAN_POINT('',(2.811201060562,-0.853625694727,
    2.010944171156));
#1978 = CARTESIAN_POINT('',(2.811201060562,0.853625694727,2.105151982969
    ));
#1979 = CARTESIAN_POINT('',(2.820340564306,0.831560980883,2.105151982969
    ));
#1980 = CARTESIAN_POINT('',(2.829480066203,0.809496271496,2.105151982969
    ));
#1981 = CARTESIAN_POINT('',(2.838619566254,0.787431566566,2.105151982969
    ));
#1982 = CARTESIAN_POINT('',(2.998038472327,0.402560282228,2.105151982969
    ));
#1983 = CARTESIAN_POINT('',(3.053359617628,6.446181541886E-07,
    2.105151982969));
#1984 = CARTESIAN_POINT('',(2.998038749757,-0.402559612452,
    2.105151982969));
#1985 = CARTESIAN_POINT('',(2.838619563485,-0.787431573251,
    2.105151982969));
#1986 = CARTESIAN_POINT('',(2.829480062511,-0.809496280409,
    2.105151982969));
#1987 = CARTESIAN_POINT('',(2.820340561537,-0.831560987568,
    2.105151982969));
#1988 = CARTESIAN_POINT('',(2.811201060562,-0.853625694727,
    2.105151982969));
#1989 = ADVANCED_FACE('',(#1990),#2016,.T.);
#1990 = FACE_BOUND('',#1991,.T.);
#1991 = EDGE_LOOP('',(#1992,#2003,#2009,#2010));
#1992 = ORIENTED_EDGE('',*,*,#1993,.T.);
#1993 = EDGE_CURVE('',#1994,#1996,#1998,.T.);
#1994 = VERTEX_POINT('',#1995);
#1995 = CARTESIAN_POINT('',(2.847759065023,-0.76536686473,3.8));
#1996 = VERTEX_POINT('',#1997);
#1997 = CARTESIAN_POINT('',(2.847759065023,0.76536686473,3.8));
#1998 = CIRCLE('',#1999,2.);
#1999 = AXIS2_PLACEMENT_3D('',#2000,#2001,#2002);
#2000 = CARTESIAN_POINT('',(1.,0.,3.8));
#2001 = DIRECTION('',(0.,-0.,-1.));
#2002 = DIRECTION('',(0.923879532511,-0.382683432365,0.));
#2003 = ORIENTED_EDGE('',*,*,#2004,.F.);
#2004 = EDGE_CURVE('',#1678,#1996,#2005,.T.);
#2005 = LINE('',#2006,#2007);
#2006 = CARTESIAN_POINT('',(2.847759065023,0.76536686473,2.));
#2007 = VECTOR('',#2008,1.);
#2008 = DIRECTION('',(0.,0.,1.));
#2009 = ORIENTED_EDGE('',*,*,#1677,.F.);
#2010 = ORIENTED_EDGE('',*,*,#2011,.T.);
#2011 = EDGE_CURVE('',#1663,#1994,#2012,.T.);
#2012 = LINE('',#2013,#2014);
#2013 = CARTESIAN_POINT('',(2.847759065023,-0.76536686473,2.));
#2014 = VECTOR('',#2015,1.);
#2015 = DIRECTION('',(0.,0.,1.));
#2016 = CYLINDRICAL_SURFACE('',#2017,2.);
#2017 = AXIS2_PLACEMENT_3D('',#2018,#2019,#2020);
#2018 = CARTESIAN_POINT('',(1.,0.,2.));
#2019 = DIRECTION('',(0.,0.,1.));
#2020 = DIRECTION('',(0.923879532511,-0.382683432365,0.));
#2021 = ADVANCED_FACE('',(#2022),#2041,.T.);
#2022 = FACE_BOUND('',#2023,.T.);
#2023 = EDGE_LOOP('',(#2024,#2025,#2026,#2040));
#2024 = ORIENTED_EDGE('',*,*,#1831,.F.);
#2025 = ORIENTED_EDGE('',*,*,#1875,.F.);
#2026 = ORIENTED_EDGE('',*,*,#2027,.T.);
#2027 = EDGE_CURVE('',#1860,#1927,#2028,.T.);
#2028 = B_SPLINE_CURVE_WITH_KNOTS('',4,(#2029,#2030,#2031,#2032,#2033,
    #2034,#2035,#2036,#2037,#2038,#2039),.UNSPECIFIED.,.F.,.F.,(5,3,3,5)
  ,(-9.553077572578E-02,-1.079746146774E-07,1.570796434769,
    1.666326955105),.UNSPECIFIED.);
#2029 = CARTESIAN_POINT('',(2.811201060562,0.853625694727,2.105151982969
    ));
#2030 = CARTESIAN_POINT('',(2.820340564306,0.831560980883,2.105151982969
    ));
#2031 = CARTESIAN_POINT('',(2.829480066203,0.809496271496,2.105151982969
    ));
#2032 = CARTESIAN_POINT('',(2.838619566254,0.787431566566,2.105151982969
    ));
#2033 = CARTESIAN_POINT('',(2.998038472327,0.402560282228,2.105151982969
    ));
#2034 = CARTESIAN_POINT('',(3.053359617628,6.446181541886E-07,
    2.105151982969));
#2035 = CARTESIAN_POINT('',(2.998038749757,-0.402559612452,
    2.105151982969));
#2036 = CARTESIAN_POINT('',(2.838619563485,-0.787431573251,
    2.105151982969));
#2037 = CARTESIAN_POINT('',(2.829480062511,-0.809496280409,
    2.105151982969));
#2038 = CARTESIAN_POINT('',(2.820340561537,-0.831560987568,
    2.105151982969));
#2039 = CARTESIAN_POINT('',(2.811201060562,-0.853625694727,
    2.105151982969));
#2040 = ORIENTED_EDGE('',*,*,#1926,.T.);
#2041 = ( BOUNDED_SURFACE() B_SPLINE_SURFACE(2,4,(
    (#2042,#2043,#2044,#2045,#2046,#2047,#2048,#2049,#2050,#2051,#2052)
    ,(#2053,#2054,#2055,#2056,#2057,#2058,#2059,#2060,#2061,#2062,#2063)
    ,(#2064,#2065,#2066,#2067,#2068,#2069,#2070,#2071,#2072,#2073,#2074
)),.UNSPECIFIED.,.F.,.F.,.F.) B_SPLINE_SURFACE_WITH_KNOTS((3,3),(5,3,3,5
    ),(0.,1.570796542744),(-9.553077572578E-02,-1.079746146774E-07,
    1.570796434769,1.666326955105),.UNSPECIFIED.) 
GEOMETRIC_REPRESENTATION_ITEM() RATIONAL_B_SPLINE_SURFACE((
    (1.,1.,1.,1.,1.,1.,1.,1.,1.,1.,1.)
    ,(0.954064553889,0.954064553889,0.954064553889,0.954064553889
      ,0.954064553889,0.954064553889,0.954064553889,0.954064553889
      ,0.954064553889,0.954064553889,0.954064553889)
,(1.,1.,1.,1.,1.,1.,1.,1.,1.,1.,1.
  ))) REPRESENTATION_ITEM('') SURFACE() );
#2042 = CARTESIAN_POINT('',(2.761444147266,0.833015703271,1.933648701541
    ));
#2043 = CARTESIAN_POINT('',(2.770829761858,0.810356825185,1.933648701541
    ));
#2044 = CARTESIAN_POINT('',(2.780051300683,0.788094061041,1.933648701541
    ));
#2045 = CARTESIAN_POINT('',(2.789108763741,0.76622741084,1.933648701541)
  );
#2046 = CARTESIAN_POINT('',(2.944234793798,0.39172004442,1.933648701541)
  );
#2047 = CARTESIAN_POINT('',(2.998066229427,5.781419779582E-07,
    1.933648701541));
#2048 = CARTESIAN_POINT('',(2.944235078699,-0.391719356608,
    1.933648701541));
#2049 = CARTESIAN_POINT('',(2.789108760138,-0.766227419539,
    1.933648701541));
#2050 = CARTESIAN_POINT('',(2.780051295879,-0.78809407264,1.933648701541
    ));
#2051 = CARTESIAN_POINT('',(2.770829758255,-0.810356833884,
    1.933648701541));
#2052 = CARTESIAN_POINT('',(2.761444147266,-0.833015703271,
    1.933648701541));
#2053 = CARTESIAN_POINT('',(2.811201060562,0.853625694727,2.010944171156
    ));
#2054 = CARTESIAN_POINT('',(2.820340564306,0.831560980883,2.010944171156
    ));
#2055 = CARTESIAN_POINT('',(2.829480066203,0.809496271496,2.010944171156
    ));
#2056 = CARTESIAN_POINT('',(2.838619566254,0.787431566566,2.010944171156
    ));
#2057 = CARTESIAN_POINT('',(2.998038472327,0.402560282228,2.010944171156
    ));
#2058 = CARTESIAN_POINT('',(3.053359617628,6.446181521902E-07,
    2.010944171156));
#2059 = CARTESIAN_POINT('',(2.998038749757,-0.402559612452,
    2.010944171156));
#2060 = CARTESIAN_POINT('',(2.838619563485,-0.787431573251,
    2.010944171156));
#2061 = CARTESIAN_POINT('',(2.829480062511,-0.809496280409,
    2.010944171156));
#2062 = CARTESIAN_POINT('',(2.820340561537,-0.831560987568,
    2.010944171156));
#2063 = CARTESIAN_POINT('',(2.811201060562,-0.853625694727,
    2.010944171156));
#2064 = CARTESIAN_POINT('',(2.811201060562,0.853625694727,2.105151982969
    ));
#2065 = CARTESIAN_POINT('',(2.820340564306,0.831560980883,2.105151982969
    ));
#2066 = CARTESIAN_POINT('',(2.829480066203,0.809496271496,2.105151982969
    ));
#2067 = CARTESIAN_POINT('',(2.838619566254,0.787431566566,2.105151982969
    ));
#2068 = CARTESIAN_POINT('',(2.998038472327,0.402560282228,2.105151982969
    ));
#2069 = CARTESIAN_POINT('',(3.053359617628,6.446181541886E-07,
    2.105151982969));
#2070 = CARTESIAN_POINT('',(2.998038749757,-0.402559612452,
    2.105151982969));
#2071 = CARTESIAN_POINT('',(2.838619563485,-0.787431573251,
    2.105151982969));
#2072 = CARTESIAN_POINT('',(2.829480062511,-0.809496280409,
    2.105151982969));
#2073 = CARTESIAN_POINT('',(2.820340561537,-0.831560987568,
    2.105151982969));
#2074 = CARTESIAN_POINT('',(2.811201060562,-0.853625694727,
    2.105151982969));
#2075 = ADVANCED_FACE('',(#2076),#2147,.T.);
#2076 = FACE_BOUND('',#2077,.T.);
#2077 = EDGE_LOOP('',(#2078,#2085,#2086,#2087,#2095,#2109,#2118,#2132,
    #2139,#2145,#2146));
#2078 = ORIENTED_EDGE('',*,*,#2079,.T.);
#2079 = EDGE_CURVE('',#1996,#1994,#2080,.T.);
#2080 = CIRCLE('',#2081,2.);
#2081 = AXIS2_PLACEMENT_3D('',#2082,#2083,#2084);
#2082 = CARTESIAN_POINT('',(1.,0.,3.8));
#2083 = DIRECTION('',(0.,0.,-1.));
#2084 = DIRECTION('',(0.923879532511,0.382683432365,0.));
#2085 = ORIENTED_EDGE('',*,*,#2011,.F.);
#2086 = ORIENTED_EDGE('',*,*,#1941,.F.);
#2087 = ORIENTED_EDGE('',*,*,#2088,.T.);
#2088 = EDGE_CURVE('',#1927,#2089,#2091,.T.);
#2089 = VERTEX_POINT('',#2090);
#2090 = CARTESIAN_POINT('',(2.984313483298,-0.25,2.751));
#2091 = LINE('',#2092,#2093);
#2092 = CARTESIAN_POINT('',(2.984313483298,-0.25,2.));
#2093 = VECTOR('',#2094,1.);
#2094 = DIRECTION('',(0.,0.,1.));
#2095 = ORIENTED_EDGE('',*,*,#2096,.F.);
#2096 = EDGE_CURVE('',#2097,#2089,#2099,.T.);
#2097 = VERTEX_POINT('',#2098);
#2098 = CARTESIAN_POINT('',(2.99999975,-1.E-03,3.));
#2099 = B_SPLINE_CURVE_WITH_KNOTS('',8,(#2100,#2101,#2102,#2103,#2104,
    #2105,#2106,#2107,#2108),.UNSPECIFIED.,.F.,.F.,(9,9),(0.,1.),
  .PIECEWISE_BEZIER_KNOTS.);
#2100 = CARTESIAN_POINT('',(2.99999975,-1.E-03,3.));
#2101 = CARTESIAN_POINT('',(2.999973646983,-5.320602689918E-02,3.));
#2102 = CARTESIAN_POINT('',(2.998390810941,-0.103840865969,
    2.987489955991));
#2103 = CARTESIAN_POINT('',(2.995417551369,-0.149933662161,
    2.963793137321));
#2104 = CARTESIAN_POINT('',(2.991698335935,-0.18915569331,2.930617868257
    ));
#2105 = CARTESIAN_POINT('',(2.988142168513,-0.21960563085,2.890139179425
    ));
#2106 = CARTESIAN_POINT('',(2.985564003857,-0.240075414019,
    2.844828923972));
#2107 = CARTESIAN_POINT('',(2.984313483298,-0.25,2.797502257568));
#2108 = CARTESIAN_POINT('',(2.984313483298,-0.25,2.751));
#2109 = ORIENTED_EDGE('',*,*,#2110,.T.);
#2110 = EDGE_CURVE('',#2097,#2111,#2113,.T.);
#2111 = VERTEX_POINT('',#2112);
#2112 = CARTESIAN_POINT('',(2.99999975,9.999999999998E-04,3.));
#2113 = CIRCLE('',#2114,2.);
#2114 = AXIS2_PLACEMENT_3D('',#2115,#2116,#2117);
#2115 = CARTESIAN_POINT('',(1.,0.,3.));
#2116 = DIRECTION('',(0.,-0.,1.));
#2117 = DIRECTION('',(0.923879532511,0.382683432365,0.));
#2118 = ORIENTED_EDGE('',*,*,#2119,.F.);
#2119 = EDGE_CURVE('',#2120,#2111,#2122,.T.);
#2120 = VERTEX_POINT('',#2121);
#2121 = CARTESIAN_POINT('',(2.984313520798,0.249999702353,2.751385004065
    ));
#2122 = B_SPLINE_CURVE_WITH_KNOTS('',8,(#2123,#2124,#2125,#2126,#2127,
    #2128,#2129,#2130,#2131),.UNSPECIFIED.,.F.,.F.,(9,9),(0.,1.),
  .PIECEWISE_BEZIER_KNOTS.);
#2123 = CARTESIAN_POINT('',(2.984313520798,0.249999702353,2.751385004065
    ));
#2124 = CARTESIAN_POINT('',(2.984322571935,0.249927861101,2.797848021141
    ));
#2125 = CARTESIAN_POINT('',(2.985580187864,0.239946887988,2.845112368816
    ));
#2126 = CARTESIAN_POINT('',(2.988160705155,0.219446949852,2.890347419449
    ));
#2127 = CARTESIAN_POINT('',(2.991713414901,0.18899503999,2.930750810988)
  );
#2128 = CARTESIAN_POINT('',(2.995426125747,0.149796280228,2.963861486156
    ));
#2129 = CARTESIAN_POINT('',(2.998393685887,0.103744337215,2.987512653753
    ));
#2130 = CARTESIAN_POINT('',(2.999973670673,5.315864689126E-02,3.));
#2131 = CARTESIAN_POINT('',(2.99999975,9.999999999996E-04,3.));
#2132 = ORIENTED_EDGE('',*,*,#2133,.F.);
#2133 = EDGE_CURVE('',#2134,#2120,#2136,.T.);
#2134 = VERTEX_POINT('',#2135);
#2135 = CARTESIAN_POINT('',(2.984313483298,0.25,2.751));
#2136 = B_SPLINE_CURVE_WITH_KNOTS('',1,(#2137,#2138),.UNSPECIFIED.,.F.,
  .F.,(2,2),(0.,1.),.PIECEWISE_BEZIER_KNOTS.);
#2137 = CARTESIAN_POINT('',(2.984313483298,0.25,2.751));
#2138 = CARTESIAN_POINT('',(2.984313520798,0.249999702353,2.751385004065
    ));
#2139 = ORIENTED_EDGE('',*,*,#2140,.F.);
#2140 = EDGE_CURVE('',#1860,#2134,#2141,.T.);
#2141 = LINE('',#2142,#2143);
#2142 = CARTESIAN_POINT('',(2.984313483298,0.25,2.));
#2143 = VECTOR('',#2144,1.);
#2144 = DIRECTION('',(0.,0.,1.));
#2145 = ORIENTED_EDGE('',*,*,#1859,.F.);
#2146 = ORIENTED_EDGE('',*,*,#2004,.T.);
#2147 = CYLINDRICAL_SURFACE('',#2148,2.);
#2148 = AXIS2_PLACEMENT_3D('',#2149,#2150,#2151);
#2149 = CARTESIAN_POINT('',(1.,0.,2.));
#2150 = DIRECTION('',(0.,0.,1.));
#2151 = DIRECTION('',(0.923879532511,0.382683432365,-0.));
#2152 = ADVANCED_FACE('',(#2153),#2181,.T.);
#2153 = FACE_BOUND('',#2154,.T.);
#2154 = EDGE_LOOP('',(#2155,#2164,#2173,#2180));
#2155 = ORIENTED_EDGE('',*,*,#2156,.T.);
#2156 = EDGE_CURVE('',#1994,#2157,#2159,.T.);
#2157 = VERTEX_POINT('',#2158);
#2158 = CARTESIAN_POINT('',(2.66298315852,-0.688830178257,4.));
#2159 = CIRCLE('',#2160,0.2);
#2160 = AXIS2_PLACEMENT_3D('',#2161,#2162,#2163);
#2161 = CARTESIAN_POINT('',(2.66298315852,-0.688830178257,3.8));
#2162 = DIRECTION('',(-0.382683432365,-0.923879532511,0.));
#2163 = DIRECTION('',(0.923879532511,-0.382683432365,0.));
#2164 = ORIENTED_EDGE('',*,*,#2165,.T.);
#2165 = EDGE_CURVE('',#2157,#2166,#2168,.T.);
#2166 = VERTEX_POINT('',#2167);
#2167 = CARTESIAN_POINT('',(2.66298315852,0.688830178257,4.));
#2168 = CIRCLE('',#2169,1.8);
#2169 = AXIS2_PLACEMENT_3D('',#2170,#2171,#2172);
#2170 = CARTESIAN_POINT('',(1.,0.,4.));
#2171 = DIRECTION('',(0.,-0.,-1.));
#2172 = DIRECTION('',(0.923879532511,-0.382683432365,0.));
#2173 = ORIENTED_EDGE('',*,*,#2174,.F.);
#2174 = EDGE_CURVE('',#1996,#2166,#2175,.T.);
#2175 = CIRCLE('',#2176,0.2);
#2176 = AXIS2_PLACEMENT_3D('',#2177,#2178,#2179);
#2177 = CARTESIAN_POINT('',(2.66298315852,0.688830178257,3.8));
#2178 = DIRECTION('',(0.382683432365,-0.923879532511,0.));
#2179 = DIRECTION('',(0.923879532511,0.382683432365,0.));
#2180 = ORIENTED_EDGE('',*,*,#1993,.F.);
#2181 = TOROIDAL_SURFACE('',#2182,1.8,0.2);
#2182 = AXIS2_PLACEMENT_3D('',#2183,#2184,#2185);
#2183 = CARTESIAN_POINT('',(1.,0.,3.8));
#2184 = DIRECTION('',(0.,0.,1.));
#2185 = DIRECTION('',(0.923879532511,-0.382683432365,0.));
#2186 = ADVANCED_FACE('',(#2187),#2196,.T.);
#2187 = FACE_BOUND('',#2188,.T.);
#2188 = EDGE_LOOP('',(#2189,#2190,#2191,#2192,#2193,#2194,#2195));
#2189 = ORIENTED_EDGE('',*,*,#2133,.T.);
#2190 = ORIENTED_EDGE('',*,*,#2119,.T.);
#2191 = ORIENTED_EDGE('',*,*,#2110,.F.);
#2192 = ORIENTED_EDGE('',*,*,#2096,.T.);
#2193 = ORIENTED_EDGE('',*,*,#2088,.F.);
#2194 = ORIENTED_EDGE('',*,*,#2027,.F.);
#2195 = ORIENTED_EDGE('',*,*,#2140,.T.);
#2196 = CYLINDRICAL_SURFACE('',#2197,2.);
#2197 = AXIS2_PLACEMENT_3D('',#2198,#2199,#2200);
#2198 = CARTESIAN_POINT('',(1.,0.,2.));
#2199 = DIRECTION('',(0.,0.,1.));
#2200 = DIRECTION('',(0.923879532511,0.382683432365,-0.));
#2201 = ADVANCED_FACE('',(#2202),#2214,.T.);
#2202 = FACE_BOUND('',#2203,.T.);
#2203 = EDGE_LOOP('',(#2204,#2205,#2212,#2213));
#2204 = ORIENTED_EDGE('',*,*,#2174,.T.);
#2205 = ORIENTED_EDGE('',*,*,#2206,.T.);
#2206 = EDGE_CURVE('',#2166,#2157,#2207,.T.);
#2207 = CIRCLE('',#2208,1.8);
#2208 = AXIS2_PLACEMENT_3D('',#2209,#2210,#2211);
#2209 = CARTESIAN_POINT('',(1.,0.,4.));
#2210 = DIRECTION('',(0.,0.,-1.));
#2211 = DIRECTION('',(0.923879532511,0.382683432365,0.));
#2212 = ORIENTED_EDGE('',*,*,#2156,.F.);
#2213 = ORIENTED_EDGE('',*,*,#2079,.F.);
#2214 = TOROIDAL_SURFACE('',#2215,1.8,0.2);
#2215 = AXIS2_PLACEMENT_3D('',#2216,#2217,#2218);
#2216 = CARTESIAN_POINT('',(1.,0.,3.8));
#2217 = DIRECTION('',(0.,0.,1.));
#2218 = DIRECTION('',(0.923879532511,0.382683432365,-0.));
#2219 = ADVANCED_FACE('',(#2220),#2246,.F.);
#2220 = FACE_BOUND('',#2221,.F.);
#2221 = EDGE_LOOP('',(#2222,#2223,#2231,#2240));
#2222 = ORIENTED_EDGE('',*,*,#2165,.T.);
#2223 = ORIENTED_EDGE('',*,*,#2224,.T.);
#2224 = EDGE_CURVE('',#2166,#2225,#2227,.T.);
#2225 = VERTEX_POINT('',#2226);
#2226 = CARTESIAN_POINT('',(2.293431345516,0.535756805311,4.));
#2227 = LINE('',#2228,#2229);
#2228 = CARTESIAN_POINT('',(2.66298315852,0.688830178257,4.));
#2229 = VECTOR('',#2230,1.);
#2230 = DIRECTION('',(-0.923879532511,-0.382683432365,0.));
#2231 = ORIENTED_EDGE('',*,*,#2232,.F.);
#2232 = EDGE_CURVE('',#2233,#2225,#2235,.T.);
#2233 = VERTEX_POINT('',#2234);
#2234 = CARTESIAN_POINT('',(2.293431345516,-0.535756805311,4.));
#2235 = CIRCLE('',#2236,1.4);
#2236 = AXIS2_PLACEMENT_3D('',#2237,#2238,#2239);
#2237 = CARTESIAN_POINT('',(1.,0.,4.));
#2238 = DIRECTION('',(0.,-0.,-1.));
#2239 = DIRECTION('',(0.923879532511,-0.382683432365,0.));
#2240 = ORIENTED_EDGE('',*,*,#2241,.F.);
#2241 = EDGE_CURVE('',#2157,#2233,#2242,.T.);
#2242 = LINE('',#2243,#2244);
#2243 = CARTESIAN_POINT('',(2.66298315852,-0.688830178257,4.));
#2244 = VECTOR('',#2245,1.);
#2245 = DIRECTION('',(-0.923879532511,0.382683432365,0.));
#2246 = PLANE('',#2247);
#2247 = AXIS2_PLACEMENT_3D('',#2248,#2249,#2250);
#2248 = CARTESIAN_POINT('',(1.,0.,4.));
#2249 = DIRECTION('',(0.,0.,-1.));
#2250 = DIRECTION('',(0.923879532511,-0.382683432365,0.));
#2251 = ADVANCED_FACE('',(#2252),#2264,.F.);
#2252 = FACE_BOUND('',#2253,.F.);
#2253 = EDGE_LOOP('',(#2254,#2255,#2256,#2263));
#2254 = ORIENTED_EDGE('',*,*,#2206,.T.);
#2255 = ORIENTED_EDGE('',*,*,#2241,.T.);
#2256 = ORIENTED_EDGE('',*,*,#2257,.F.);
#2257 = EDGE_CURVE('',#2225,#2233,#2258,.T.);
#2258 = CIRCLE('',#2259,1.4);
#2259 = AXIS2_PLACEMENT_3D('',#2260,#2261,#2262);
#2260 = CARTESIAN_POINT('',(1.,0.,4.));
#2261 = DIRECTION('',(0.,0.,-1.));
#2262 = DIRECTION('',(0.923879532511,0.382683432365,0.));
#2263 = ORIENTED_EDGE('',*,*,#2224,.F.);
#2264 = PLANE('',#2265);
#2265 = AXIS2_PLACEMENT_3D('',#2266,#2267,#2268);
#2266 = CARTESIAN_POINT('',(1.,0.,4.));
#2267 = DIRECTION('',(0.,0.,-1.));
#2268 = DIRECTION('',(0.923879532511,0.382683432365,0.));
#2269 = ADVANCED_FACE('',(#2270),#2407,.F.);
#2270 = FACE_BOUND('',#2271,.F.);
#2271 = EDGE_LOOP('',(#2272,#2280,#2281,#2289,#2298,#2306,#2315,#2323,
    #2332,#2340,#2349,#2358,#2366,#2375,#2383,#2392,#2400));
#2272 = ORIENTED_EDGE('',*,*,#2273,.F.);
#2273 = EDGE_CURVE('',#2233,#2274,#2276,.T.);
#2274 = VERTEX_POINT('',#2275);
#2275 = CARTESIAN_POINT('',(2.293431345516,-0.535756805311,3.9));
#2276 = LINE('',#2277,#2278);
#2277 = CARTESIAN_POINT('',(2.293431345516,-0.535756805311,4.));
#2278 = VECTOR('',#2279,1.);
#2279 = DIRECTION('',(0.,0.,-1.));
#2280 = ORIENTED_EDGE('',*,*,#2232,.T.);
#2281 = ORIENTED_EDGE('',*,*,#2282,.T.);
#2282 = EDGE_CURVE('',#2225,#2283,#2285,.T.);
#2283 = VERTEX_POINT('',#2284);
#2284 = CARTESIAN_POINT('',(2.293431345516,0.535756805311,3.9));
#2285 = LINE('',#2286,#2287);
#2286 = CARTESIAN_POINT('',(2.293431345516,0.535756805311,4.));
#2287 = VECTOR('',#2288,1.);
#2288 = DIRECTION('',(0.,0.,-1.));
#2289 = ORIENTED_EDGE('',*,*,#2290,.T.);
#2290 = EDGE_CURVE('',#2283,#2291,#2293,.T.);
#2291 = VERTEX_POINT('',#2292);
#2292 = CARTESIAN_POINT('',(1.05,1.399106857963,3.9));
#2293 = CIRCLE('',#2294,1.4);
#2294 = AXIS2_PLACEMENT_3D('',#2295,#2296,#2297);
#2295 = CARTESIAN_POINT('',(1.,0.,3.9));
#2296 = DIRECTION('',(0.,0.,1.));
#2297 = DIRECTION('',(-1.,1.224646799147E-16,0.));
#2298 = ORIENTED_EDGE('',*,*,#2299,.T.);
#2299 = EDGE_CURVE('',#2291,#2300,#2302,.T.);
#2300 = VERTEX_POINT('',#2301);
#2301 = CARTESIAN_POINT('',(1.05,1.399106857963,3.8));
#2302 = LINE('',#2303,#2304);
#2303 = CARTESIAN_POINT('',(1.05,1.399106857963,3.7));
#2304 = VECTOR('',#2305,1.);
#2305 = DIRECTION('',(0.,0.,-1.));
#2306 = ORIENTED_EDGE('',*,*,#2307,.F.);
#2307 = EDGE_CURVE('',#2308,#2300,#2310,.T.);
#2308 = VERTEX_POINT('',#2309);
#2309 = CARTESIAN_POINT('',(0.95,1.399106857963,3.8));
#2310 = CIRCLE('',#2311,1.4);
#2311 = AXIS2_PLACEMENT_3D('',#2312,#2313,#2314);
#2312 = CARTESIAN_POINT('',(1.,0.,3.8));
#2313 = DIRECTION('',(0.,0.,-1.));
#2314 = DIRECTION('',(-1.,1.224646799147E-16,0.));
#2315 = ORIENTED_EDGE('',*,*,#2316,.F.);
#2316 = EDGE_CURVE('',#2317,#2308,#2319,.T.);
#2317 = VERTEX_POINT('',#2318);
#2318 = CARTESIAN_POINT('',(0.95,1.399106857963,3.9));
#2319 = LINE('',#2320,#2321);
#2320 = CARTESIAN_POINT('',(0.95,1.399106857963,3.7));
#2321 = VECTOR('',#2322,1.);
#2322 = DIRECTION('',(0.,0.,-1.));
#2323 = ORIENTED_EDGE('',*,*,#2324,.T.);
#2324 = EDGE_CURVE('',#2317,#2325,#2327,.T.);
#2325 = VERTEX_POINT('',#2326);
#2326 = CARTESIAN_POINT('',(-0.399106857963,4.999999999998E-02,3.9));
#2327 = CIRCLE('',#2328,1.4);
#2328 = AXIS2_PLACEMENT_3D('',#2329,#2330,#2331);
#2329 = CARTESIAN_POINT('',(1.,0.,3.9));
#2330 = DIRECTION('',(0.,0.,1.));
#2331 = DIRECTION('',(-1.,1.224646799147E-16,0.));
#2332 = ORIENTED_EDGE('',*,*,#2333,.T.);
#2333 = EDGE_CURVE('',#2325,#2334,#2336,.T.);
#2334 = VERTEX_POINT('',#2335);
#2335 = CARTESIAN_POINT('',(-0.399106857963,5.E-02,3.8));
#2336 = LINE('',#2337,#2338);
#2337 = CARTESIAN_POINT('',(-0.399106857963,5.E-02,3.7));
#2338 = VECTOR('',#2339,1.);
#2339 = DIRECTION('',(0.,0.,-1.));
#2340 = ORIENTED_EDGE('',*,*,#2341,.F.);
#2341 = EDGE_CURVE('',#2342,#2334,#2344,.T.);
#2342 = VERTEX_POINT('',#2343);
#2343 = CARTESIAN_POINT('',(-0.4,1.714505518806E-16,3.8));
#2344 = CIRCLE('',#2345,1.4);
#2345 = AXIS2_PLACEMENT_3D('',#2346,#2347,#2348);
#2346 = CARTESIAN_POINT('',(1.,0.,3.8));
#2347 = DIRECTION('',(0.,0.,-1.));
#2348 = DIRECTION('',(-1.,1.224646799147E-16,0.));
#2349 = ORIENTED_EDGE('',*,*,#2350,.F.);
#2350 = EDGE_CURVE('',#2351,#2342,#2353,.T.);
#2351 = VERTEX_POINT('',#2352);
#2352 = CARTESIAN_POINT('',(-0.399106857963,-5.E-02,3.8));
#2353 = CIRCLE('',#2354,1.4);
#2354 = AXIS2_PLACEMENT_3D('',#2355,#2356,#2357);
#2355 = CARTESIAN_POINT('',(1.,0.,3.8));
#2356 = DIRECTION('',(0.,0.,-1.));
#2357 = DIRECTION('',(-1.,1.224646799147E-16,0.));
#2358 = ORIENTED_EDGE('',*,*,#2359,.F.);
#2359 = EDGE_CURVE('',#2360,#2351,#2362,.T.);
#2360 = VERTEX_POINT('',#2361);
#2361 = CARTESIAN_POINT('',(-0.399106857963,-4.999999999998E-02,3.9));
#2362 = LINE('',#2363,#2364);
#2363 = CARTESIAN_POINT('',(-0.399106857963,-5.E-02,3.7));
#2364 = VECTOR('',#2365,1.);
#2365 = DIRECTION('',(0.,0.,-1.));
#2366 = ORIENTED_EDGE('',*,*,#2367,.T.);
#2367 = EDGE_CURVE('',#2360,#2368,#2370,.T.);
#2368 = VERTEX_POINT('',#2369);
#2369 = CARTESIAN_POINT('',(0.95,-1.399106857963,3.9));
#2370 = CIRCLE('',#2371,1.4);
#2371 = AXIS2_PLACEMENT_3D('',#2372,#2373,#2374);
#2372 = CARTESIAN_POINT('',(1.,0.,3.9));
#2373 = DIRECTION('',(0.,0.,1.));
#2374 = DIRECTION('',(-1.,1.224646799147E-16,0.));
#2375 = ORIENTED_EDGE('',*,*,#2376,.T.);
#2376 = EDGE_CURVE('',#2368,#2377,#2379,.T.);
#2377 = VERTEX_POINT('',#2378);
#2378 = CARTESIAN_POINT('',(0.95,-1.399106857963,3.8));
#2379 = LINE('',#2380,#2381);
#2380 = CARTESIAN_POINT('',(0.95,-1.399106857963,3.7));
#2381 = VECTOR('',#2382,1.);
#2382 = DIRECTION('',(0.,0.,-1.));
#2383 = ORIENTED_EDGE('',*,*,#2384,.F.);
#2384 = EDGE_CURVE('',#2385,#2377,#2387,.T.);
#2385 = VERTEX_POINT('',#2386);
#2386 = CARTESIAN_POINT('',(1.05,-1.399106857963,3.8));
#2387 = CIRCLE('',#2388,1.4);
#2388 = AXIS2_PLACEMENT_3D('',#2389,#2390,#2391);
#2389 = CARTESIAN_POINT('',(1.,0.,3.8));
#2390 = DIRECTION('',(0.,0.,-1.));
#2391 = DIRECTION('',(-1.,1.224646799147E-16,0.));
#2392 = ORIENTED_EDGE('',*,*,#2393,.F.);
#2393 = EDGE_CURVE('',#2394,#2385,#2396,.T.);
#2394 = VERTEX_POINT('',#2395);
#2395 = CARTESIAN_POINT('',(1.05,-1.399106857963,3.9));
#2396 = LINE('',#2397,#2398);
#2397 = CARTESIAN_POINT('',(1.05,-1.399106857963,3.7));
#2398 = VECTOR('',#2399,1.);
#2399 = DIRECTION('',(0.,0.,-1.));
#2400 = ORIENTED_EDGE('',*,*,#2401,.T.);
#2401 = EDGE_CURVE('',#2394,#2274,#2402,.T.);
#2402 = CIRCLE('',#2403,1.4);
#2403 = AXIS2_PLACEMENT_3D('',#2404,#2405,#2406);
#2404 = CARTESIAN_POINT('',(1.,0.,3.9));
#2405 = DIRECTION('',(0.,0.,1.));
#2406 = DIRECTION('',(-1.,1.224646799147E-16,0.));
#2407 = CYLINDRICAL_SURFACE('',#2408,1.4);
#2408 = AXIS2_PLACEMENT_3D('',#2409,#2410,#2411);
#2409 = CARTESIAN_POINT('',(1.,0.,4.));
#2410 = DIRECTION('',(0.,0.,-1.));
#2411 = DIRECTION('',(0.923879532511,-0.382683432365,0.));
#2412 = ADVANCED_FACE('',(#2413),#2459,.F.);
#2413 = FACE_BOUND('',#2414,.F.);
#2414 = EDGE_LOOP('',(#2415,#2416,#2417,#2418,#2427,#2435,#2444,#2452));
#2415 = ORIENTED_EDGE('',*,*,#2282,.F.);
#2416 = ORIENTED_EDGE('',*,*,#2257,.T.);
#2417 = ORIENTED_EDGE('',*,*,#2273,.T.);
#2418 = ORIENTED_EDGE('',*,*,#2419,.T.);
#2419 = EDGE_CURVE('',#2274,#2420,#2422,.T.);
#2420 = VERTEX_POINT('',#2421);
#2421 = CARTESIAN_POINT('',(2.399106857963,-5.000000000001E-02,3.9));
#2422 = CIRCLE('',#2423,1.4);
#2423 = AXIS2_PLACEMENT_3D('',#2424,#2425,#2426);
#2424 = CARTESIAN_POINT('',(1.,0.,3.9));
#2425 = DIRECTION('',(0.,0.,1.));
#2426 = DIRECTION('',(-1.,1.224646799147E-16,0.));
#2427 = ORIENTED_EDGE('',*,*,#2428,.T.);
#2428 = EDGE_CURVE('',#2420,#2429,#2431,.T.);
#2429 = VERTEX_POINT('',#2430);
#2430 = CARTESIAN_POINT('',(2.399106857963,-5.E-02,3.8));
#2431 = LINE('',#2432,#2433);
#2432 = CARTESIAN_POINT('',(2.399106857963,-5.E-02,3.7));
#2433 = VECTOR('',#2434,1.);
#2434 = DIRECTION('',(0.,0.,-1.));
#2435 = ORIENTED_EDGE('',*,*,#2436,.F.);
#2436 = EDGE_CURVE('',#2437,#2429,#2439,.T.);
#2437 = VERTEX_POINT('',#2438);
#2438 = CARTESIAN_POINT('',(2.399106857963,5.E-02,3.8));
#2439 = CIRCLE('',#2440,1.4);
#2440 = AXIS2_PLACEMENT_3D('',#2441,#2442,#2443);
#2441 = CARTESIAN_POINT('',(1.,0.,3.8));
#2442 = DIRECTION('',(0.,0.,-1.));
#2443 = DIRECTION('',(-1.,1.224646799147E-16,0.));
#2444 = ORIENTED_EDGE('',*,*,#2445,.F.);
#2445 = EDGE_CURVE('',#2446,#2437,#2448,.T.);
#2446 = VERTEX_POINT('',#2447);
#2447 = CARTESIAN_POINT('',(2.399106857963,5.000000000001E-02,3.9));
#2448 = LINE('',#2449,#2450);
#2449 = CARTESIAN_POINT('',(2.399106857963,5.E-02,3.7));
#2450 = VECTOR('',#2451,1.);
#2451 = DIRECTION('',(0.,0.,-1.));
#2452 = ORIENTED_EDGE('',*,*,#2453,.T.);
#2453 = EDGE_CURVE('',#2446,#2283,#2454,.T.);
#2454 = CIRCLE('',#2455,1.4);
#2455 = AXIS2_PLACEMENT_3D('',#2456,#2457,#2458);
#2456 = CARTESIAN_POINT('',(1.,0.,3.9));
#2457 = DIRECTION('',(0.,0.,1.));
#2458 = DIRECTION('',(-1.,1.224646799147E-16,0.));
#2459 = CYLINDRICAL_SURFACE('',#2460,1.4);
#2460 = AXIS2_PLACEMENT_3D('',#2461,#2462,#2463);
#2461 = CARTESIAN_POINT('',(1.,0.,4.));
#2462 = DIRECTION('',(0.,0.,-1.));
#2463 = DIRECTION('',(0.923879532511,0.382683432365,0.));
#2464 = ADVANCED_FACE('',(#2465),#2483,.T.);
#2465 = FACE_BOUND('',#2466,.T.);
#2466 = EDGE_LOOP('',(#2467,#2475,#2476,#2477));
#2467 = ORIENTED_EDGE('',*,*,#2468,.F.);
#2468 = EDGE_CURVE('',#2394,#2469,#2471,.T.);
#2469 = VERTEX_POINT('',#2470);
#2470 = CARTESIAN_POINT('',(1.05,-5.E-02,3.9));
#2471 = LINE('',#2472,#2473);
#2472 = CARTESIAN_POINT('',(1.05,-4.05,3.9));
#2473 = VECTOR('',#2474,1.);
#2474 = DIRECTION('',(1.224646799147E-16,1.,0.));
#2475 = ORIENTED_EDGE('',*,*,#2401,.T.);
#2476 = ORIENTED_EDGE('',*,*,#2419,.T.);
#2477 = ORIENTED_EDGE('',*,*,#2478,.F.);
#2478 = EDGE_CURVE('',#2469,#2420,#2479,.T.);
#2479 = LINE('',#2480,#2481);
#2480 = CARTESIAN_POINT('',(1.05,-5.E-02,3.9));
#2481 = VECTOR('',#2482,1.);
#2482 = DIRECTION('',(1.,-1.224646799147E-16,0.));
#2483 = PLANE('',#2484);
#2484 = AXIS2_PLACEMENT_3D('',#2485,#2486,#2487);
#2485 = CARTESIAN_POINT('',(1.,-6.494268501652E-17,3.9));
#2486 = DIRECTION('',(1.677000223684E-32,-2.737449048414E-33,1.));
#2487 = DIRECTION('',(-1.,1.224646799147E-16,1.677000223684E-32));
#2488 = ADVANCED_FACE('',(#2489),#2507,.F.);
#2489 = FACE_BOUND('',#2490,.F.);
#2490 = EDGE_LOOP('',(#2491,#2492,#2493,#2501));
#2491 = ORIENTED_EDGE('',*,*,#2468,.F.);
#2492 = ORIENTED_EDGE('',*,*,#2393,.T.);
#2493 = ORIENTED_EDGE('',*,*,#2494,.T.);
#2494 = EDGE_CURVE('',#2385,#2495,#2497,.T.);
#2495 = VERTEX_POINT('',#2496);
#2496 = CARTESIAN_POINT('',(1.05,-5.E-02,3.8));
#2497 = LINE('',#2498,#2499);
#2498 = CARTESIAN_POINT('',(1.05,-4.05,3.8));
#2499 = VECTOR('',#2500,1.);
#2500 = DIRECTION('',(1.224646799147E-16,1.,0.));
#2501 = ORIENTED_EDGE('',*,*,#2502,.F.);
#2502 = EDGE_CURVE('',#2469,#2495,#2503,.T.);
#2503 = LINE('',#2504,#2505);
#2504 = CARTESIAN_POINT('',(1.05,-5.E-02,3.9));
#2505 = VECTOR('',#2506,1.);
#2506 = DIRECTION('',(-1.677000223684E-32,2.737449048414E-33,-1.));
#2507 = PLANE('',#2508);
#2508 = AXIS2_PLACEMENT_3D('',#2509,#2510,#2511);
#2509 = CARTESIAN_POINT('',(1.05,-4.05,3.9));
#2510 = DIRECTION('',(1.,-1.224646799147E-16,-1.677000223684E-32));
#2511 = DIRECTION('',(1.224646799147E-16,1.,0.));
#2512 = ADVANCED_FACE('',(#2513),#2531,.T.);
#2513 = FACE_BOUND('',#2514,.T.);
#2514 = EDGE_LOOP('',(#2515,#2516,#2517,#2525));
#2515 = ORIENTED_EDGE('',*,*,#2453,.T.);
#2516 = ORIENTED_EDGE('',*,*,#2290,.T.);
#2517 = ORIENTED_EDGE('',*,*,#2518,.F.);
#2518 = EDGE_CURVE('',#2519,#2291,#2521,.T.);
#2519 = VERTEX_POINT('',#2520);
#2520 = CARTESIAN_POINT('',(1.05,5.E-02,3.9));
#2521 = LINE('',#2522,#2523);
#2522 = CARTESIAN_POINT('',(1.05,5.E-02,3.9));
#2523 = VECTOR('',#2524,1.);
#2524 = DIRECTION('',(1.224646799147E-16,1.,0.));
#2525 = ORIENTED_EDGE('',*,*,#2526,.F.);
#2526 = EDGE_CURVE('',#2446,#2519,#2527,.T.);
#2527 = LINE('',#2528,#2529);
#2528 = CARTESIAN_POINT('',(5.05,5.E-02,3.9));
#2529 = VECTOR('',#2530,1.);
#2530 = DIRECTION('',(-1.,1.224646799147E-16,0.));
#2531 = PLANE('',#2532);
#2532 = AXIS2_PLACEMENT_3D('',#2533,#2534,#2535);
#2533 = CARTESIAN_POINT('',(1.,-6.494268501652E-17,3.9));
#2534 = DIRECTION('',(1.677000223684E-32,-2.737449048414E-33,1.));
#2535 = DIRECTION('',(-1.,1.224646799147E-16,1.677000223684E-32));
#2536 = ADVANCED_FACE('',(#2537),#2593,.T.);
#2537 = FACE_BOUND('',#2538,.T.);
#2538 = EDGE_LOOP('',(#2539,#2547,#2553,#2554,#2555,#2561,#2562,#2570,
    #2576,#2577,#2585,#2591,#2592));
#2539 = ORIENTED_EDGE('',*,*,#2540,.T.);
#2540 = EDGE_CURVE('',#2351,#2541,#2543,.T.);
#2541 = VERTEX_POINT('',#2542);
#2542 = CARTESIAN_POINT('',(0.95,-5.E-02,3.8));
#2543 = LINE('',#2544,#2545);
#2544 = CARTESIAN_POINT('',(-3.05,-5.E-02,3.8));
#2545 = VECTOR('',#2546,1.);
#2546 = DIRECTION('',(1.,-8.950493387118E-17,0.));
#2547 = ORIENTED_EDGE('',*,*,#2548,.T.);
#2548 = EDGE_CURVE('',#2541,#2377,#2549,.T.);
#2549 = LINE('',#2550,#2551);
#2550 = CARTESIAN_POINT('',(0.95,-5.E-02,3.8));
#2551 = VECTOR('',#2552,1.);
#2552 = DIRECTION('',(-1.224646799147E-16,-1.,0.));
#2553 = ORIENTED_EDGE('',*,*,#2384,.F.);
#2554 = ORIENTED_EDGE('',*,*,#2494,.T.);
#2555 = ORIENTED_EDGE('',*,*,#2556,.T.);
#2556 = EDGE_CURVE('',#2495,#2429,#2557,.T.);
#2557 = LINE('',#2558,#2559);
#2558 = CARTESIAN_POINT('',(1.05,-5.E-02,3.8));
#2559 = VECTOR('',#2560,1.);
#2560 = DIRECTION('',(1.,-1.224646799147E-16,0.));
#2561 = ORIENTED_EDGE('',*,*,#2436,.F.);
#2562 = ORIENTED_EDGE('',*,*,#2563,.T.);
#2563 = EDGE_CURVE('',#2437,#2564,#2566,.T.);
#2564 = VERTEX_POINT('',#2565);
#2565 = CARTESIAN_POINT('',(1.05,5.E-02,3.8));
#2566 = LINE('',#2567,#2568);
#2567 = CARTESIAN_POINT('',(5.05,5.E-02,3.8));
#2568 = VECTOR('',#2569,1.);
#2569 = DIRECTION('',(-1.,1.224646799147E-16,0.));
#2570 = ORIENTED_EDGE('',*,*,#2571,.T.);
#2571 = EDGE_CURVE('',#2564,#2300,#2572,.T.);
#2572 = LINE('',#2573,#2574);
#2573 = CARTESIAN_POINT('',(1.05,5.E-02,3.8));
#2574 = VECTOR('',#2575,1.);
#2575 = DIRECTION('',(1.224646799147E-16,1.,0.));
#2576 = ORIENTED_EDGE('',*,*,#2307,.F.);
#2577 = ORIENTED_EDGE('',*,*,#2578,.T.);
#2578 = EDGE_CURVE('',#2308,#2579,#2581,.T.);
#2579 = VERTEX_POINT('',#2580);
#2580 = CARTESIAN_POINT('',(0.95,5.E-02,3.8));
#2581 = LINE('',#2582,#2583);
#2582 = CARTESIAN_POINT('',(0.95,4.05,3.8));
#2583 = VECTOR('',#2584,1.);
#2584 = DIRECTION('',(-1.224646799147E-16,-1.,0.));
#2585 = ORIENTED_EDGE('',*,*,#2586,.T.);
#2586 = EDGE_CURVE('',#2579,#2334,#2587,.T.);
#2587 = LINE('',#2588,#2589);
#2588 = CARTESIAN_POINT('',(0.95,5.E-02,3.8));
#2589 = VECTOR('',#2590,1.);
#2590 = DIRECTION('',(-1.,1.224646799147E-16,0.));
#2591 = ORIENTED_EDGE('',*,*,#2341,.F.);
#2592 = ORIENTED_EDGE('',*,*,#2350,.F.);
#2593 = PLANE('',#2594);
#2594 = AXIS2_PLACEMENT_3D('',#2595,#2596,#2597);
#2595 = CARTESIAN_POINT('',(1.,1.828955368499E-16,3.8));
#2596 = DIRECTION('',(-2.890934474975E-31,2.491553159674E-32,1.));
#2597 = DIRECTION('',(-1.,1.224646799147E-16,-2.890934474975E-31));
#2598 = ADVANCED_FACE('',(#2599),#2610,.F.);
#2599 = FACE_BOUND('',#2600,.F.);
#2600 = EDGE_LOOP('',(#2601,#2602,#2608,#2609));
#2601 = ORIENTED_EDGE('',*,*,#2518,.F.);
#2602 = ORIENTED_EDGE('',*,*,#2603,.T.);
#2603 = EDGE_CURVE('',#2519,#2564,#2604,.T.);
#2604 = LINE('',#2605,#2606);
#2605 = CARTESIAN_POINT('',(1.05,5.E-02,3.9));
#2606 = VECTOR('',#2607,1.);
#2607 = DIRECTION('',(-1.677000223684E-32,2.737449048414E-33,-1.));
#2608 = ORIENTED_EDGE('',*,*,#2571,.T.);
#2609 = ORIENTED_EDGE('',*,*,#2299,.F.);
#2610 = PLANE('',#2611);
#2611 = AXIS2_PLACEMENT_3D('',#2612,#2613,#2614);
#2612 = CARTESIAN_POINT('',(1.05,5.E-02,3.9));
#2613 = DIRECTION('',(1.,-1.224646799147E-16,-1.677000223684E-32));
#2614 = DIRECTION('',(1.224646799147E-16,1.,0.));
#2615 = ADVANCED_FACE('',(#2616),#2634,.F.);
#2616 = FACE_BOUND('',#2617,.F.);
#2617 = EDGE_LOOP('',(#2618,#2626,#2632,#2633));
#2618 = ORIENTED_EDGE('',*,*,#2619,.F.);
#2619 = EDGE_CURVE('',#2620,#2368,#2622,.T.);
#2620 = VERTEX_POINT('',#2621);
#2621 = CARTESIAN_POINT('',(0.95,-5.E-02,3.9));
#2622 = LINE('',#2623,#2624);
#2623 = CARTESIAN_POINT('',(0.95,-5.E-02,3.9));
#2624 = VECTOR('',#2625,1.);
#2625 = DIRECTION('',(-1.224646799147E-16,-1.,0.));
#2626 = ORIENTED_EDGE('',*,*,#2627,.T.);
#2627 = EDGE_CURVE('',#2620,#2541,#2628,.T.);
#2628 = LINE('',#2629,#2630);
#2629 = CARTESIAN_POINT('',(0.95,-5.E-02,3.9));
#2630 = VECTOR('',#2631,1.);
#2631 = DIRECTION('',(-1.677000223684E-32,2.737449048414E-33,-1.));
#2632 = ORIENTED_EDGE('',*,*,#2548,.T.);
#2633 = ORIENTED_EDGE('',*,*,#2376,.F.);
#2634 = PLANE('',#2635);
#2635 = AXIS2_PLACEMENT_3D('',#2636,#2637,#2638);
#2636 = CARTESIAN_POINT('',(0.95,-5.E-02,3.9));
#2637 = DIRECTION('',(-1.,1.224646799147E-16,1.677000223684E-32));
#2638 = DIRECTION('',(-1.224646799147E-16,-1.,0.));
#2639 = ADVANCED_FACE('',(#2640),#2650,.T.);
#2640 = FACE_BOUND('',#2641,.T.);
#2641 = EDGE_LOOP('',(#2642,#2648,#2649));
#2642 = ORIENTED_EDGE('',*,*,#2643,.F.);
#2643 = EDGE_CURVE('',#2360,#2620,#2644,.T.);
#2644 = LINE('',#2645,#2646);
#2645 = CARTESIAN_POINT('',(-3.05,-5.E-02,3.9));
#2646 = VECTOR('',#2647,1.);
#2647 = DIRECTION('',(1.,-8.950493387118E-17,0.));
#2648 = ORIENTED_EDGE('',*,*,#2367,.T.);
#2649 = ORIENTED_EDGE('',*,*,#2619,.F.);
#2650 = PLANE('',#2651);
#2651 = AXIS2_PLACEMENT_3D('',#2652,#2653,#2654);
#2652 = CARTESIAN_POINT('',(1.,-6.494268501652E-17,3.9));
#2653 = DIRECTION('',(1.677000223684E-32,-2.737449048414E-33,1.));
#2654 = DIRECTION('',(-1.,1.224646799147E-16,1.677000223684E-32));
#2655 = ADVANCED_FACE('',(#2656),#2674,.F.);
#2656 = FACE_BOUND('',#2657,.F.);
#2657 = EDGE_LOOP('',(#2658,#2666,#2667,#2668));
#2658 = ORIENTED_EDGE('',*,*,#2659,.F.);
#2659 = EDGE_CURVE('',#2317,#2660,#2662,.T.);
#2660 = VERTEX_POINT('',#2661);
#2661 = CARTESIAN_POINT('',(0.95,5.E-02,3.9));
#2662 = LINE('',#2663,#2664);
#2663 = CARTESIAN_POINT('',(0.95,4.05,3.9));
#2664 = VECTOR('',#2665,1.);
#2665 = DIRECTION('',(-1.224646799147E-16,-1.,0.));
#2666 = ORIENTED_EDGE('',*,*,#2316,.T.);
#2667 = ORIENTED_EDGE('',*,*,#2578,.T.);
#2668 = ORIENTED_EDGE('',*,*,#2669,.F.);
#2669 = EDGE_CURVE('',#2660,#2579,#2670,.T.);
#2670 = LINE('',#2671,#2672);
#2671 = CARTESIAN_POINT('',(0.95,5.E-02,3.9));
#2672 = VECTOR('',#2673,1.);
#2673 = DIRECTION('',(-1.677000223684E-32,2.737449048414E-33,-1.));
#2674 = PLANE('',#2675);
#2675 = AXIS2_PLACEMENT_3D('',#2676,#2677,#2678);
#2676 = CARTESIAN_POINT('',(0.95,4.05,3.9));
#2677 = DIRECTION('',(-1.,1.224646799147E-16,1.677000223684E-32));
#2678 = DIRECTION('',(-1.224646799147E-16,-1.,0.));
#2679 = ADVANCED_FACE('',(#2680),#2686,.F.);
#2680 = FACE_BOUND('',#2681,.F.);
#2681 = EDGE_LOOP('',(#2682,#2683,#2684,#2685));
#2682 = ORIENTED_EDGE('',*,*,#2643,.F.);
#2683 = ORIENTED_EDGE('',*,*,#2359,.T.);
#2684 = ORIENTED_EDGE('',*,*,#2540,.T.);
#2685 = ORIENTED_EDGE('',*,*,#2627,.F.);
#2686 = PLANE('',#2687);
#2687 = AXIS2_PLACEMENT_3D('',#2688,#2689,#2690);
#2688 = CARTESIAN_POINT('',(-3.05,-5.E-02,3.9));
#2689 = DIRECTION('',(-8.950493387118E-17,-1.,-2.737449048414E-33));
#2690 = DIRECTION('',(1.,-8.950493387118E-17,0.));
#2691 = ADVANCED_FACE('',(#2692),#2702,.T.);
#2692 = FACE_BOUND('',#2693,.T.);
#2693 = EDGE_LOOP('',(#2694,#2695,#2701));
#2694 = ORIENTED_EDGE('',*,*,#2324,.T.);
#2695 = ORIENTED_EDGE('',*,*,#2696,.F.);
#2696 = EDGE_CURVE('',#2660,#2325,#2697,.T.);
#2697 = LINE('',#2698,#2699);
#2698 = CARTESIAN_POINT('',(0.95,5.E-02,3.9));
#2699 = VECTOR('',#2700,1.);
#2700 = DIRECTION('',(-1.,1.224646799147E-16,0.));
#2701 = ORIENTED_EDGE('',*,*,#2659,.F.);
#2702 = PLANE('',#2703);
#2703 = AXIS2_PLACEMENT_3D('',#2704,#2705,#2706);
#2704 = CARTESIAN_POINT('',(1.,-6.494268501652E-17,3.9));
#2705 = DIRECTION('',(1.677000223684E-32,-2.737449048414E-33,1.));
#2706 = DIRECTION('',(-1.,1.224646799147E-16,1.677000223684E-32));
#2707 = ADVANCED_FACE('',(#2708),#2714,.F.);
#2708 = FACE_BOUND('',#2709,.F.);
#2709 = EDGE_LOOP('',(#2710,#2711,#2712,#2713));
#2710 = ORIENTED_EDGE('',*,*,#2696,.F.);
#2711 = ORIENTED_EDGE('',*,*,#2669,.T.);
#2712 = ORIENTED_EDGE('',*,*,#2586,.T.);
#2713 = ORIENTED_EDGE('',*,*,#2333,.F.);
#2714 = PLANE('',#2715);
#2715 = AXIS2_PLACEMENT_3D('',#2716,#2717,#2718);
#2716 = CARTESIAN_POINT('',(0.95,5.E-02,3.9));
#2717 = DIRECTION('',(1.224646799147E-16,1.,2.737449048414E-33));
#2718 = DIRECTION('',(-1.,1.224646799147E-16,0.));
#2719 = ADVANCED_FACE('',(#2720),#2726,.F.);
#2720 = FACE_BOUND('',#2721,.F.);
#2721 = EDGE_LOOP('',(#2722,#2723,#2724,#2725));
#2722 = ORIENTED_EDGE('',*,*,#2526,.F.);
#2723 = ORIENTED_EDGE('',*,*,#2445,.T.);
#2724 = ORIENTED_EDGE('',*,*,#2563,.T.);
#2725 = ORIENTED_EDGE('',*,*,#2603,.F.);
#2726 = PLANE('',#2727);
#2727 = AXIS2_PLACEMENT_3D('',#2728,#2729,#2730);
#2728 = CARTESIAN_POINT('',(5.05,5.E-02,3.9));
#2729 = DIRECTION('',(1.224646799147E-16,1.,2.737449048414E-33));
#2730 = DIRECTION('',(-1.,1.224646799147E-16,0.));
#2731 = ADVANCED_FACE('',(#2732),#2738,.F.);
#2732 = FACE_BOUND('',#2733,.F.);
#2733 = EDGE_LOOP('',(#2734,#2735,#2736,#2737));
#2734 = ORIENTED_EDGE('',*,*,#2478,.F.);
#2735 = ORIENTED_EDGE('',*,*,#2502,.T.);
#2736 = ORIENTED_EDGE('',*,*,#2556,.T.);
#2737 = ORIENTED_EDGE('',*,*,#2428,.F.);
#2738 = PLANE('',#2739);
#2739 = AXIS2_PLACEMENT_3D('',#2740,#2741,#2742);
#2740 = CARTESIAN_POINT('',(1.05,-5.E-02,3.9));
#2741 = DIRECTION('',(-1.224646799147E-16,-1.,-2.737449048414E-33));
#2742 = DIRECTION('',(1.,-1.224646799147E-16,0.));
#2743 = ORIENTED_CLOSED_SHELL('',*,#2744,.F.);
#2744 = CLOSED_SHELL('',(#2745,#2787,#2818,#2829,#2861,#2888));
#2745 = ADVANCED_FACE('',(#2746),#2782,.T.);
#2746 = FACE_BOUND('',#2747,.T.);
#2747 = EDGE_LOOP('',(#2748,#2758,#2767,#2775));
#2748 = ORIENTED_EDGE('',*,*,#2749,.F.);
#2749 = EDGE_CURVE('',#2750,#2752,#2754,.T.);
#2750 = VERTEX_POINT('',#2751);
#2751 = CARTESIAN_POINT('',(2.293431345516,0.535756805311,3.6));
#2752 = VERTEX_POINT('',#2753);
#2753 = CARTESIAN_POINT('',(1.669132749216,0.277163859753,3.6));
#2754 = LINE('',#2755,#2756);
#2755 = CARTESIAN_POINT('',(2.293431345516,0.535756805311,3.6));
#2756 = VECTOR('',#2757,1.);
#2757 = DIRECTION('',(-0.923879532511,-0.382683432365,0.));
#2758 = ORIENTED_EDGE('',*,*,#2759,.T.);
#2759 = EDGE_CURVE('',#2750,#2760,#2762,.T.);
#2760 = VERTEX_POINT('',#2761);
#2761 = CARTESIAN_POINT('',(2.293431345516,-0.535756805311,3.6));
#2762 = CIRCLE('',#2763,1.4);
#2763 = AXIS2_PLACEMENT_3D('',#2764,#2765,#2766);
#2764 = CARTESIAN_POINT('',(1.,0.,3.6));
#2765 = DIRECTION('',(0.,0.,-1.));
#2766 = DIRECTION('',(0.923879532511,0.382683432365,0.));
#2767 = ORIENTED_EDGE('',*,*,#2768,.T.);
#2768 = EDGE_CURVE('',#2760,#2769,#2771,.T.);
#2769 = VERTEX_POINT('',#2770);
#2770 = CARTESIAN_POINT('',(1.669132749216,-0.277163859753,3.6));
#2771 = LINE('',#2772,#2773);
#2772 = CARTESIAN_POINT('',(2.293431345516,-0.535756805311,3.6));
#2773 = VECTOR('',#2774,1.);
#2774 = DIRECTION('',(-0.923879532511,0.382683432365,0.));
#2775 = ORIENTED_EDGE('',*,*,#2776,.T.);
#2776 = EDGE_CURVE('',#2769,#2752,#2777,.T.);
#2777 = CIRCLE('',#2778,0.3);
#2778 = AXIS2_PLACEMENT_3D('',#2779,#2780,#2781);
#2779 = CARTESIAN_POINT('',(1.783937778926,0.,3.6));
#2780 = DIRECTION('',(0.,0.,-1.));
#2781 = DIRECTION('',(0.382683432365,0.923879532511,0.));
#2782 = PLANE('',#2783);
#2783 = AXIS2_PLACEMENT_3D('',#2784,#2785,#2786);
#2784 = CARTESIAN_POINT('',(1.,0.,3.6));
#2785 = DIRECTION('',(0.,0.,-1.));
#2786 = DIRECTION('',(0.923879532511,0.382683432365,0.));
#2787 = ADVANCED_FACE('',(#2788),#2813,.T.);
#2788 = FACE_BOUND('',#2789,.T.);
#2789 = EDGE_LOOP('',(#2790,#2791,#2798,#2799,#2807));
#2790 = ORIENTED_EDGE('',*,*,#2768,.F.);
#2791 = ORIENTED_EDGE('',*,*,#2792,.T.);
#2792 = EDGE_CURVE('',#2760,#2750,#2793,.T.);
#2793 = CIRCLE('',#2794,1.4);
#2794 = AXIS2_PLACEMENT_3D('',#2795,#2796,#2797);
#2795 = CARTESIAN_POINT('',(1.,0.,3.6));
#2796 = DIRECTION('',(0.,-0.,-1.));
#2797 = DIRECTION('',(0.923879532511,-0.382683432365,0.));
#2798 = ORIENTED_EDGE('',*,*,#2749,.T.);
#2799 = ORIENTED_EDGE('',*,*,#2800,.T.);
#2800 = EDGE_CURVE('',#2752,#2801,#2803,.T.);
#2801 = VERTEX_POINT('',#2802);
#2802 = CARTESIAN_POINT('',(1.,0.,3.6));
#2803 = LINE('',#2804,#2805);
#2804 = CARTESIAN_POINT('',(2.293431345516,0.535756805311,3.6));
#2805 = VECTOR('',#2806,1.);
#2806 = DIRECTION('',(-0.923879532511,-0.382683432365,0.));
#2807 = ORIENTED_EDGE('',*,*,#2808,.F.);
#2808 = EDGE_CURVE('',#2769,#2801,#2809,.T.);
#2809 = LINE('',#2810,#2811);
#2810 = CARTESIAN_POINT('',(2.293431345516,-0.535756805311,3.6));
#2811 = VECTOR('',#2812,1.);
#2812 = DIRECTION('',(-0.923879532511,0.382683432365,0.));
#2813 = PLANE('',#2814);
#2814 = AXIS2_PLACEMENT_3D('',#2815,#2816,#2817);
#2815 = CARTESIAN_POINT('',(1.,0.,3.6));
#2816 = DIRECTION('',(0.,0.,-1.));
#2817 = DIRECTION('',(0.923879532511,-0.382683432365,0.));
#2818 = ADVANCED_FACE('',(#2819),#2824,.T.);
#2819 = FACE_BOUND('',#2820,.T.);
#2820 = EDGE_LOOP('',(#2821,#2822,#2823));
#2821 = ORIENTED_EDGE('',*,*,#2800,.F.);
#2822 = ORIENTED_EDGE('',*,*,#2776,.F.);
#2823 = ORIENTED_EDGE('',*,*,#2808,.T.);
#2824 = PLANE('',#2825);
#2825 = AXIS2_PLACEMENT_3D('',#2826,#2827,#2828);
#2826 = CARTESIAN_POINT('',(1.,0.,3.6));
#2827 = DIRECTION('',(0.,0.,-1.));
#2828 = DIRECTION('',(0.923879532511,0.382683432365,0.));
#2829 = ADVANCED_FACE('',(#2830),#2856,.T.);
#2830 = FACE_BOUND('',#2831,.T.);
#2831 = EDGE_LOOP('',(#2832,#2840,#2849,#2855));
#2832 = ORIENTED_EDGE('',*,*,#2833,.F.);
#2833 = EDGE_CURVE('',#2834,#2750,#2836,.T.);
#2834 = VERTEX_POINT('',#2835);
#2835 = CARTESIAN_POINT('',(2.293431345516,0.535756805311,3.7));
#2836 = LINE('',#2837,#2838);
#2837 = CARTESIAN_POINT('',(2.293431345516,0.535756805311,4.));
#2838 = VECTOR('',#2839,1.);
#2839 = DIRECTION('',(0.,0.,-1.));
#2840 = ORIENTED_EDGE('',*,*,#2841,.F.);
#2841 = EDGE_CURVE('',#2842,#2834,#2844,.T.);
#2842 = VERTEX_POINT('',#2843);
#2843 = CARTESIAN_POINT('',(2.293431345516,-0.535756805311,3.7));
#2844 = CIRCLE('',#2845,1.4);
#2845 = AXIS2_PLACEMENT_3D('',#2846,#2847,#2848);
#2846 = CARTESIAN_POINT('',(1.,0.,3.7));
#2847 = DIRECTION('',(0.,0.,1.));
#2848 = DIRECTION('',(-1.,1.224646799147E-16,0.));
#2849 = ORIENTED_EDGE('',*,*,#2850,.T.);
#2850 = EDGE_CURVE('',#2842,#2760,#2851,.T.);
#2851 = LINE('',#2852,#2853);
#2852 = CARTESIAN_POINT('',(2.293431345516,-0.535756805311,4.));
#2853 = VECTOR('',#2854,1.);
#2854 = DIRECTION('',(0.,0.,-1.));
#2855 = ORIENTED_EDGE('',*,*,#2759,.F.);
#2856 = CYLINDRICAL_SURFACE('',#2857,1.4);
#2857 = AXIS2_PLACEMENT_3D('',#2858,#2859,#2860);
#2858 = CARTESIAN_POINT('',(1.,0.,4.));
#2859 = DIRECTION('',(0.,0.,-1.));
#2860 = DIRECTION('',(0.923879532511,0.382683432365,0.));
#2861 = ADVANCED_FACE('',(#2862),#2883,.T.);
#2862 = FACE_BOUND('',#2863,.T.);
#2863 = EDGE_LOOP('',(#2864,#2865,#2874,#2881,#2882));
#2864 = ORIENTED_EDGE('',*,*,#2850,.F.);
#2865 = ORIENTED_EDGE('',*,*,#2866,.F.);
#2866 = EDGE_CURVE('',#2867,#2842,#2869,.T.);
#2867 = VERTEX_POINT('',#2868);
#2868 = CARTESIAN_POINT('',(-0.4,1.714505518806E-16,3.7));
#2869 = CIRCLE('',#2870,1.4);
#2870 = AXIS2_PLACEMENT_3D('',#2871,#2872,#2873);
#2871 = CARTESIAN_POINT('',(1.,0.,3.7));
#2872 = DIRECTION('',(0.,0.,1.));
#2873 = DIRECTION('',(-1.,1.224646799147E-16,0.));
#2874 = ORIENTED_EDGE('',*,*,#2875,.F.);
#2875 = EDGE_CURVE('',#2834,#2867,#2876,.T.);
#2876 = CIRCLE('',#2877,1.4);
#2877 = AXIS2_PLACEMENT_3D('',#2878,#2879,#2880);
#2878 = CARTESIAN_POINT('',(1.,0.,3.7));
#2879 = DIRECTION('',(0.,0.,1.));
#2880 = DIRECTION('',(-1.,1.224646799147E-16,0.));
#2881 = ORIENTED_EDGE('',*,*,#2833,.T.);
#2882 = ORIENTED_EDGE('',*,*,#2792,.F.);
#2883 = CYLINDRICAL_SURFACE('',#2884,1.4);
#2884 = AXIS2_PLACEMENT_3D('',#2885,#2886,#2887);
#2885 = CARTESIAN_POINT('',(1.,0.,4.));
#2886 = DIRECTION('',(0.,0.,-1.));
#2887 = DIRECTION('',(0.923879532511,-0.382683432365,0.));
#2888 = ADVANCED_FACE('',(#2889),#2894,.T.);
#2889 = FACE_BOUND('',#2890,.T.);
#2890 = EDGE_LOOP('',(#2891,#2892,#2893));
#2891 = ORIENTED_EDGE('',*,*,#2866,.T.);
#2892 = ORIENTED_EDGE('',*,*,#2841,.T.);
#2893 = ORIENTED_EDGE('',*,*,#2875,.T.);
#2894 = PLANE('',#2895);
#2895 = AXIS2_PLACEMENT_3D('',#2896,#2897,#2898);
#2896 = CARTESIAN_POINT('',(1.,-6.494268501652E-17,3.7));
#2897 = DIRECTION('',(1.677000223684E-32,-2.737449048414E-33,1.));
#2898 = DIRECTION('',(-1.,1.224646799147E-16,1.677000223684E-32));
#2899 = ( GEOMETRIC_REPRESENTATION_CONTEXT(3) 
GLOBAL_UNCERTAINTY_ASSIGNED_CONTEXT((#2903)) 
GLOBAL_UNIT_ASSIGNED_CONTEXT((#2900,#2901,#2902)) REPRESENTATION_CONTEXT
('Context #1','3D Context with UNIT and UNCERTAINTY') );
#2900 = ( LENGTH_UNIT() NAMED_UNIT(*) SI_UNIT(.MILLI.,.METRE.) );
#2901 = ( NAMED_UNIT(*) PLANE_ANGLE_UNIT() SI_UNIT($,.RADIAN.) );
#2902 = ( NAMED_UNIT(*) SI_UNIT($,.STERADIAN.) SOLID_ANGLE_UNIT() );
#2903 = UNCERTAINTY_MEASURE_WITH_UNIT(LENGTH_MEASURE(5.E-06),#2900,
  'distance_accuracy_value','confusion accuracy');
#2904 = CONTEXT_DEPENDENT_SHAPE_REPRESENTATION(#2905,#2907);
#2905 = ( REPRESENTATION_RELATIONSHIP('','',#666,#643) 
REPRESENTATION_RELATIONSHIP_WITH_TRANSFORMATION(#2906) 
SHAPE_REPRESENTATION_RELATIONSHIP() );
#2906 = ITEM_DEFINED_TRANSFORMATION('','',#11,#644);
#2907 = PRODUCT_DEFINITION_SHAPE('Placement','Placement of an item',
  #2908);
#2908 = NEXT_ASSEMBLY_USAGE_OCCURRENCE('3','=>[0:1:1:5]','',#638,#661,$
  );
#2909 = PRODUCT_RELATED_PRODUCT_CATEGORY('part',$,(#663));
#2910 = SHAPE_DEFINITION_REPRESENTATION(#2911,#2917);
#2911 = PRODUCT_DEFINITION_SHAPE('','',#2912);
#2912 = PRODUCT_DEFINITION('design','',#2913,#2916);
#2913 = PRODUCT_DEFINITION_FORMATION('','',#2914);
#2914 = PRODUCT('AirLink STM8_PCB','AirLink STM8_PCB','',(#2915));
#2915 = PRODUCT_CONTEXT('',#2,'mechanical');
#2916 = PRODUCT_DEFINITION_CONTEXT('part definition',#2,'design');
#2917 = ADVANCED_BREP_SHAPE_REPRESENTATION('',(#11,#2918),#4238);
#2918 = MANIFOLD_SOLID_BREP('',#2919);
#2919 = CLOSED_SHELL('',(#2920,#2960,#2991,#3022,#3369,#3716,#3728,#3745
    ,#3762,#3779,#3796,#3813,#3830,#3847,#3864,#3881,#3898,#3915,#3932,
    #3949,#3966,#3983,#4000,#4017,#4034,#4051,#4068,#4085,#4102,#4119,
    #4136,#4153,#4170,#4187,#4204,#4221));
#2920 = ADVANCED_FACE('',(#2921),#2955,.T.);
#2921 = FACE_BOUND('',#2922,.T.);
#2922 = EDGE_LOOP('',(#2923,#2933,#2941,#2949));
#2923 = ORIENTED_EDGE('',*,*,#2924,.T.);
#2924 = EDGE_CURVE('',#2925,#2927,#2929,.T.);
#2925 = VERTEX_POINT('',#2926);
#2926 = CARTESIAN_POINT('',(156.21,-100.965,0.));
#2927 = VERTEX_POINT('',#2928);
#2928 = CARTESIAN_POINT('',(156.21,-100.965,1.51));
#2929 = LINE('',#2930,#2931);
#2930 = CARTESIAN_POINT('',(156.21,-100.965,0.));
#2931 = VECTOR('',#2932,1.);
#2932 = DIRECTION('',(0.,0.,1.));
#2933 = ORIENTED_EDGE('',*,*,#2934,.T.);
#2934 = EDGE_CURVE('',#2927,#2935,#2937,.T.);
#2935 = VERTEX_POINT('',#2936);
#2936 = CARTESIAN_POINT('',(138.43,-100.965,1.51));
#2937 = LINE('',#2938,#2939);
#2938 = CARTESIAN_POINT('',(156.21,-100.965,1.51));
#2939 = VECTOR('',#2940,1.);
#2940 = DIRECTION('',(-1.,0.,0.));
#2941 = ORIENTED_EDGE('',*,*,#2942,.F.);
#2942 = EDGE_CURVE('',#2943,#2935,#2945,.T.);
#2943 = VERTEX_POINT('',#2944);
#2944 = CARTESIAN_POINT('',(138.43,-100.965,0.));
#2945 = LINE('',#2946,#2947);
#2946 = CARTESIAN_POINT('',(138.43,-100.965,0.));
#2947 = VECTOR('',#2948,1.);
#2948 = DIRECTION('',(0.,0.,1.));
#2949 = ORIENTED_EDGE('',*,*,#2950,.F.);
#2950 = EDGE_CURVE('',#2925,#2943,#2951,.T.);
#2951 = LINE('',#2952,#2953);
#2952 = CARTESIAN_POINT('',(156.21,-100.965,0.));
#2953 = VECTOR('',#2954,1.);
#2954 = DIRECTION('',(-1.,0.,0.));
#2955 = PLANE('',#2956);
#2956 = AXIS2_PLACEMENT_3D('',#2957,#2958,#2959);
#2957 = CARTESIAN_POINT('',(156.21,-100.965,0.));
#2958 = DIRECTION('',(0.,-1.,0.));
#2959 = DIRECTION('',(-1.,0.,0.));
#2960 = ADVANCED_FACE('',(#2961),#2986,.T.);
#2961 = FACE_BOUND('',#2962,.T.);
#2962 = EDGE_LOOP('',(#2963,#2973,#2979,#2980));
#2963 = ORIENTED_EDGE('',*,*,#2964,.T.);
#2964 = EDGE_CURVE('',#2965,#2967,#2969,.T.);
#2965 = VERTEX_POINT('',#2966);
#2966 = CARTESIAN_POINT('',(156.21,-71.755,0.));
#2967 = VERTEX_POINT('',#2968);
#2968 = CARTESIAN_POINT('',(156.21,-71.755,1.51));
#2969 = LINE('',#2970,#2971);
#2970 = CARTESIAN_POINT('',(156.21,-71.755,0.));
#2971 = VECTOR('',#2972,1.);
#2972 = DIRECTION('',(0.,0.,1.));
#2973 = ORIENTED_EDGE('',*,*,#2974,.T.);
#2974 = EDGE_CURVE('',#2967,#2927,#2975,.T.);
#2975 = LINE('',#2976,#2977);
#2976 = CARTESIAN_POINT('',(156.21,-71.755,1.51));
#2977 = VECTOR('',#2978,1.);
#2978 = DIRECTION('',(0.,-1.,0.));
#2979 = ORIENTED_EDGE('',*,*,#2924,.F.);
#2980 = ORIENTED_EDGE('',*,*,#2981,.F.);
#2981 = EDGE_CURVE('',#2965,#2925,#2982,.T.);
#2982 = LINE('',#2983,#2984);
#2983 = CARTESIAN_POINT('',(156.21,-71.755,0.));
#2984 = VECTOR('',#2985,1.);
#2985 = DIRECTION('',(0.,-1.,0.));
#2986 = PLANE('',#2987);
#2987 = AXIS2_PLACEMENT_3D('',#2988,#2989,#2990);
#2988 = CARTESIAN_POINT('',(156.21,-71.755,0.));
#2989 = DIRECTION('',(1.,0.,-0.));
#2990 = DIRECTION('',(0.,-1.,0.));
#2991 = ADVANCED_FACE('',(#2992),#3017,.T.);
#2992 = FACE_BOUND('',#2993,.T.);
#2993 = EDGE_LOOP('',(#2994,#2995,#3003,#3011));
#2994 = ORIENTED_EDGE('',*,*,#2942,.T.);
#2995 = ORIENTED_EDGE('',*,*,#2996,.T.);
#2996 = EDGE_CURVE('',#2935,#2997,#2999,.T.);
#2997 = VERTEX_POINT('',#2998);
#2998 = CARTESIAN_POINT('',(138.43,-71.755,1.51));
#2999 = LINE('',#3000,#3001);
#3000 = CARTESIAN_POINT('',(138.43,-100.965,1.51));
#3001 = VECTOR('',#3002,1.);
#3002 = DIRECTION('',(0.,1.,0.));
#3003 = ORIENTED_EDGE('',*,*,#3004,.F.);
#3004 = EDGE_CURVE('',#3005,#2997,#3007,.T.);
#3005 = VERTEX_POINT('',#3006);
#3006 = CARTESIAN_POINT('',(138.43,-71.755,0.));
#3007 = LINE('',#3008,#3009);
#3008 = CARTESIAN_POINT('',(138.43,-71.755,0.));
#3009 = VECTOR('',#3010,1.);
#3010 = DIRECTION('',(0.,0.,1.));
#3011 = ORIENTED_EDGE('',*,*,#3012,.F.);
#3012 = EDGE_CURVE('',#2943,#3005,#3013,.T.);
#3013 = LINE('',#3014,#3015);
#3014 = CARTESIAN_POINT('',(138.43,-100.965,0.));
#3015 = VECTOR('',#3016,1.);
#3016 = DIRECTION('',(0.,1.,0.));
#3017 = PLANE('',#3018);
#3018 = AXIS2_PLACEMENT_3D('',#3019,#3020,#3021);
#3019 = CARTESIAN_POINT('',(138.43,-100.965,0.));
#3020 = DIRECTION('',(-1.,0.,0.));
#3021 = DIRECTION('',(0.,1.,0.));
#3022 = ADVANCED_FACE('',(#3023,#3034,#3045,#3056,#3067,#3078,#3089,
    #3100,#3111,#3122,#3133,#3144,#3155,#3166,#3177,#3188,#3199,#3210,
    #3221,#3232,#3243,#3254,#3265,#3276,#3287,#3298,#3309,#3320,#3331,
    #3342,#3353),#3364,.F.);
#3023 = FACE_BOUND('',#3024,.F.);
#3024 = EDGE_LOOP('',(#3025,#3026,#3027,#3033));
#3025 = ORIENTED_EDGE('',*,*,#2950,.F.);
#3026 = ORIENTED_EDGE('',*,*,#2981,.F.);
#3027 = ORIENTED_EDGE('',*,*,#3028,.F.);
#3028 = EDGE_CURVE('',#3005,#2965,#3029,.T.);
#3029 = LINE('',#3030,#3031);
#3030 = CARTESIAN_POINT('',(138.43,-71.755,0.));
#3031 = VECTOR('',#3032,1.);
#3032 = DIRECTION('',(1.,0.,0.));
#3033 = ORIENTED_EDGE('',*,*,#3012,.F.);
#3034 = FACE_BOUND('',#3035,.F.);
#3035 = EDGE_LOOP('',(#3036));
#3036 = ORIENTED_EDGE('',*,*,#3037,.T.);
#3037 = EDGE_CURVE('',#3038,#3038,#3040,.T.);
#3038 = VERTEX_POINT('',#3039);
#3039 = CARTESIAN_POINT('',(141.732,-100.076,0.));
#3040 = CIRCLE('',#3041,0.381);
#3041 = AXIS2_PLACEMENT_3D('',#3042,#3043,#3044);
#3042 = CARTESIAN_POINT('',(141.732,-99.695,0.));
#3043 = DIRECTION('',(-0.,0.,-1.));
#3044 = DIRECTION('',(-0.,-1.,0.));
#3045 = FACE_BOUND('',#3046,.F.);
#3046 = EDGE_LOOP('',(#3047));
#3047 = ORIENTED_EDGE('',*,*,#3048,.T.);
#3048 = EDGE_CURVE('',#3049,#3049,#3051,.T.);
#3049 = VERTEX_POINT('',#3050);
#3050 = CARTESIAN_POINT('',(141.732,-97.536,0.));
#3051 = CIRCLE('',#3052,0.381);
#3052 = AXIS2_PLACEMENT_3D('',#3053,#3054,#3055);
#3053 = CARTESIAN_POINT('',(141.732,-97.155,0.));
#3054 = DIRECTION('',(-0.,0.,-1.));
#3055 = DIRECTION('',(-0.,-1.,0.));
#3056 = FACE_BOUND('',#3057,.F.);
#3057 = EDGE_LOOP('',(#3058));
#3058 = ORIENTED_EDGE('',*,*,#3059,.T.);
#3059 = EDGE_CURVE('',#3060,#3060,#3062,.T.);
#3060 = VERTEX_POINT('',#3061);
#3061 = CARTESIAN_POINT('',(139.7,-94.48,0.));
#3062 = CIRCLE('',#3063,0.5);
#3063 = AXIS2_PLACEMENT_3D('',#3064,#3065,#3066);
#3064 = CARTESIAN_POINT('',(139.7,-93.98,0.));
#3065 = DIRECTION('',(-0.,0.,-1.));
#3066 = DIRECTION('',(-0.,-1.,0.));
#3067 = FACE_BOUND('',#3068,.F.);
#3068 = EDGE_LOOP('',(#3069));
#3069 = ORIENTED_EDGE('',*,*,#3070,.T.);
#3070 = EDGE_CURVE('',#3071,#3071,#3073,.T.);
#3071 = VERTEX_POINT('',#3072);
#3072 = CARTESIAN_POINT('',(144.272,-100.076,0.));
#3073 = CIRCLE('',#3074,0.381);
#3074 = AXIS2_PLACEMENT_3D('',#3075,#3076,#3077);
#3075 = CARTESIAN_POINT('',(144.272,-99.695,0.));
#3076 = DIRECTION('',(-0.,0.,-1.));
#3077 = DIRECTION('',(-0.,-1.,0.));
#3078 = FACE_BOUND('',#3079,.F.);
#3079 = EDGE_LOOP('',(#3080));
#3080 = ORIENTED_EDGE('',*,*,#3081,.T.);
#3081 = EDGE_CURVE('',#3082,#3082,#3084,.T.);
#3082 = VERTEX_POINT('',#3083);
#3083 = CARTESIAN_POINT('',(144.272,-97.536,0.));
#3084 = CIRCLE('',#3085,0.381);
#3085 = AXIS2_PLACEMENT_3D('',#3086,#3087,#3088);
#3086 = CARTESIAN_POINT('',(144.272,-97.155,0.));
#3087 = DIRECTION('',(-0.,0.,-1.));
#3088 = DIRECTION('',(-0.,-1.,0.));
#3089 = FACE_BOUND('',#3090,.F.);
#3090 = EDGE_LOOP('',(#3091));
#3091 = ORIENTED_EDGE('',*,*,#3092,.T.);
#3092 = EDGE_CURVE('',#3093,#3093,#3095,.T.);
#3093 = VERTEX_POINT('',#3094);
#3094 = CARTESIAN_POINT('',(146.812,-100.076,0.));
#3095 = CIRCLE('',#3096,0.381);
#3096 = AXIS2_PLACEMENT_3D('',#3097,#3098,#3099);
#3097 = CARTESIAN_POINT('',(146.812,-99.695,0.));
#3098 = DIRECTION('',(-0.,0.,-1.));
#3099 = DIRECTION('',(-0.,-1.,0.));
#3100 = FACE_BOUND('',#3101,.F.);
#3101 = EDGE_LOOP('',(#3102));
#3102 = ORIENTED_EDGE('',*,*,#3103,.T.);
#3103 = EDGE_CURVE('',#3104,#3104,#3106,.T.);
#3104 = VERTEX_POINT('',#3105);
#3105 = CARTESIAN_POINT('',(146.812,-97.536,0.));
#3106 = CIRCLE('',#3107,0.381);
#3107 = AXIS2_PLACEMENT_3D('',#3108,#3109,#3110);
#3108 = CARTESIAN_POINT('',(146.812,-97.155,0.));
#3109 = DIRECTION('',(-0.,0.,-1.));
#3110 = DIRECTION('',(-0.,-1.,0.));
#3111 = FACE_BOUND('',#3112,.F.);
#3112 = EDGE_LOOP('',(#3113));
#3113 = ORIENTED_EDGE('',*,*,#3114,.T.);
#3114 = EDGE_CURVE('',#3115,#3115,#3117,.T.);
#3115 = VERTEX_POINT('',#3116);
#3116 = CARTESIAN_POINT('',(147.2565,-94.0485,0.));
#3117 = CIRCLE('',#3118,0.6);
#3118 = AXIS2_PLACEMENT_3D('',#3119,#3120,#3121);
#3119 = CARTESIAN_POINT('',(147.2565,-93.4485,0.));
#3120 = DIRECTION('',(-0.,0.,-1.));
#3121 = DIRECTION('',(-4.736951571734E-14,-1.,0.));
#3122 = FACE_BOUND('',#3123,.F.);
#3123 = EDGE_LOOP('',(#3124));
#3124 = ORIENTED_EDGE('',*,*,#3125,.T.);
#3125 = EDGE_CURVE('',#3126,#3126,#3128,.T.);
#3126 = VERTEX_POINT('',#3127);
#3127 = CARTESIAN_POINT('',(139.7,-91.94,0.));
#3128 = CIRCLE('',#3129,0.5);
#3129 = AXIS2_PLACEMENT_3D('',#3130,#3131,#3132);
#3130 = CARTESIAN_POINT('',(139.7,-91.44,0.));
#3131 = DIRECTION('',(-0.,0.,-1.));
#3132 = DIRECTION('',(-0.,-1.,0.));
#3133 = FACE_BOUND('',#3134,.F.);
#3134 = EDGE_LOOP('',(#3135));
#3135 = ORIENTED_EDGE('',*,*,#3136,.T.);
#3136 = EDGE_CURVE('',#3137,#3137,#3139,.T.);
#3137 = VERTEX_POINT('',#3138);
#3138 = CARTESIAN_POINT('',(139.7,-89.4,0.));
#3139 = CIRCLE('',#3140,0.5);
#3140 = AXIS2_PLACEMENT_3D('',#3141,#3142,#3143);
#3141 = CARTESIAN_POINT('',(139.7,-88.9,0.));
#3142 = DIRECTION('',(-0.,0.,-1.));
#3143 = DIRECTION('',(-0.,-1.,0.));
#3144 = FACE_BOUND('',#3145,.F.);
#3145 = EDGE_LOOP('',(#3146));
#3146 = ORIENTED_EDGE('',*,*,#3147,.T.);
#3147 = EDGE_CURVE('',#3148,#3148,#3150,.T.);
#3148 = VERTEX_POINT('',#3149);
#3149 = CARTESIAN_POINT('',(139.7,-86.86,0.));
#3150 = CIRCLE('',#3151,0.5);
#3151 = AXIS2_PLACEMENT_3D('',#3152,#3153,#3154);
#3152 = CARTESIAN_POINT('',(139.7,-86.36,0.));
#3153 = DIRECTION('',(-0.,0.,-1.));
#3154 = DIRECTION('',(-0.,-1.,0.));
#3155 = FACE_BOUND('',#3156,.F.);
#3156 = EDGE_LOOP('',(#3157));
#3157 = ORIENTED_EDGE('',*,*,#3158,.T.);
#3158 = EDGE_CURVE('',#3159,#3159,#3161,.T.);
#3159 = VERTEX_POINT('',#3160);
#3160 = CARTESIAN_POINT('',(149.352,-100.076,0.));
#3161 = CIRCLE('',#3162,0.381);
#3162 = AXIS2_PLACEMENT_3D('',#3163,#3164,#3165);
#3163 = CARTESIAN_POINT('',(149.352,-99.695,0.));
#3164 = DIRECTION('',(-0.,0.,-1.));
#3165 = DIRECTION('',(-0.,-1.,0.));
#3166 = FACE_BOUND('',#3167,.F.);
#3167 = EDGE_LOOP('',(#3168));
#3168 = ORIENTED_EDGE('',*,*,#3169,.T.);
#3169 = EDGE_CURVE('',#3170,#3170,#3172,.T.);
#3170 = VERTEX_POINT('',#3171);
#3171 = CARTESIAN_POINT('',(149.352,-97.536,0.));
#3172 = CIRCLE('',#3173,0.381);
#3173 = AXIS2_PLACEMENT_3D('',#3174,#3175,#3176);
#3174 = CARTESIAN_POINT('',(149.352,-97.155,0.));
#3175 = DIRECTION('',(-0.,0.,-1.));
#3176 = DIRECTION('',(-0.,-1.,0.));
#3177 = FACE_BOUND('',#3178,.F.);
#3178 = EDGE_LOOP('',(#3179));
#3179 = ORIENTED_EDGE('',*,*,#3180,.T.);
#3180 = EDGE_CURVE('',#3181,#3181,#3183,.T.);
#3181 = VERTEX_POINT('',#3182);
#3182 = CARTESIAN_POINT('',(152.8,-97.8,0.));
#3183 = CIRCLE('',#3184,0.3);
#3184 = AXIS2_PLACEMENT_3D('',#3185,#3186,#3187);
#3185 = CARTESIAN_POINT('',(152.8,-97.5,0.));
#3186 = DIRECTION('',(-0.,0.,-1.));
#3187 = DIRECTION('',(-0.,-1.,0.));
#3188 = FACE_BOUND('',#3189,.F.);
#3189 = EDGE_LOOP('',(#3190));
#3190 = ORIENTED_EDGE('',*,*,#3191,.T.);
#3191 = EDGE_CURVE('',#3192,#3192,#3194,.T.);
#3192 = VERTEX_POINT('',#3193);
#3193 = CARTESIAN_POINT('',(154.214214,-99.214214,0.));
#3194 = CIRCLE('',#3195,0.3);
#3195 = AXIS2_PLACEMENT_3D('',#3196,#3197,#3198);
#3196 = CARTESIAN_POINT('',(154.214214,-98.914214,0.));
#3197 = DIRECTION('',(-0.,0.,-1.));
#3198 = DIRECTION('',(-0.,-1.,0.));
#3199 = FACE_BOUND('',#3200,.F.);
#3200 = EDGE_LOOP('',(#3201));
#3201 = ORIENTED_EDGE('',*,*,#3202,.T.);
#3202 = EDGE_CURVE('',#3203,#3203,#3205,.T.);
#3203 = VERTEX_POINT('',#3204);
#3204 = CARTESIAN_POINT('',(154.94,-94.48,0.));
#3205 = CIRCLE('',#3206,0.5);
#3206 = AXIS2_PLACEMENT_3D('',#3207,#3208,#3209);
#3207 = CARTESIAN_POINT('',(154.94,-93.98,0.));
#3208 = DIRECTION('',(-0.,0.,-1.));
#3209 = DIRECTION('',(-0.,-1.,0.));
#3210 = FACE_BOUND('',#3211,.F.);
#3211 = EDGE_LOOP('',(#3212));
#3212 = ORIENTED_EDGE('',*,*,#3213,.T.);
#3213 = EDGE_CURVE('',#3214,#3214,#3216,.T.);
#3214 = VERTEX_POINT('',#3215);
#3215 = CARTESIAN_POINT('',(154.94,-91.94,0.));
#3216 = CIRCLE('',#3217,0.5);
#3217 = AXIS2_PLACEMENT_3D('',#3218,#3219,#3220);
#3218 = CARTESIAN_POINT('',(154.94,-91.44,0.));
#3219 = DIRECTION('',(-0.,0.,-1.));
#3220 = DIRECTION('',(-0.,-1.,0.));
#3221 = FACE_BOUND('',#3222,.F.);
#3222 = EDGE_LOOP('',(#3223));
#3223 = ORIENTED_EDGE('',*,*,#3224,.T.);
#3224 = EDGE_CURVE('',#3225,#3225,#3227,.T.);
#3225 = VERTEX_POINT('',#3226);
#3226 = CARTESIAN_POINT('',(154.94,-89.4,0.));
#3227 = CIRCLE('',#3228,0.5);
#3228 = AXIS2_PLACEMENT_3D('',#3229,#3230,#3231);
#3229 = CARTESIAN_POINT('',(154.94,-88.9,0.));
#3230 = DIRECTION('',(-0.,0.,-1.));
#3231 = DIRECTION('',(-0.,-1.,0.));
#3232 = FACE_BOUND('',#3233,.F.);
#3233 = EDGE_LOOP('',(#3234));
#3234 = ORIENTED_EDGE('',*,*,#3235,.T.);
#3235 = EDGE_CURVE('',#3236,#3236,#3238,.T.);
#3236 = VERTEX_POINT('',#3237);
#3237 = CARTESIAN_POINT('',(154.94,-86.86,0.));
#3238 = CIRCLE('',#3239,0.5);
#3239 = AXIS2_PLACEMENT_3D('',#3240,#3241,#3242);
#3240 = CARTESIAN_POINT('',(154.94,-86.36,0.));
#3241 = DIRECTION('',(-0.,0.,-1.));
#3242 = DIRECTION('',(-0.,-1.,0.));
#3243 = FACE_BOUND('',#3244,.F.);
#3244 = EDGE_LOOP('',(#3245));
#3245 = ORIENTED_EDGE('',*,*,#3246,.T.);
#3246 = EDGE_CURVE('',#3247,#3247,#3249,.T.);
#3247 = VERTEX_POINT('',#3248);
#3248 = CARTESIAN_POINT('',(139.7,-84.32,0.));
#3249 = CIRCLE('',#3250,0.5);
#3250 = AXIS2_PLACEMENT_3D('',#3251,#3252,#3253);
#3251 = CARTESIAN_POINT('',(139.7,-83.82,0.));
#3252 = DIRECTION('',(-0.,0.,-1.));
#3253 = DIRECTION('',(-0.,-1.,0.));
#3254 = FACE_BOUND('',#3255,.F.);
#3255 = EDGE_LOOP('',(#3256));
#3256 = ORIENTED_EDGE('',*,*,#3257,.T.);
#3257 = EDGE_CURVE('',#3258,#3258,#3260,.T.);
#3258 = VERTEX_POINT('',#3259);
#3259 = CARTESIAN_POINT('',(139.7,-81.78,0.));
#3260 = CIRCLE('',#3261,0.5);
#3261 = AXIS2_PLACEMENT_3D('',#3262,#3263,#3264);
#3262 = CARTESIAN_POINT('',(139.7,-81.28,0.));
#3263 = DIRECTION('',(-0.,0.,-1.));
#3264 = DIRECTION('',(-0.,-1.,0.));
#3265 = FACE_BOUND('',#3266,.F.);
#3266 = EDGE_LOOP('',(#3267));
#3267 = ORIENTED_EDGE('',*,*,#3268,.T.);
#3268 = EDGE_CURVE('',#3269,#3269,#3271,.T.);
#3269 = VERTEX_POINT('',#3270);
#3270 = CARTESIAN_POINT('',(139.7,-79.24,0.));
#3271 = CIRCLE('',#3272,0.5);
#3272 = AXIS2_PLACEMENT_3D('',#3273,#3274,#3275);
#3273 = CARTESIAN_POINT('',(139.7,-78.74,0.));
#3274 = DIRECTION('',(-0.,0.,-1.));
#3275 = DIRECTION('',(-0.,-1.,0.));
#3276 = FACE_BOUND('',#3277,.F.);
#3277 = EDGE_LOOP('',(#3278));
#3278 = ORIENTED_EDGE('',*,*,#3279,.T.);
#3279 = EDGE_CURVE('',#3280,#3280,#3282,.T.);
#3280 = VERTEX_POINT('',#3281);
#3281 = CARTESIAN_POINT('',(139.7,-76.7,0.));
#3282 = CIRCLE('',#3283,0.5);
#3283 = AXIS2_PLACEMENT_3D('',#3284,#3285,#3286);
#3284 = CARTESIAN_POINT('',(139.7,-76.2,0.));
#3285 = DIRECTION('',(-0.,0.,-1.));
#3286 = DIRECTION('',(-0.,-1.,0.));
#3287 = FACE_BOUND('',#3288,.F.);
#3288 = EDGE_LOOP('',(#3289));
#3289 = ORIENTED_EDGE('',*,*,#3290,.T.);
#3290 = EDGE_CURVE('',#3291,#3291,#3293,.T.);
#3291 = VERTEX_POINT('',#3292);
#3292 = CARTESIAN_POINT('',(142.55,-78.99,0.));
#3293 = CIRCLE('',#3294,0.25);
#3294 = AXIS2_PLACEMENT_3D('',#3295,#3296,#3297);
#3295 = CARTESIAN_POINT('',(142.55,-78.74,0.));
#3296 = DIRECTION('',(-0.,0.,-1.));
#3297 = DIRECTION('',(-0.,-1.,0.));
#3298 = FACE_BOUND('',#3299,.F.);
#3299 = EDGE_LOOP('',(#3300));
#3300 = ORIENTED_EDGE('',*,*,#3301,.T.);
#3301 = EDGE_CURVE('',#3302,#3302,#3304,.T.);
#3302 = VERTEX_POINT('',#3303);
#3303 = CARTESIAN_POINT('',(142.55,-77.09,0.));
#3304 = CIRCLE('',#3305,0.25);
#3305 = AXIS2_PLACEMENT_3D('',#3306,#3307,#3308);
#3306 = CARTESIAN_POINT('',(142.55,-76.84,0.));
#3307 = DIRECTION('',(-0.,0.,-1.));
#3308 = DIRECTION('',(-0.,-1.,0.));
#3309 = FACE_BOUND('',#3310,.F.);
#3310 = EDGE_LOOP('',(#3311));
#3311 = ORIENTED_EDGE('',*,*,#3312,.T.);
#3312 = EDGE_CURVE('',#3313,#3313,#3315,.T.);
#3313 = VERTEX_POINT('',#3314);
#3314 = CARTESIAN_POINT('',(147.2565,-73.6885,0.));
#3315 = CIRCLE('',#3316,0.6);
#3316 = AXIS2_PLACEMENT_3D('',#3317,#3318,#3319);
#3317 = CARTESIAN_POINT('',(147.2565,-73.0885,0.));
#3318 = DIRECTION('',(-0.,0.,-1.));
#3319 = DIRECTION('',(-4.736951571734E-14,-1.,0.));
#3320 = FACE_BOUND('',#3321,.F.);
#3321 = EDGE_LOOP('',(#3322));
#3322 = ORIENTED_EDGE('',*,*,#3323,.T.);
#3323 = EDGE_CURVE('',#3324,#3324,#3326,.T.);
#3324 = VERTEX_POINT('',#3325);
#3325 = CARTESIAN_POINT('',(154.94,-84.32,0.));
#3326 = CIRCLE('',#3327,0.5);
#3327 = AXIS2_PLACEMENT_3D('',#3328,#3329,#3330);
#3328 = CARTESIAN_POINT('',(154.94,-83.82,0.));
#3329 = DIRECTION('',(-0.,0.,-1.));
#3330 = DIRECTION('',(-0.,-1.,0.));
#3331 = FACE_BOUND('',#3332,.F.);
#3332 = EDGE_LOOP('',(#3333));
#3333 = ORIENTED_EDGE('',*,*,#3334,.T.);
#3334 = EDGE_CURVE('',#3335,#3335,#3337,.T.);
#3335 = VERTEX_POINT('',#3336);
#3336 = CARTESIAN_POINT('',(154.94,-81.78,0.));
#3337 = CIRCLE('',#3338,0.5);
#3338 = AXIS2_PLACEMENT_3D('',#3339,#3340,#3341);
#3339 = CARTESIAN_POINT('',(154.94,-81.28,0.));
#3340 = DIRECTION('',(-0.,0.,-1.));
#3341 = DIRECTION('',(-0.,-1.,0.));
#3342 = FACE_BOUND('',#3343,.F.);
#3343 = EDGE_LOOP('',(#3344));
#3344 = ORIENTED_EDGE('',*,*,#3345,.T.);
#3345 = EDGE_CURVE('',#3346,#3346,#3348,.T.);
#3346 = VERTEX_POINT('',#3347);
#3347 = CARTESIAN_POINT('',(154.94,-79.24,0.));
#3348 = CIRCLE('',#3349,0.5);
#3349 = AXIS2_PLACEMENT_3D('',#3350,#3351,#3352);
#3350 = CARTESIAN_POINT('',(154.94,-78.74,0.));
#3351 = DIRECTION('',(-0.,0.,-1.));
#3352 = DIRECTION('',(-0.,-1.,0.));
#3353 = FACE_BOUND('',#3354,.F.);
#3354 = EDGE_LOOP('',(#3355));
#3355 = ORIENTED_EDGE('',*,*,#3356,.T.);
#3356 = EDGE_CURVE('',#3357,#3357,#3359,.T.);
#3357 = VERTEX_POINT('',#3358);
#3358 = CARTESIAN_POINT('',(154.94,-76.7,0.));
#3359 = CIRCLE('',#3360,0.5);
#3360 = AXIS2_PLACEMENT_3D('',#3361,#3362,#3363);
#3361 = CARTESIAN_POINT('',(154.94,-76.2,0.));
#3362 = DIRECTION('',(-0.,0.,-1.));
#3363 = DIRECTION('',(-0.,-1.,0.));
#3364 = PLANE('',#3365);
#3365 = AXIS2_PLACEMENT_3D('',#3366,#3367,#3368);
#3366 = CARTESIAN_POINT('',(0.,0.,0.));
#3367 = DIRECTION('',(0.,0.,1.));
#3368 = DIRECTION('',(1.,0.,-0.));
#3369 = ADVANCED_FACE('',(#3370,#3381,#3392,#3403,#3414,#3425,#3436,
    #3447,#3458,#3469,#3480,#3491,#3502,#3513,#3524,#3535,#3546,#3557,
    #3568,#3579,#3590,#3601,#3612,#3623,#3634,#3645,#3656,#3667,#3678,
    #3689,#3700),#3711,.T.);
#3370 = FACE_BOUND('',#3371,.T.);
#3371 = EDGE_LOOP('',(#3372,#3373,#3374,#3380));
#3372 = ORIENTED_EDGE('',*,*,#2934,.F.);
#3373 = ORIENTED_EDGE('',*,*,#2974,.F.);
#3374 = ORIENTED_EDGE('',*,*,#3375,.F.);
#3375 = EDGE_CURVE('',#2997,#2967,#3376,.T.);
#3376 = LINE('',#3377,#3378);
#3377 = CARTESIAN_POINT('',(138.43,-71.755,1.51));
#3378 = VECTOR('',#3379,1.);
#3379 = DIRECTION('',(1.,0.,0.));
#3380 = ORIENTED_EDGE('',*,*,#2996,.F.);
#3381 = FACE_BOUND('',#3382,.T.);
#3382 = EDGE_LOOP('',(#3383));
#3383 = ORIENTED_EDGE('',*,*,#3384,.T.);
#3384 = EDGE_CURVE('',#3385,#3385,#3387,.T.);
#3385 = VERTEX_POINT('',#3386);
#3386 = CARTESIAN_POINT('',(141.732,-100.076,1.51));
#3387 = CIRCLE('',#3388,0.381);
#3388 = AXIS2_PLACEMENT_3D('',#3389,#3390,#3391);
#3389 = CARTESIAN_POINT('',(141.732,-99.695,1.51));
#3390 = DIRECTION('',(-0.,0.,-1.));
#3391 = DIRECTION('',(-0.,-1.,0.));
#3392 = FACE_BOUND('',#3393,.T.);
#3393 = EDGE_LOOP('',(#3394));
#3394 = ORIENTED_EDGE('',*,*,#3395,.T.);
#3395 = EDGE_CURVE('',#3396,#3396,#3398,.T.);
#3396 = VERTEX_POINT('',#3397);
#3397 = CARTESIAN_POINT('',(141.732,-97.536,1.51));
#3398 = CIRCLE('',#3399,0.381);
#3399 = AXIS2_PLACEMENT_3D('',#3400,#3401,#3402);
#3400 = CARTESIAN_POINT('',(141.732,-97.155,1.51));
#3401 = DIRECTION('',(-0.,0.,-1.));
#3402 = DIRECTION('',(-0.,-1.,0.));
#3403 = FACE_BOUND('',#3404,.T.);
#3404 = EDGE_LOOP('',(#3405));
#3405 = ORIENTED_EDGE('',*,*,#3406,.T.);
#3406 = EDGE_CURVE('',#3407,#3407,#3409,.T.);
#3407 = VERTEX_POINT('',#3408);
#3408 = CARTESIAN_POINT('',(139.7,-94.48,1.51));
#3409 = CIRCLE('',#3410,0.5);
#3410 = AXIS2_PLACEMENT_3D('',#3411,#3412,#3413);
#3411 = CARTESIAN_POINT('',(139.7,-93.98,1.51));
#3412 = DIRECTION('',(-0.,0.,-1.));
#3413 = DIRECTION('',(-0.,-1.,0.));
#3414 = FACE_BOUND('',#3415,.T.);
#3415 = EDGE_LOOP('',(#3416));
#3416 = ORIENTED_EDGE('',*,*,#3417,.T.);
#3417 = EDGE_CURVE('',#3418,#3418,#3420,.T.);
#3418 = VERTEX_POINT('',#3419);
#3419 = CARTESIAN_POINT('',(144.272,-100.076,1.51));
#3420 = CIRCLE('',#3421,0.381);
#3421 = AXIS2_PLACEMENT_3D('',#3422,#3423,#3424);
#3422 = CARTESIAN_POINT('',(144.272,-99.695,1.51));
#3423 = DIRECTION('',(-0.,0.,-1.));
#3424 = DIRECTION('',(-0.,-1.,0.));
#3425 = FACE_BOUND('',#3426,.T.);
#3426 = EDGE_LOOP('',(#3427));
#3427 = ORIENTED_EDGE('',*,*,#3428,.T.);
#3428 = EDGE_CURVE('',#3429,#3429,#3431,.T.);
#3429 = VERTEX_POINT('',#3430);
#3430 = CARTESIAN_POINT('',(144.272,-97.536,1.51));
#3431 = CIRCLE('',#3432,0.381);
#3432 = AXIS2_PLACEMENT_3D('',#3433,#3434,#3435);
#3433 = CARTESIAN_POINT('',(144.272,-97.155,1.51));
#3434 = DIRECTION('',(-0.,0.,-1.));
#3435 = DIRECTION('',(-0.,-1.,0.));
#3436 = FACE_BOUND('',#3437,.T.);
#3437 = EDGE_LOOP('',(#3438));
#3438 = ORIENTED_EDGE('',*,*,#3439,.T.);
#3439 = EDGE_CURVE('',#3440,#3440,#3442,.T.);
#3440 = VERTEX_POINT('',#3441);
#3441 = CARTESIAN_POINT('',(146.812,-100.076,1.51));
#3442 = CIRCLE('',#3443,0.381);
#3443 = AXIS2_PLACEMENT_3D('',#3444,#3445,#3446);
#3444 = CARTESIAN_POINT('',(146.812,-99.695,1.51));
#3445 = DIRECTION('',(-0.,0.,-1.));
#3446 = DIRECTION('',(-0.,-1.,0.));
#3447 = FACE_BOUND('',#3448,.T.);
#3448 = EDGE_LOOP('',(#3449));
#3449 = ORIENTED_EDGE('',*,*,#3450,.T.);
#3450 = EDGE_CURVE('',#3451,#3451,#3453,.T.);
#3451 = VERTEX_POINT('',#3452);
#3452 = CARTESIAN_POINT('',(146.812,-97.536,1.51));
#3453 = CIRCLE('',#3454,0.381);
#3454 = AXIS2_PLACEMENT_3D('',#3455,#3456,#3457);
#3455 = CARTESIAN_POINT('',(146.812,-97.155,1.51));
#3456 = DIRECTION('',(-0.,0.,-1.));
#3457 = DIRECTION('',(-0.,-1.,0.));
#3458 = FACE_BOUND('',#3459,.T.);
#3459 = EDGE_LOOP('',(#3460));
#3460 = ORIENTED_EDGE('',*,*,#3461,.T.);
#3461 = EDGE_CURVE('',#3462,#3462,#3464,.T.);
#3462 = VERTEX_POINT('',#3463);
#3463 = CARTESIAN_POINT('',(147.2565,-94.0485,1.51));
#3464 = CIRCLE('',#3465,0.6);
#3465 = AXIS2_PLACEMENT_3D('',#3466,#3467,#3468);
#3466 = CARTESIAN_POINT('',(147.2565,-93.4485,1.51));
#3467 = DIRECTION('',(-0.,0.,-1.));
#3468 = DIRECTION('',(-4.736951571734E-14,-1.,0.));
#3469 = FACE_BOUND('',#3470,.T.);
#3470 = EDGE_LOOP('',(#3471));
#3471 = ORIENTED_EDGE('',*,*,#3472,.T.);
#3472 = EDGE_CURVE('',#3473,#3473,#3475,.T.);
#3473 = VERTEX_POINT('',#3474);
#3474 = CARTESIAN_POINT('',(139.7,-91.94,1.51));
#3475 = CIRCLE('',#3476,0.5);
#3476 = AXIS2_PLACEMENT_3D('',#3477,#3478,#3479);
#3477 = CARTESIAN_POINT('',(139.7,-91.44,1.51));
#3478 = DIRECTION('',(-0.,0.,-1.));
#3479 = DIRECTION('',(-0.,-1.,0.));
#3480 = FACE_BOUND('',#3481,.T.);
#3481 = EDGE_LOOP('',(#3482));
#3482 = ORIENTED_EDGE('',*,*,#3483,.T.);
#3483 = EDGE_CURVE('',#3484,#3484,#3486,.T.);
#3484 = VERTEX_POINT('',#3485);
#3485 = CARTESIAN_POINT('',(139.7,-89.4,1.51));
#3486 = CIRCLE('',#3487,0.5);
#3487 = AXIS2_PLACEMENT_3D('',#3488,#3489,#3490);
#3488 = CARTESIAN_POINT('',(139.7,-88.9,1.51));
#3489 = DIRECTION('',(-0.,0.,-1.));
#3490 = DIRECTION('',(-0.,-1.,0.));
#3491 = FACE_BOUND('',#3492,.T.);
#3492 = EDGE_LOOP('',(#3493));
#3493 = ORIENTED_EDGE('',*,*,#3494,.T.);
#3494 = EDGE_CURVE('',#3495,#3495,#3497,.T.);
#3495 = VERTEX_POINT('',#3496);
#3496 = CARTESIAN_POINT('',(139.7,-86.86,1.51));
#3497 = CIRCLE('',#3498,0.5);
#3498 = AXIS2_PLACEMENT_3D('',#3499,#3500,#3501);
#3499 = CARTESIAN_POINT('',(139.7,-86.36,1.51));
#3500 = DIRECTION('',(-0.,0.,-1.));
#3501 = DIRECTION('',(-0.,-1.,0.));
#3502 = FACE_BOUND('',#3503,.T.);
#3503 = EDGE_LOOP('',(#3504));
#3504 = ORIENTED_EDGE('',*,*,#3505,.T.);
#3505 = EDGE_CURVE('',#3506,#3506,#3508,.T.);
#3506 = VERTEX_POINT('',#3507);
#3507 = CARTESIAN_POINT('',(149.352,-100.076,1.51));
#3508 = CIRCLE('',#3509,0.381);
#3509 = AXIS2_PLACEMENT_3D('',#3510,#3511,#3512);
#3510 = CARTESIAN_POINT('',(149.352,-99.695,1.51));
#3511 = DIRECTION('',(-0.,0.,-1.));
#3512 = DIRECTION('',(-0.,-1.,0.));
#3513 = FACE_BOUND('',#3514,.T.);
#3514 = EDGE_LOOP('',(#3515));
#3515 = ORIENTED_EDGE('',*,*,#3516,.T.);
#3516 = EDGE_CURVE('',#3517,#3517,#3519,.T.);
#3517 = VERTEX_POINT('',#3518);
#3518 = CARTESIAN_POINT('',(149.352,-97.536,1.51));
#3519 = CIRCLE('',#3520,0.381);
#3520 = AXIS2_PLACEMENT_3D('',#3521,#3522,#3523);
#3521 = CARTESIAN_POINT('',(149.352,-97.155,1.51));
#3522 = DIRECTION('',(-0.,0.,-1.));
#3523 = DIRECTION('',(-0.,-1.,0.));
#3524 = FACE_BOUND('',#3525,.T.);
#3525 = EDGE_LOOP('',(#3526));
#3526 = ORIENTED_EDGE('',*,*,#3527,.T.);
#3527 = EDGE_CURVE('',#3528,#3528,#3530,.T.);
#3528 = VERTEX_POINT('',#3529);
#3529 = CARTESIAN_POINT('',(152.8,-97.8,1.51));
#3530 = CIRCLE('',#3531,0.3);
#3531 = AXIS2_PLACEMENT_3D('',#3532,#3533,#3534);
#3532 = CARTESIAN_POINT('',(152.8,-97.5,1.51));
#3533 = DIRECTION('',(-0.,0.,-1.));
#3534 = DIRECTION('',(-0.,-1.,0.));
#3535 = FACE_BOUND('',#3536,.T.);
#3536 = EDGE_LOOP('',(#3537));
#3537 = ORIENTED_EDGE('',*,*,#3538,.T.);
#3538 = EDGE_CURVE('',#3539,#3539,#3541,.T.);
#3539 = VERTEX_POINT('',#3540);
#3540 = CARTESIAN_POINT('',(154.214214,-99.214214,1.51));
#3541 = CIRCLE('',#3542,0.3);
#3542 = AXIS2_PLACEMENT_3D('',#3543,#3544,#3545);
#3543 = CARTESIAN_POINT('',(154.214214,-98.914214,1.51));
#3544 = DIRECTION('',(-0.,0.,-1.));
#3545 = DIRECTION('',(-0.,-1.,0.));
#3546 = FACE_BOUND('',#3547,.T.);
#3547 = EDGE_LOOP('',(#3548));
#3548 = ORIENTED_EDGE('',*,*,#3549,.T.);
#3549 = EDGE_CURVE('',#3550,#3550,#3552,.T.);
#3550 = VERTEX_POINT('',#3551);
#3551 = CARTESIAN_POINT('',(154.94,-94.48,1.51));
#3552 = CIRCLE('',#3553,0.5);
#3553 = AXIS2_PLACEMENT_3D('',#3554,#3555,#3556);
#3554 = CARTESIAN_POINT('',(154.94,-93.98,1.51));
#3555 = DIRECTION('',(-0.,0.,-1.));
#3556 = DIRECTION('',(-0.,-1.,0.));
#3557 = FACE_BOUND('',#3558,.T.);
#3558 = EDGE_LOOP('',(#3559));
#3559 = ORIENTED_EDGE('',*,*,#3560,.T.);
#3560 = EDGE_CURVE('',#3561,#3561,#3563,.T.);
#3561 = VERTEX_POINT('',#3562);
#3562 = CARTESIAN_POINT('',(154.94,-91.94,1.51));
#3563 = CIRCLE('',#3564,0.5);
#3564 = AXIS2_PLACEMENT_3D('',#3565,#3566,#3567);
#3565 = CARTESIAN_POINT('',(154.94,-91.44,1.51));
#3566 = DIRECTION('',(-0.,0.,-1.));
#3567 = DIRECTION('',(-0.,-1.,0.));
#3568 = FACE_BOUND('',#3569,.T.);
#3569 = EDGE_LOOP('',(#3570));
#3570 = ORIENTED_EDGE('',*,*,#3571,.T.);
#3571 = EDGE_CURVE('',#3572,#3572,#3574,.T.);
#3572 = VERTEX_POINT('',#3573);
#3573 = CARTESIAN_POINT('',(154.94,-89.4,1.51));
#3574 = CIRCLE('',#3575,0.5);
#3575 = AXIS2_PLACEMENT_3D('',#3576,#3577,#3578);
#3576 = CARTESIAN_POINT('',(154.94,-88.9,1.51));
#3577 = DIRECTION('',(-0.,0.,-1.));
#3578 = DIRECTION('',(-0.,-1.,0.));
#3579 = FACE_BOUND('',#3580,.T.);
#3580 = EDGE_LOOP('',(#3581));
#3581 = ORIENTED_EDGE('',*,*,#3582,.T.);
#3582 = EDGE_CURVE('',#3583,#3583,#3585,.T.);
#3583 = VERTEX_POINT('',#3584);
#3584 = CARTESIAN_POINT('',(154.94,-86.86,1.51));
#3585 = CIRCLE('',#3586,0.5);
#3586 = AXIS2_PLACEMENT_3D('',#3587,#3588,#3589);
#3587 = CARTESIAN_POINT('',(154.94,-86.36,1.51));
#3588 = DIRECTION('',(-0.,0.,-1.));
#3589 = DIRECTION('',(-0.,-1.,0.));
#3590 = FACE_BOUND('',#3591,.T.);
#3591 = EDGE_LOOP('',(#3592));
#3592 = ORIENTED_EDGE('',*,*,#3593,.T.);
#3593 = EDGE_CURVE('',#3594,#3594,#3596,.T.);
#3594 = VERTEX_POINT('',#3595);
#3595 = CARTESIAN_POINT('',(139.7,-84.32,1.51));
#3596 = CIRCLE('',#3597,0.5);
#3597 = AXIS2_PLACEMENT_3D('',#3598,#3599,#3600);
#3598 = CARTESIAN_POINT('',(139.7,-83.82,1.51));
#3599 = DIRECTION('',(-0.,0.,-1.));
#3600 = DIRECTION('',(-0.,-1.,0.));
#3601 = FACE_BOUND('',#3602,.T.);
#3602 = EDGE_LOOP('',(#3603));
#3603 = ORIENTED_EDGE('',*,*,#3604,.T.);
#3604 = EDGE_CURVE('',#3605,#3605,#3607,.T.);
#3605 = VERTEX_POINT('',#3606);
#3606 = CARTESIAN_POINT('',(139.7,-81.78,1.51));
#3607 = CIRCLE('',#3608,0.5);
#3608 = AXIS2_PLACEMENT_3D('',#3609,#3610,#3611);
#3609 = CARTESIAN_POINT('',(139.7,-81.28,1.51));
#3610 = DIRECTION('',(-0.,0.,-1.));
#3611 = DIRECTION('',(-0.,-1.,0.));
#3612 = FACE_BOUND('',#3613,.T.);
#3613 = EDGE_LOOP('',(#3614));
#3614 = ORIENTED_EDGE('',*,*,#3615,.T.);
#3615 = EDGE_CURVE('',#3616,#3616,#3618,.T.);
#3616 = VERTEX_POINT('',#3617);
#3617 = CARTESIAN_POINT('',(139.7,-79.24,1.51));
#3618 = CIRCLE('',#3619,0.5);
#3619 = AXIS2_PLACEMENT_3D('',#3620,#3621,#3622);
#3620 = CARTESIAN_POINT('',(139.7,-78.74,1.51));
#3621 = DIRECTION('',(-0.,0.,-1.));
#3622 = DIRECTION('',(-0.,-1.,0.));
#3623 = FACE_BOUND('',#3624,.T.);
#3624 = EDGE_LOOP('',(#3625));
#3625 = ORIENTED_EDGE('',*,*,#3626,.T.);
#3626 = EDGE_CURVE('',#3627,#3627,#3629,.T.);
#3627 = VERTEX_POINT('',#3628);
#3628 = CARTESIAN_POINT('',(139.7,-76.7,1.51));
#3629 = CIRCLE('',#3630,0.5);
#3630 = AXIS2_PLACEMENT_3D('',#3631,#3632,#3633);
#3631 = CARTESIAN_POINT('',(139.7,-76.2,1.51));
#3632 = DIRECTION('',(-0.,0.,-1.));
#3633 = DIRECTION('',(-0.,-1.,0.));
#3634 = FACE_BOUND('',#3635,.T.);
#3635 = EDGE_LOOP('',(#3636));
#3636 = ORIENTED_EDGE('',*,*,#3637,.T.);
#3637 = EDGE_CURVE('',#3638,#3638,#3640,.T.);
#3638 = VERTEX_POINT('',#3639);
#3639 = CARTESIAN_POINT('',(142.55,-78.99,1.51));
#3640 = CIRCLE('',#3641,0.25);
#3641 = AXIS2_PLACEMENT_3D('',#3642,#3643,#3644);
#3642 = CARTESIAN_POINT('',(142.55,-78.74,1.51));
#3643 = DIRECTION('',(-0.,0.,-1.));
#3644 = DIRECTION('',(-0.,-1.,0.));
#3645 = FACE_BOUND('',#3646,.T.);
#3646 = EDGE_LOOP('',(#3647));
#3647 = ORIENTED_EDGE('',*,*,#3648,.T.);
#3648 = EDGE_CURVE('',#3649,#3649,#3651,.T.);
#3649 = VERTEX_POINT('',#3650);
#3650 = CARTESIAN_POINT('',(142.55,-77.09,1.51));
#3651 = CIRCLE('',#3652,0.25);
#3652 = AXIS2_PLACEMENT_3D('',#3653,#3654,#3655);
#3653 = CARTESIAN_POINT('',(142.55,-76.84,1.51));
#3654 = DIRECTION('',(-0.,0.,-1.));
#3655 = DIRECTION('',(-0.,-1.,0.));
#3656 = FACE_BOUND('',#3657,.T.);
#3657 = EDGE_LOOP('',(#3658));
#3658 = ORIENTED_EDGE('',*,*,#3659,.T.);
#3659 = EDGE_CURVE('',#3660,#3660,#3662,.T.);
#3660 = VERTEX_POINT('',#3661);
#3661 = CARTESIAN_POINT('',(147.2565,-73.6885,1.51));
#3662 = CIRCLE('',#3663,0.6);
#3663 = AXIS2_PLACEMENT_3D('',#3664,#3665,#3666);
#3664 = CARTESIAN_POINT('',(147.2565,-73.0885,1.51));
#3665 = DIRECTION('',(-0.,0.,-1.));
#3666 = DIRECTION('',(-4.736951571734E-14,-1.,0.));
#3667 = FACE_BOUND('',#3668,.T.);
#3668 = EDGE_LOOP('',(#3669));
#3669 = ORIENTED_EDGE('',*,*,#3670,.T.);
#3670 = EDGE_CURVE('',#3671,#3671,#3673,.T.);
#3671 = VERTEX_POINT('',#3672);
#3672 = CARTESIAN_POINT('',(154.94,-84.32,1.51));
#3673 = CIRCLE('',#3674,0.5);
#3674 = AXIS2_PLACEMENT_3D('',#3675,#3676,#3677);
#3675 = CARTESIAN_POINT('',(154.94,-83.82,1.51));
#3676 = DIRECTION('',(-0.,0.,-1.));
#3677 = DIRECTION('',(-0.,-1.,0.));
#3678 = FACE_BOUND('',#3679,.T.);
#3679 = EDGE_LOOP('',(#3680));
#3680 = ORIENTED_EDGE('',*,*,#3681,.T.);
#3681 = EDGE_CURVE('',#3682,#3682,#3684,.T.);
#3682 = VERTEX_POINT('',#3683);
#3683 = CARTESIAN_POINT('',(154.94,-81.78,1.51));
#3684 = CIRCLE('',#3685,0.5);
#3685 = AXIS2_PLACEMENT_3D('',#3686,#3687,#3688);
#3686 = CARTESIAN_POINT('',(154.94,-81.28,1.51));
#3687 = DIRECTION('',(-0.,0.,-1.));
#3688 = DIRECTION('',(-0.,-1.,0.));
#3689 = FACE_BOUND('',#3690,.T.);
#3690 = EDGE_LOOP('',(#3691));
#3691 = ORIENTED_EDGE('',*,*,#3692,.T.);
#3692 = EDGE_CURVE('',#3693,#3693,#3695,.T.);
#3693 = VERTEX_POINT('',#3694);
#3694 = CARTESIAN_POINT('',(154.94,-79.24,1.51));
#3695 = CIRCLE('',#3696,0.5);
#3696 = AXIS2_PLACEMENT_3D('',#3697,#3698,#3699);
#3697 = CARTESIAN_POINT('',(154.94,-78.74,1.51));
#3698 = DIRECTION('',(-0.,0.,-1.));
#3699 = DIRECTION('',(-0.,-1.,0.));
#3700 = FACE_BOUND('',#3701,.T.);
#3701 = EDGE_LOOP('',(#3702));
#3702 = ORIENTED_EDGE('',*,*,#3703,.T.);
#3703 = EDGE_CURVE('',#3704,#3704,#3706,.T.);
#3704 = VERTEX_POINT('',#3705);
#3705 = CARTESIAN_POINT('',(154.94,-76.7,1.51));
#3706 = CIRCLE('',#3707,0.5);
#3707 = AXIS2_PLACEMENT_3D('',#3708,#3709,#3710);
#3708 = CARTESIAN_POINT('',(154.94,-76.2,1.51));
#3709 = DIRECTION('',(-0.,0.,-1.));
#3710 = DIRECTION('',(-0.,-1.,0.));
#3711 = PLANE('',#3712);
#3712 = AXIS2_PLACEMENT_3D('',#3713,#3714,#3715);
#3713 = CARTESIAN_POINT('',(0.,0.,1.51));
#3714 = DIRECTION('',(0.,0.,1.));
#3715 = DIRECTION('',(1.,0.,-0.));
#3716 = ADVANCED_FACE('',(#3717),#3723,.T.);
#3717 = FACE_BOUND('',#3718,.T.);
#3718 = EDGE_LOOP('',(#3719,#3720,#3721,#3722));
#3719 = ORIENTED_EDGE('',*,*,#3004,.T.);
#3720 = ORIENTED_EDGE('',*,*,#3375,.T.);
#3721 = ORIENTED_EDGE('',*,*,#2964,.F.);
#3722 = ORIENTED_EDGE('',*,*,#3028,.F.);
#3723 = PLANE('',#3724);
#3724 = AXIS2_PLACEMENT_3D('',#3725,#3726,#3727);
#3725 = CARTESIAN_POINT('',(138.43,-71.755,0.));
#3726 = DIRECTION('',(0.,1.,0.));
#3727 = DIRECTION('',(1.,0.,0.));
#3728 = ADVANCED_FACE('',(#3729),#3740,.F.);
#3729 = FACE_BOUND('',#3730,.T.);
#3730 = EDGE_LOOP('',(#3731,#3732,#3738,#3739));
#3731 = ORIENTED_EDGE('',*,*,#3037,.T.);
#3732 = ORIENTED_EDGE('',*,*,#3733,.T.);
#3733 = EDGE_CURVE('',#3038,#3385,#3734,.T.);
#3734 = LINE('',#3735,#3736);
#3735 = CARTESIAN_POINT('',(141.732,-100.076,-4.6E-02));
#3736 = VECTOR('',#3737,1.);
#3737 = DIRECTION('',(0.,0.,1.));
#3738 = ORIENTED_EDGE('',*,*,#3384,.F.);
#3739 = ORIENTED_EDGE('',*,*,#3733,.F.);
#3740 = CYLINDRICAL_SURFACE('',#3741,0.381);
#3741 = AXIS2_PLACEMENT_3D('',#3742,#3743,#3744);
#3742 = CARTESIAN_POINT('',(141.732,-99.695,-4.6E-02));
#3743 = DIRECTION('',(-0.,-0.,-1.));
#3744 = DIRECTION('',(-0.,-1.,0.));
#3745 = ADVANCED_FACE('',(#3746),#3757,.F.);
#3746 = FACE_BOUND('',#3747,.T.);
#3747 = EDGE_LOOP('',(#3748,#3749,#3755,#3756));
#3748 = ORIENTED_EDGE('',*,*,#3048,.T.);
#3749 = ORIENTED_EDGE('',*,*,#3750,.T.);
#3750 = EDGE_CURVE('',#3049,#3396,#3751,.T.);
#3751 = LINE('',#3752,#3753);
#3752 = CARTESIAN_POINT('',(141.732,-97.536,-4.6E-02));
#3753 = VECTOR('',#3754,1.);
#3754 = DIRECTION('',(0.,0.,1.));
#3755 = ORIENTED_EDGE('',*,*,#3395,.F.);
#3756 = ORIENTED_EDGE('',*,*,#3750,.F.);
#3757 = CYLINDRICAL_SURFACE('',#3758,0.381);
#3758 = AXIS2_PLACEMENT_3D('',#3759,#3760,#3761);
#3759 = CARTESIAN_POINT('',(141.732,-97.155,-4.6E-02));
#3760 = DIRECTION('',(-0.,-0.,-1.));
#3761 = DIRECTION('',(-0.,-1.,0.));
#3762 = ADVANCED_FACE('',(#3763),#3774,.F.);
#3763 = FACE_BOUND('',#3764,.T.);
#3764 = EDGE_LOOP('',(#3765,#3766,#3772,#3773));
#3765 = ORIENTED_EDGE('',*,*,#3059,.T.);
#3766 = ORIENTED_EDGE('',*,*,#3767,.T.);
#3767 = EDGE_CURVE('',#3060,#3407,#3768,.T.);
#3768 = LINE('',#3769,#3770);
#3769 = CARTESIAN_POINT('',(139.7,-94.48,-4.6E-02));
#3770 = VECTOR('',#3771,1.);
#3771 = DIRECTION('',(0.,0.,1.));
#3772 = ORIENTED_EDGE('',*,*,#3406,.F.);
#3773 = ORIENTED_EDGE('',*,*,#3767,.F.);
#3774 = CYLINDRICAL_SURFACE('',#3775,0.5);
#3775 = AXIS2_PLACEMENT_3D('',#3776,#3777,#3778);
#3776 = CARTESIAN_POINT('',(139.7,-93.98,-4.6E-02));
#3777 = DIRECTION('',(-0.,-0.,-1.));
#3778 = DIRECTION('',(-0.,-1.,0.));
#3779 = ADVANCED_FACE('',(#3780),#3791,.F.);
#3780 = FACE_BOUND('',#3781,.T.);
#3781 = EDGE_LOOP('',(#3782,#3783,#3789,#3790));
#3782 = ORIENTED_EDGE('',*,*,#3070,.T.);
#3783 = ORIENTED_EDGE('',*,*,#3784,.T.);
#3784 = EDGE_CURVE('',#3071,#3418,#3785,.T.);
#3785 = LINE('',#3786,#3787);
#3786 = CARTESIAN_POINT('',(144.272,-100.076,-4.6E-02));
#3787 = VECTOR('',#3788,1.);
#3788 = DIRECTION('',(0.,0.,1.));
#3789 = ORIENTED_EDGE('',*,*,#3417,.F.);
#3790 = ORIENTED_EDGE('',*,*,#3784,.F.);
#3791 = CYLINDRICAL_SURFACE('',#3792,0.381);
#3792 = AXIS2_PLACEMENT_3D('',#3793,#3794,#3795);
#3793 = CARTESIAN_POINT('',(144.272,-99.695,-4.6E-02));
#3794 = DIRECTION('',(-0.,-0.,-1.));
#3795 = DIRECTION('',(-0.,-1.,0.));
#3796 = ADVANCED_FACE('',(#3797),#3808,.F.);
#3797 = FACE_BOUND('',#3798,.T.);
#3798 = EDGE_LOOP('',(#3799,#3800,#3806,#3807));
#3799 = ORIENTED_EDGE('',*,*,#3081,.T.);
#3800 = ORIENTED_EDGE('',*,*,#3801,.T.);
#3801 = EDGE_CURVE('',#3082,#3429,#3802,.T.);
#3802 = LINE('',#3803,#3804);
#3803 = CARTESIAN_POINT('',(144.272,-97.536,-4.6E-02));
#3804 = VECTOR('',#3805,1.);
#3805 = DIRECTION('',(0.,0.,1.));
#3806 = ORIENTED_EDGE('',*,*,#3428,.F.);
#3807 = ORIENTED_EDGE('',*,*,#3801,.F.);
#3808 = CYLINDRICAL_SURFACE('',#3809,0.381);
#3809 = AXIS2_PLACEMENT_3D('',#3810,#3811,#3812);
#3810 = CARTESIAN_POINT('',(144.272,-97.155,-4.6E-02));
#3811 = DIRECTION('',(-0.,-0.,-1.));
#3812 = DIRECTION('',(-0.,-1.,0.));
#3813 = ADVANCED_FACE('',(#3814),#3825,.F.);
#3814 = FACE_BOUND('',#3815,.T.);
#3815 = EDGE_LOOP('',(#3816,#3817,#3823,#3824));
#3816 = ORIENTED_EDGE('',*,*,#3092,.T.);
#3817 = ORIENTED_EDGE('',*,*,#3818,.T.);
#3818 = EDGE_CURVE('',#3093,#3440,#3819,.T.);
#3819 = LINE('',#3820,#3821);
#3820 = CARTESIAN_POINT('',(146.812,-100.076,-4.6E-02));
#3821 = VECTOR('',#3822,1.);
#3822 = DIRECTION('',(0.,0.,1.));
#3823 = ORIENTED_EDGE('',*,*,#3439,.F.);
#3824 = ORIENTED_EDGE('',*,*,#3818,.F.);
#3825 = CYLINDRICAL_SURFACE('',#3826,0.381);
#3826 = AXIS2_PLACEMENT_3D('',#3827,#3828,#3829);
#3827 = CARTESIAN_POINT('',(146.812,-99.695,-4.6E-02));
#3828 = DIRECTION('',(-0.,-0.,-1.));
#3829 = DIRECTION('',(-0.,-1.,0.));
#3830 = ADVANCED_FACE('',(#3831),#3842,.F.);
#3831 = FACE_BOUND('',#3832,.T.);
#3832 = EDGE_LOOP('',(#3833,#3834,#3840,#3841));
#3833 = ORIENTED_EDGE('',*,*,#3103,.T.);
#3834 = ORIENTED_EDGE('',*,*,#3835,.T.);
#3835 = EDGE_CURVE('',#3104,#3451,#3836,.T.);
#3836 = LINE('',#3837,#3838);
#3837 = CARTESIAN_POINT('',(146.812,-97.536,-4.6E-02));
#3838 = VECTOR('',#3839,1.);
#3839 = DIRECTION('',(0.,0.,1.));
#3840 = ORIENTED_EDGE('',*,*,#3450,.F.);
#3841 = ORIENTED_EDGE('',*,*,#3835,.F.);
#3842 = CYLINDRICAL_SURFACE('',#3843,0.381);
#3843 = AXIS2_PLACEMENT_3D('',#3844,#3845,#3846);
#3844 = CARTESIAN_POINT('',(146.812,-97.155,-4.6E-02));
#3845 = DIRECTION('',(-0.,-0.,-1.));
#3846 = DIRECTION('',(-0.,-1.,0.));
#3847 = ADVANCED_FACE('',(#3848),#3859,.F.);
#3848 = FACE_BOUND('',#3849,.T.);
#3849 = EDGE_LOOP('',(#3850,#3851,#3857,#3858));
#3850 = ORIENTED_EDGE('',*,*,#3114,.T.);
#3851 = ORIENTED_EDGE('',*,*,#3852,.T.);
#3852 = EDGE_CURVE('',#3115,#3462,#3853,.T.);
#3853 = LINE('',#3854,#3855);
#3854 = CARTESIAN_POINT('',(147.2565,-94.0485,-4.6E-02));
#3855 = VECTOR('',#3856,1.);
#3856 = DIRECTION('',(0.,0.,1.));
#3857 = ORIENTED_EDGE('',*,*,#3461,.F.);
#3858 = ORIENTED_EDGE('',*,*,#3852,.F.);
#3859 = CYLINDRICAL_SURFACE('',#3860,0.6);
#3860 = AXIS2_PLACEMENT_3D('',#3861,#3862,#3863);
#3861 = CARTESIAN_POINT('',(147.2565,-93.4485,-4.6E-02));
#3862 = DIRECTION('',(-0.,-0.,-1.));
#3863 = DIRECTION('',(-4.736951571734E-14,-1.,0.));
#3864 = ADVANCED_FACE('',(#3865),#3876,.F.);
#3865 = FACE_BOUND('',#3866,.T.);
#3866 = EDGE_LOOP('',(#3867,#3868,#3874,#3875));
#3867 = ORIENTED_EDGE('',*,*,#3125,.T.);
#3868 = ORIENTED_EDGE('',*,*,#3869,.T.);
#3869 = EDGE_CURVE('',#3126,#3473,#3870,.T.);
#3870 = LINE('',#3871,#3872);
#3871 = CARTESIAN_POINT('',(139.7,-91.94,-4.6E-02));
#3872 = VECTOR('',#3873,1.);
#3873 = DIRECTION('',(0.,0.,1.));
#3874 = ORIENTED_EDGE('',*,*,#3472,.F.);
#3875 = ORIENTED_EDGE('',*,*,#3869,.F.);
#3876 = CYLINDRICAL_SURFACE('',#3877,0.5);
#3877 = AXIS2_PLACEMENT_3D('',#3878,#3879,#3880);
#3878 = CARTESIAN_POINT('',(139.7,-91.44,-4.6E-02));
#3879 = DIRECTION('',(-0.,-0.,-1.));
#3880 = DIRECTION('',(-0.,-1.,0.));
#3881 = ADVANCED_FACE('',(#3882),#3893,.F.);
#3882 = FACE_BOUND('',#3883,.T.);
#3883 = EDGE_LOOP('',(#3884,#3885,#3891,#3892));
#3884 = ORIENTED_EDGE('',*,*,#3136,.T.);
#3885 = ORIENTED_EDGE('',*,*,#3886,.T.);
#3886 = EDGE_CURVE('',#3137,#3484,#3887,.T.);
#3887 = LINE('',#3888,#3889);
#3888 = CARTESIAN_POINT('',(139.7,-89.4,-4.6E-02));
#3889 = VECTOR('',#3890,1.);
#3890 = DIRECTION('',(0.,0.,1.));
#3891 = ORIENTED_EDGE('',*,*,#3483,.F.);
#3892 = ORIENTED_EDGE('',*,*,#3886,.F.);
#3893 = CYLINDRICAL_SURFACE('',#3894,0.5);
#3894 = AXIS2_PLACEMENT_3D('',#3895,#3896,#3897);
#3895 = CARTESIAN_POINT('',(139.7,-88.9,-4.6E-02));
#3896 = DIRECTION('',(-0.,-0.,-1.));
#3897 = DIRECTION('',(-0.,-1.,0.));
#3898 = ADVANCED_FACE('',(#3899),#3910,.F.);
#3899 = FACE_BOUND('',#3900,.T.);
#3900 = EDGE_LOOP('',(#3901,#3902,#3908,#3909));
#3901 = ORIENTED_EDGE('',*,*,#3147,.T.);
#3902 = ORIENTED_EDGE('',*,*,#3903,.T.);
#3903 = EDGE_CURVE('',#3148,#3495,#3904,.T.);
#3904 = LINE('',#3905,#3906);
#3905 = CARTESIAN_POINT('',(139.7,-86.86,-4.6E-02));
#3906 = VECTOR('',#3907,1.);
#3907 = DIRECTION('',(0.,0.,1.));
#3908 = ORIENTED_EDGE('',*,*,#3494,.F.);
#3909 = ORIENTED_EDGE('',*,*,#3903,.F.);
#3910 = CYLINDRICAL_SURFACE('',#3911,0.5);
#3911 = AXIS2_PLACEMENT_3D('',#3912,#3913,#3914);
#3912 = CARTESIAN_POINT('',(139.7,-86.36,-4.6E-02));
#3913 = DIRECTION('',(-0.,-0.,-1.));
#3914 = DIRECTION('',(-0.,-1.,0.));
#3915 = ADVANCED_FACE('',(#3916),#3927,.F.);
#3916 = FACE_BOUND('',#3917,.T.);
#3917 = EDGE_LOOP('',(#3918,#3919,#3925,#3926));
#3918 = ORIENTED_EDGE('',*,*,#3158,.T.);
#3919 = ORIENTED_EDGE('',*,*,#3920,.T.);
#3920 = EDGE_CURVE('',#3159,#3506,#3921,.T.);
#3921 = LINE('',#3922,#3923);
#3922 = CARTESIAN_POINT('',(149.352,-100.076,-4.6E-02));
#3923 = VECTOR('',#3924,1.);
#3924 = DIRECTION('',(0.,0.,1.));
#3925 = ORIENTED_EDGE('',*,*,#3505,.F.);
#3926 = ORIENTED_EDGE('',*,*,#3920,.F.);
#3927 = CYLINDRICAL_SURFACE('',#3928,0.381);
#3928 = AXIS2_PLACEMENT_3D('',#3929,#3930,#3931);
#3929 = CARTESIAN_POINT('',(149.352,-99.695,-4.6E-02));
#3930 = DIRECTION('',(-0.,-0.,-1.));
#3931 = DIRECTION('',(-0.,-1.,0.));
#3932 = ADVANCED_FACE('',(#3933),#3944,.F.);
#3933 = FACE_BOUND('',#3934,.T.);
#3934 = EDGE_LOOP('',(#3935,#3936,#3942,#3943));
#3935 = ORIENTED_EDGE('',*,*,#3169,.T.);
#3936 = ORIENTED_EDGE('',*,*,#3937,.T.);
#3937 = EDGE_CURVE('',#3170,#3517,#3938,.T.);
#3938 = LINE('',#3939,#3940);
#3939 = CARTESIAN_POINT('',(149.352,-97.536,-4.6E-02));
#3940 = VECTOR('',#3941,1.);
#3941 = DIRECTION('',(0.,0.,1.));
#3942 = ORIENTED_EDGE('',*,*,#3516,.F.);
#3943 = ORIENTED_EDGE('',*,*,#3937,.F.);
#3944 = CYLINDRICAL_SURFACE('',#3945,0.381);
#3945 = AXIS2_PLACEMENT_3D('',#3946,#3947,#3948);
#3946 = CARTESIAN_POINT('',(149.352,-97.155,-4.6E-02));
#3947 = DIRECTION('',(-0.,-0.,-1.));
#3948 = DIRECTION('',(-0.,-1.,0.));
#3949 = ADVANCED_FACE('',(#3950),#3961,.F.);
#3950 = FACE_BOUND('',#3951,.T.);
#3951 = EDGE_LOOP('',(#3952,#3953,#3959,#3960));
#3952 = ORIENTED_EDGE('',*,*,#3180,.T.);
#3953 = ORIENTED_EDGE('',*,*,#3954,.T.);
#3954 = EDGE_CURVE('',#3181,#3528,#3955,.T.);
#3955 = LINE('',#3956,#3957);
#3956 = CARTESIAN_POINT('',(152.8,-97.8,-4.6E-02));
#3957 = VECTOR('',#3958,1.);
#3958 = DIRECTION('',(0.,0.,1.));
#3959 = ORIENTED_EDGE('',*,*,#3527,.F.);
#3960 = ORIENTED_EDGE('',*,*,#3954,.F.);
#3961 = CYLINDRICAL_SURFACE('',#3962,0.3);
#3962 = AXIS2_PLACEMENT_3D('',#3963,#3964,#3965);
#3963 = CARTESIAN_POINT('',(152.8,-97.5,-4.6E-02));
#3964 = DIRECTION('',(-0.,-0.,-1.));
#3965 = DIRECTION('',(-0.,-1.,0.));
#3966 = ADVANCED_FACE('',(#3967),#3978,.F.);
#3967 = FACE_BOUND('',#3968,.T.);
#3968 = EDGE_LOOP('',(#3969,#3970,#3976,#3977));
#3969 = ORIENTED_EDGE('',*,*,#3191,.T.);
#3970 = ORIENTED_EDGE('',*,*,#3971,.T.);
#3971 = EDGE_CURVE('',#3192,#3539,#3972,.T.);
#3972 = LINE('',#3973,#3974);
#3973 = CARTESIAN_POINT('',(154.214214,-99.214214,-4.6E-02));
#3974 = VECTOR('',#3975,1.);
#3975 = DIRECTION('',(0.,0.,1.));
#3976 = ORIENTED_EDGE('',*,*,#3538,.F.);
#3977 = ORIENTED_EDGE('',*,*,#3971,.F.);
#3978 = CYLINDRICAL_SURFACE('',#3979,0.3);
#3979 = AXIS2_PLACEMENT_3D('',#3980,#3981,#3982);
#3980 = CARTESIAN_POINT('',(154.214214,-98.914214,-4.6E-02));
#3981 = DIRECTION('',(-0.,-0.,-1.));
#3982 = DIRECTION('',(-0.,-1.,0.));
#3983 = ADVANCED_FACE('',(#3984),#3995,.F.);
#3984 = FACE_BOUND('',#3985,.T.);
#3985 = EDGE_LOOP('',(#3986,#3987,#3993,#3994));
#3986 = ORIENTED_EDGE('',*,*,#3202,.T.);
#3987 = ORIENTED_EDGE('',*,*,#3988,.T.);
#3988 = EDGE_CURVE('',#3203,#3550,#3989,.T.);
#3989 = LINE('',#3990,#3991);
#3990 = CARTESIAN_POINT('',(154.94,-94.48,-4.6E-02));
#3991 = VECTOR('',#3992,1.);
#3992 = DIRECTION('',(0.,0.,1.));
#3993 = ORIENTED_EDGE('',*,*,#3549,.F.);
#3994 = ORIENTED_EDGE('',*,*,#3988,.F.);
#3995 = CYLINDRICAL_SURFACE('',#3996,0.5);
#3996 = AXIS2_PLACEMENT_3D('',#3997,#3998,#3999);
#3997 = CARTESIAN_POINT('',(154.94,-93.98,-4.6E-02));
#3998 = DIRECTION('',(-0.,-0.,-1.));
#3999 = DIRECTION('',(-0.,-1.,0.));
#4000 = ADVANCED_FACE('',(#4001),#4012,.F.);
#4001 = FACE_BOUND('',#4002,.T.);
#4002 = EDGE_LOOP('',(#4003,#4004,#4010,#4011));
#4003 = ORIENTED_EDGE('',*,*,#3213,.T.);
#4004 = ORIENTED_EDGE('',*,*,#4005,.T.);
#4005 = EDGE_CURVE('',#3214,#3561,#4006,.T.);
#4006 = LINE('',#4007,#4008);
#4007 = CARTESIAN_POINT('',(154.94,-91.94,-4.6E-02));
#4008 = VECTOR('',#4009,1.);
#4009 = DIRECTION('',(0.,0.,1.));
#4010 = ORIENTED_EDGE('',*,*,#3560,.F.);
#4011 = ORIENTED_EDGE('',*,*,#4005,.F.);
#4012 = CYLINDRICAL_SURFACE('',#4013,0.5);
#4013 = AXIS2_PLACEMENT_3D('',#4014,#4015,#4016);
#4014 = CARTESIAN_POINT('',(154.94,-91.44,-4.6E-02));
#4015 = DIRECTION('',(-0.,-0.,-1.));
#4016 = DIRECTION('',(-0.,-1.,0.));
#4017 = ADVANCED_FACE('',(#4018),#4029,.F.);
#4018 = FACE_BOUND('',#4019,.T.);
#4019 = EDGE_LOOP('',(#4020,#4021,#4027,#4028));
#4020 = ORIENTED_EDGE('',*,*,#3224,.T.);
#4021 = ORIENTED_EDGE('',*,*,#4022,.T.);
#4022 = EDGE_CURVE('',#3225,#3572,#4023,.T.);
#4023 = LINE('',#4024,#4025);
#4024 = CARTESIAN_POINT('',(154.94,-89.4,-4.6E-02));
#4025 = VECTOR('',#4026,1.);
#4026 = DIRECTION('',(0.,0.,1.));
#4027 = ORIENTED_EDGE('',*,*,#3571,.F.);
#4028 = ORIENTED_EDGE('',*,*,#4022,.F.);
#4029 = CYLINDRICAL_SURFACE('',#4030,0.5);
#4030 = AXIS2_PLACEMENT_3D('',#4031,#4032,#4033);
#4031 = CARTESIAN_POINT('',(154.94,-88.9,-4.6E-02));
#4032 = DIRECTION('',(-0.,-0.,-1.));
#4033 = DIRECTION('',(-0.,-1.,0.));
#4034 = ADVANCED_FACE('',(#4035),#4046,.F.);
#4035 = FACE_BOUND('',#4036,.T.);
#4036 = EDGE_LOOP('',(#4037,#4038,#4044,#4045));
#4037 = ORIENTED_EDGE('',*,*,#3235,.T.);
#4038 = ORIENTED_EDGE('',*,*,#4039,.T.);
#4039 = EDGE_CURVE('',#3236,#3583,#4040,.T.);
#4040 = LINE('',#4041,#4042);
#4041 = CARTESIAN_POINT('',(154.94,-86.86,-4.6E-02));
#4042 = VECTOR('',#4043,1.);
#4043 = DIRECTION('',(0.,0.,1.));
#4044 = ORIENTED_EDGE('',*,*,#3582,.F.);
#4045 = ORIENTED_EDGE('',*,*,#4039,.F.);
#4046 = CYLINDRICAL_SURFACE('',#4047,0.5);
#4047 = AXIS2_PLACEMENT_3D('',#4048,#4049,#4050);
#4048 = CARTESIAN_POINT('',(154.94,-86.36,-4.6E-02));
#4049 = DIRECTION('',(-0.,-0.,-1.));
#4050 = DIRECTION('',(-0.,-1.,0.));
#4051 = ADVANCED_FACE('',(#4052),#4063,.F.);
#4052 = FACE_BOUND('',#4053,.T.);
#4053 = EDGE_LOOP('',(#4054,#4055,#4061,#4062));
#4054 = ORIENTED_EDGE('',*,*,#3246,.T.);
#4055 = ORIENTED_EDGE('',*,*,#4056,.T.);
#4056 = EDGE_CURVE('',#3247,#3594,#4057,.T.);
#4057 = LINE('',#4058,#4059);
#4058 = CARTESIAN_POINT('',(139.7,-84.32,-4.6E-02));
#4059 = VECTOR('',#4060,1.);
#4060 = DIRECTION('',(0.,0.,1.));
#4061 = ORIENTED_EDGE('',*,*,#3593,.F.);
#4062 = ORIENTED_EDGE('',*,*,#4056,.F.);
#4063 = CYLINDRICAL_SURFACE('',#4064,0.5);
#4064 = AXIS2_PLACEMENT_3D('',#4065,#4066,#4067);
#4065 = CARTESIAN_POINT('',(139.7,-83.82,-4.6E-02));
#4066 = DIRECTION('',(-0.,-0.,-1.));
#4067 = DIRECTION('',(-0.,-1.,0.));
#4068 = ADVANCED_FACE('',(#4069),#4080,.F.);
#4069 = FACE_BOUND('',#4070,.T.);
#4070 = EDGE_LOOP('',(#4071,#4072,#4078,#4079));
#4071 = ORIENTED_EDGE('',*,*,#3257,.T.);
#4072 = ORIENTED_EDGE('',*,*,#4073,.T.);
#4073 = EDGE_CURVE('',#3258,#3605,#4074,.T.);
#4074 = LINE('',#4075,#4076);
#4075 = CARTESIAN_POINT('',(139.7,-81.78,-4.6E-02));
#4076 = VECTOR('',#4077,1.);
#4077 = DIRECTION('',(0.,0.,1.));
#4078 = ORIENTED_EDGE('',*,*,#3604,.F.);
#4079 = ORIENTED_EDGE('',*,*,#4073,.F.);
#4080 = CYLINDRICAL_SURFACE('',#4081,0.5);
#4081 = AXIS2_PLACEMENT_3D('',#4082,#4083,#4084);
#4082 = CARTESIAN_POINT('',(139.7,-81.28,-4.6E-02));
#4083 = DIRECTION('',(-0.,-0.,-1.));
#4084 = DIRECTION('',(-0.,-1.,0.));
#4085 = ADVANCED_FACE('',(#4086),#4097,.F.);
#4086 = FACE_BOUND('',#4087,.T.);
#4087 = EDGE_LOOP('',(#4088,#4089,#4095,#4096));
#4088 = ORIENTED_EDGE('',*,*,#3268,.T.);
#4089 = ORIENTED_EDGE('',*,*,#4090,.T.);
#4090 = EDGE_CURVE('',#3269,#3616,#4091,.T.);
#4091 = LINE('',#4092,#4093);
#4092 = CARTESIAN_POINT('',(139.7,-79.24,-4.6E-02));
#4093 = VECTOR('',#4094,1.);
#4094 = DIRECTION('',(0.,0.,1.));
#4095 = ORIENTED_EDGE('',*,*,#3615,.F.);
#4096 = ORIENTED_EDGE('',*,*,#4090,.F.);
#4097 = CYLINDRICAL_SURFACE('',#4098,0.5);
#4098 = AXIS2_PLACEMENT_3D('',#4099,#4100,#4101);
#4099 = CARTESIAN_POINT('',(139.7,-78.74,-4.6E-02));
#4100 = DIRECTION('',(-0.,-0.,-1.));
#4101 = DIRECTION('',(-0.,-1.,0.));
#4102 = ADVANCED_FACE('',(#4103),#4114,.F.);
#4103 = FACE_BOUND('',#4104,.T.);
#4104 = EDGE_LOOP('',(#4105,#4106,#4112,#4113));
#4105 = ORIENTED_EDGE('',*,*,#3279,.T.);
#4106 = ORIENTED_EDGE('',*,*,#4107,.T.);
#4107 = EDGE_CURVE('',#3280,#3627,#4108,.T.);
#4108 = LINE('',#4109,#4110);
#4109 = CARTESIAN_POINT('',(139.7,-76.7,-4.6E-02));
#4110 = VECTOR('',#4111,1.);
#4111 = DIRECTION('',(0.,0.,1.));
#4112 = ORIENTED_EDGE('',*,*,#3626,.F.);
#4113 = ORIENTED_EDGE('',*,*,#4107,.F.);
#4114 = CYLINDRICAL_SURFACE('',#4115,0.5);
#4115 = AXIS2_PLACEMENT_3D('',#4116,#4117,#4118);
#4116 = CARTESIAN_POINT('',(139.7,-76.2,-4.6E-02));
#4117 = DIRECTION('',(-0.,-0.,-1.));
#4118 = DIRECTION('',(-0.,-1.,0.));
#4119 = ADVANCED_FACE('',(#4120),#4131,.F.);
#4120 = FACE_BOUND('',#4121,.T.);
#4121 = EDGE_LOOP('',(#4122,#4123,#4129,#4130));
#4122 = ORIENTED_EDGE('',*,*,#3290,.T.);
#4123 = ORIENTED_EDGE('',*,*,#4124,.T.);
#4124 = EDGE_CURVE('',#3291,#3638,#4125,.T.);
#4125 = LINE('',#4126,#4127);
#4126 = CARTESIAN_POINT('',(142.55,-78.99,-4.6E-02));
#4127 = VECTOR('',#4128,1.);
#4128 = DIRECTION('',(0.,0.,1.));
#4129 = ORIENTED_EDGE('',*,*,#3637,.F.);
#4130 = ORIENTED_EDGE('',*,*,#4124,.F.);
#4131 = CYLINDRICAL_SURFACE('',#4132,0.25);
#4132 = AXIS2_PLACEMENT_3D('',#4133,#4134,#4135);
#4133 = CARTESIAN_POINT('',(142.55,-78.74,-4.6E-02));
#4134 = DIRECTION('',(-0.,-0.,-1.));
#4135 = DIRECTION('',(-0.,-1.,0.));
#4136 = ADVANCED_FACE('',(#4137),#4148,.F.);
#4137 = FACE_BOUND('',#4138,.T.);
#4138 = EDGE_LOOP('',(#4139,#4140,#4146,#4147));
#4139 = ORIENTED_EDGE('',*,*,#3301,.T.);
#4140 = ORIENTED_EDGE('',*,*,#4141,.T.);
#4141 = EDGE_CURVE('',#3302,#3649,#4142,.T.);
#4142 = LINE('',#4143,#4144);
#4143 = CARTESIAN_POINT('',(142.55,-77.09,-4.6E-02));
#4144 = VECTOR('',#4145,1.);
#4145 = DIRECTION('',(0.,0.,1.));
#4146 = ORIENTED_EDGE('',*,*,#3648,.F.);
#4147 = ORIENTED_EDGE('',*,*,#4141,.F.);
#4148 = CYLINDRICAL_SURFACE('',#4149,0.25);
#4149 = AXIS2_PLACEMENT_3D('',#4150,#4151,#4152);
#4150 = CARTESIAN_POINT('',(142.55,-76.84,-4.6E-02));
#4151 = DIRECTION('',(-0.,-0.,-1.));
#4152 = DIRECTION('',(-0.,-1.,0.));
#4153 = ADVANCED_FACE('',(#4154),#4165,.F.);
#4154 = FACE_BOUND('',#4155,.T.);
#4155 = EDGE_LOOP('',(#4156,#4157,#4163,#4164));
#4156 = ORIENTED_EDGE('',*,*,#3312,.T.);
#4157 = ORIENTED_EDGE('',*,*,#4158,.T.);
#4158 = EDGE_CURVE('',#3313,#3660,#4159,.T.);
#4159 = LINE('',#4160,#4161);
#4160 = CARTESIAN_POINT('',(147.2565,-73.6885,-4.6E-02));
#4161 = VECTOR('',#4162,1.);
#4162 = DIRECTION('',(0.,0.,1.));
#4163 = ORIENTED_EDGE('',*,*,#3659,.F.);
#4164 = ORIENTED_EDGE('',*,*,#4158,.F.);
#4165 = CYLINDRICAL_SURFACE('',#4166,0.6);
#4166 = AXIS2_PLACEMENT_3D('',#4167,#4168,#4169);
#4167 = CARTESIAN_POINT('',(147.2565,-73.0885,-4.6E-02));
#4168 = DIRECTION('',(-0.,-0.,-1.));
#4169 = DIRECTION('',(-4.736951571734E-14,-1.,0.));
#4170 = ADVANCED_FACE('',(#4171),#4182,.F.);
#4171 = FACE_BOUND('',#4172,.T.);
#4172 = EDGE_LOOP('',(#4173,#4174,#4180,#4181));
#4173 = ORIENTED_EDGE('',*,*,#3323,.T.);
#4174 = ORIENTED_EDGE('',*,*,#4175,.T.);
#4175 = EDGE_CURVE('',#3324,#3671,#4176,.T.);
#4176 = LINE('',#4177,#4178);
#4177 = CARTESIAN_POINT('',(154.94,-84.32,-4.6E-02));
#4178 = VECTOR('',#4179,1.);
#4179 = DIRECTION('',(0.,0.,1.));
#4180 = ORIENTED_EDGE('',*,*,#3670,.F.);
#4181 = ORIENTED_EDGE('',*,*,#4175,.F.);
#4182 = CYLINDRICAL_SURFACE('',#4183,0.5);
#4183 = AXIS2_PLACEMENT_3D('',#4184,#4185,#4186);
#4184 = CARTESIAN_POINT('',(154.94,-83.82,-4.6E-02));
#4185 = DIRECTION('',(-0.,-0.,-1.));
#4186 = DIRECTION('',(-0.,-1.,0.));
#4187 = ADVANCED_FACE('',(#4188),#4199,.F.);
#4188 = FACE_BOUND('',#4189,.T.);
#4189 = EDGE_LOOP('',(#4190,#4191,#4197,#4198));
#4190 = ORIENTED_EDGE('',*,*,#3334,.T.);
#4191 = ORIENTED_EDGE('',*,*,#4192,.T.);
#4192 = EDGE_CURVE('',#3335,#3682,#4193,.T.);
#4193 = LINE('',#4194,#4195);
#4194 = CARTESIAN_POINT('',(154.94,-81.78,-4.6E-02));
#4195 = VECTOR('',#4196,1.);
#4196 = DIRECTION('',(0.,0.,1.));
#4197 = ORIENTED_EDGE('',*,*,#3681,.F.);
#4198 = ORIENTED_EDGE('',*,*,#4192,.F.);
#4199 = CYLINDRICAL_SURFACE('',#4200,0.5);
#4200 = AXIS2_PLACEMENT_3D('',#4201,#4202,#4203);
#4201 = CARTESIAN_POINT('',(154.94,-81.28,-4.6E-02));
#4202 = DIRECTION('',(-0.,-0.,-1.));
#4203 = DIRECTION('',(-0.,-1.,0.));
#4204 = ADVANCED_FACE('',(#4205),#4216,.F.);
#4205 = FACE_BOUND('',#4206,.T.);
#4206 = EDGE_LOOP('',(#4207,#4208,#4214,#4215));
#4207 = ORIENTED_EDGE('',*,*,#3345,.T.);
#4208 = ORIENTED_EDGE('',*,*,#4209,.T.);
#4209 = EDGE_CURVE('',#3346,#3693,#4210,.T.);
#4210 = LINE('',#4211,#4212);
#4211 = CARTESIAN_POINT('',(154.94,-79.24,-4.6E-02));
#4212 = VECTOR('',#4213,1.);
#4213 = DIRECTION('',(0.,0.,1.));
#4214 = ORIENTED_EDGE('',*,*,#3692,.F.);
#4215 = ORIENTED_EDGE('',*,*,#4209,.F.);
#4216 = CYLINDRICAL_SURFACE('',#4217,0.5);
#4217 = AXIS2_PLACEMENT_3D('',#4218,#4219,#4220);
#4218 = CARTESIAN_POINT('',(154.94,-78.74,-4.6E-02));
#4219 = DIRECTION('',(-0.,-0.,-1.));
#4220 = DIRECTION('',(-0.,-1.,0.));
#4221 = ADVANCED_FACE('',(#4222),#4233,.F.);
#4222 = FACE_BOUND('',#4223,.T.);
#4223 = EDGE_LOOP('',(#4224,#4225,#4231,#4232));
#4224 = ORIENTED_EDGE('',*,*,#3356,.T.);
#4225 = ORIENTED_EDGE('',*,*,#4226,.T.);
#4226 = EDGE_CURVE('',#3357,#3704,#4227,.T.);
#4227 = LINE('',#4228,#4229);
#4228 = CARTESIAN_POINT('',(154.94,-76.7,-4.6E-02));
#4229 = VECTOR('',#4230,1.);
#4230 = DIRECTION('',(0.,0.,1.));
#4231 = ORIENTED_EDGE('',*,*,#3703,.F.);
#4232 = ORIENTED_EDGE('',*,*,#4226,.F.);
#4233 = CYLINDRICAL_SURFACE('',#4234,0.5);
#4234 = AXIS2_PLACEMENT_3D('',#4235,#4236,#4237);
#4235 = CARTESIAN_POINT('',(154.94,-76.2,-4.6E-02));
#4236 = DIRECTION('',(-0.,-0.,-1.));
#4237 = DIRECTION('',(-0.,-1.,0.));
#4238 = ( GEOMETRIC_REPRESENTATION_CONTEXT(3) 
GLOBAL_UNCERTAINTY_ASSIGNED_CONTEXT((#4242)) 
GLOBAL_UNIT_ASSIGNED_CONTEXT((#4239,#4240,#4241)) REPRESENTATION_CONTEXT
('Context #1','3D Context with UNIT and UNCERTAINTY') );
#4239 = ( LENGTH_UNIT() NAMED_UNIT(*) SI_UNIT(.MILLI.,.METRE.) );
#4240 = ( NAMED_UNIT(*) PLANE_ANGLE_UNIT() SI_UNIT($,.RADIAN.) );
#4241 = ( NAMED_UNIT(*) SI_UNIT($,.STERADIAN.) SOLID_ANGLE_UNIT() );
#4242 = UNCERTAINTY_MEASURE_WITH_UNIT(LENGTH_MEASURE(1.E-07),#4239,
  'distance_accuracy_value','confusion accuracy');
#4243 = CONTEXT_DEPENDENT_SHAPE_REPRESENTATION(#4244,#4246);
#4244 = ( REPRESENTATION_RELATIONSHIP('','',#2917,#10) 
REPRESENTATION_RELATIONSHIP_WITH_TRANSFORMATION(#4245) 
SHAPE_REPRESENTATION_RELATIONSHIP() );
#4245 = ITEM_DEFINED_TRANSFORMATION('','',#11,#23);
#4246 = PRODUCT_DEFINITION_SHAPE('Placement','Placement of an item',
  #4247);
#4247 = NEXT_ASSEMBLY_USAGE_OCCURRENCE('5','=>[0:1:1:6]','',#5,#2912,$);
#4248 = PRODUCT_RELATED_PRODUCT_CATEGORY('part',$,(#2914));
#4249 = MECHANICAL_DESIGN_GEOMETRIC_PRESENTATION_REPRESENTATION('',(
    #4250,#4258,#4265,#4272,#4279,#4286,#4294,#4301,#4308,#4315,#4322,
    #4330,#4337,#4344,#4351,#4358),#625);
#4250 = STYLED_ITEM('color',(#4251),#66);
#4251 = PRESENTATION_STYLE_ASSIGNMENT((#4252));
#4252 = SURFACE_STYLE_USAGE(.BOTH.,#4253);
#4253 = SURFACE_SIDE_STYLE('',(#4254));
#4254 = SURFACE_STYLE_FILL_AREA(#4255);
#4255 = FILL_AREA_STYLE('',(#4256));
#4256 = FILL_AREA_STYLE_COLOUR('',#4257);
#4257 = COLOUR_RGB('',0.507539989043,0.507539989043,0.507539989043);
#4258 = STYLED_ITEM('color',(#4259),#114);
#4259 = PRESENTATION_STYLE_ASSIGNMENT((#4260));
#4260 = SURFACE_STYLE_USAGE(.BOTH.,#4261);
#4261 = SURFACE_SIDE_STYLE('',(#4262));
#4262 = SURFACE_STYLE_FILL_AREA(#4263);
#4263 = FILL_AREA_STYLE('',(#4264));
#4264 = FILL_AREA_STYLE_COLOUR('',#4257);
#4265 = STYLED_ITEM('color',(#4266),#159);
#4266 = PRESENTATION_STYLE_ASSIGNMENT((#4267));
#4267 = SURFACE_STYLE_USAGE(.BOTH.,#4268);
#4268 = SURFACE_SIDE_STYLE('',(#4269));
#4269 = SURFACE_STYLE_FILL_AREA(#4270);
#4270 = FILL_AREA_STYLE('',(#4271));
#4271 = FILL_AREA_STYLE_COLOUR('',#4257);
#4272 = STYLED_ITEM('color',(#4273),#204);
#4273 = PRESENTATION_STYLE_ASSIGNMENT((#4274));
#4274 = SURFACE_STYLE_USAGE(.BOTH.,#4275);
#4275 = SURFACE_SIDE_STYLE('',(#4276));
#4276 = SURFACE_STYLE_FILL_AREA(#4277);
#4277 = FILL_AREA_STYLE('',(#4278));
#4278 = FILL_AREA_STYLE_COLOUR('',#4257);
#4279 = STYLED_ITEM('color',(#4280),#213);
#4280 = PRESENTATION_STYLE_ASSIGNMENT((#4281));
#4281 = SURFACE_STYLE_USAGE(.BOTH.,#4282);
#4282 = SURFACE_SIDE_STYLE('',(#4283));
#4283 = SURFACE_STYLE_FILL_AREA(#4284);
#4284 = FILL_AREA_STYLE('',(#4285));
#4285 = FILL_AREA_STYLE_COLOUR('',#4257);
#4286 = STYLED_ITEM('color',(#4287),#250);
#4287 = PRESENTATION_STYLE_ASSIGNMENT((#4288));
#4288 = SURFACE_STYLE_USAGE(.BOTH.,#4289);
#4289 = SURFACE_SIDE_STYLE('',(#4290));
#4290 = SURFACE_STYLE_FILL_AREA(#4291);
#4291 = FILL_AREA_STYLE('',(#4292));
#4292 = FILL_AREA_STYLE_COLOUR('',#4293);
#4293 = COLOUR_RGB('',0.379000005575,0.270000008848,0.214999999939);
#4294 = STYLED_ITEM('color',(#4295),#287);
#4295 = PRESENTATION_STYLE_ASSIGNMENT((#4296));
#4296 = SURFACE_STYLE_USAGE(.BOTH.,#4297);
#4297 = SURFACE_SIDE_STYLE('',(#4298));
#4298 = SURFACE_STYLE_FILL_AREA(#4299);
#4299 = FILL_AREA_STYLE('',(#4300));
#4300 = FILL_AREA_STYLE_COLOUR('',#4293);
#4301 = STYLED_ITEM('color',(#4302),#324);
#4302 = PRESENTATION_STYLE_ASSIGNMENT((#4303));
#4303 = SURFACE_STYLE_USAGE(.BOTH.,#4304);
#4304 = SURFACE_SIDE_STYLE('',(#4305));
#4305 = SURFACE_STYLE_FILL_AREA(#4306);
#4306 = FILL_AREA_STYLE('',(#4307));
#4307 = FILL_AREA_STYLE_COLOUR('',#4257);
#4308 = STYLED_ITEM('color',(#4309),#361);
#4309 = PRESENTATION_STYLE_ASSIGNMENT((#4310));
#4310 = SURFACE_STYLE_USAGE(.BOTH.,#4311);
#4311 = SURFACE_SIDE_STYLE('',(#4312));
#4312 = SURFACE_STYLE_FILL_AREA(#4313);
#4313 = FILL_AREA_STYLE('',(#4314));
#4314 = FILL_AREA_STYLE_COLOUR('',#4293);
#4315 = STYLED_ITEM('color',(#4316),#398);
#4316 = PRESENTATION_STYLE_ASSIGNMENT((#4317));
#4317 = SURFACE_STYLE_USAGE(.BOTH.,#4318);
#4318 = SURFACE_SIDE_STYLE('',(#4319));
#4319 = SURFACE_STYLE_FILL_AREA(#4320);
#4320 = FILL_AREA_STYLE('',(#4321));
#4321 = FILL_AREA_STYLE_COLOUR('',#4257);
#4322 = STYLED_ITEM('color',(#4323),#443);
#4323 = PRESENTATION_STYLE_ASSIGNMENT((#4324));
#4324 = SURFACE_STYLE_USAGE(.BOTH.,#4325);
#4325 = SURFACE_SIDE_STYLE('',(#4326));
#4326 = SURFACE_STYLE_FILL_AREA(#4327);
#4327 = FILL_AREA_STYLE('',(#4328));
#4328 = FILL_AREA_STYLE_COLOUR('',#4329);
#4329 = COLOUR_RGB('',0.372321987396,0.371574020205,0.373173001298);
#4330 = STYLED_ITEM('color',(#4331),#480);
#4331 = PRESENTATION_STYLE_ASSIGNMENT((#4332));
#4332 = SURFACE_STYLE_USAGE(.BOTH.,#4333);
#4333 = SURFACE_SIDE_STYLE('',(#4334));
#4334 = SURFACE_STYLE_FILL_AREA(#4335);
#4335 = FILL_AREA_STYLE('',(#4336));
#4336 = FILL_AREA_STYLE_COLOUR('',#4257);
#4337 = STYLED_ITEM('color',(#4338),#517);
#4338 = PRESENTATION_STYLE_ASSIGNMENT((#4339));
#4339 = SURFACE_STYLE_USAGE(.BOTH.,#4340);
#4340 = SURFACE_SIDE_STYLE('',(#4341));
#4341 = SURFACE_STYLE_FILL_AREA(#4342);
#4342 = FILL_AREA_STYLE('',(#4343));
#4343 = FILL_AREA_STYLE_COLOUR('',#4329);
#4344 = STYLED_ITEM('color',(#4345),#562);
#4345 = PRESENTATION_STYLE_ASSIGNMENT((#4346));
#4346 = SURFACE_STYLE_USAGE(.BOTH.,#4347);
#4347 = SURFACE_SIDE_STYLE('',(#4348));
#4348 = SURFACE_STYLE_FILL_AREA(#4349);
#4349 = FILL_AREA_STYLE('',(#4350));
#4350 = FILL_AREA_STYLE_COLOUR('',#4257);
#4351 = STYLED_ITEM('color',(#4352),#607);
#4352 = PRESENTATION_STYLE_ASSIGNMENT((#4353));
#4353 = SURFACE_STYLE_USAGE(.BOTH.,#4354);
#4354 = SURFACE_SIDE_STYLE('',(#4355));
#4355 = SURFACE_STYLE_FILL_AREA(#4356);
#4356 = FILL_AREA_STYLE('',(#4357));
#4357 = FILL_AREA_STYLE_COLOUR('',#4329);
#4358 = STYLED_ITEM('color',(#4359),#616);
#4359 = PRESENTATION_STYLE_ASSIGNMENT((#4360));
#4360 = SURFACE_STYLE_USAGE(.BOTH.,#4361);
#4361 = SURFACE_SIDE_STYLE('',(#4362));
#4362 = SURFACE_STYLE_FILL_AREA(#4363);
#4363 = FILL_AREA_STYLE('',(#4364));
#4364 = FILL_AREA_STYLE_COLOUR('',#4257);
#4365 = MECHANICAL_DESIGN_GEOMETRIC_PRESENTATION_REPRESENTATION('',(
    #4366),#4238);
#4366 = STYLED_ITEM('color',(#4367),#2918);
#4367 = PRESENTATION_STYLE_ASSIGNMENT((#4368));
#4368 = SURFACE_STYLE_USAGE(.BOTH.,#4369);
#4369 = SURFACE_SIDE_STYLE('',(#4370));
#4370 = SURFACE_STYLE_FILL_AREA(#4371);
#4371 = FILL_AREA_STYLE('',(#4372));
#4372 = FILL_AREA_STYLE_COLOUR('',#4373);
#4373 = COLOUR_RGB('',0.313304153717,0.484529207832,0.410020903123);
#4374 = MECHANICAL_DESIGN_GEOMETRIC_PRESENTATION_REPRESENTATION('',(
    #4375,#4383,#4390,#4398,#4405,#4413,#4420,#4427,#4434,#4441,#4448,
    #4455,#4462,#4469,#4476,#4483,#4491,#4498,#4505,#4512,#4519,#4526,
    #4533,#4540,#4547,#4554,#4561,#4568,#4575,#4582,#4589,#4596,#4603,
    #4610,#4617,#4624,#4631,#4638,#4645,#4652,#4659,#4666,#4673,#4680,
    #4687,#4694,#4701,#4708,#4715,#4722,#4729,#4736,#4743,#4750),#2899);
#4375 = STYLED_ITEM('color',(#4376),#669);
#4376 = PRESENTATION_STYLE_ASSIGNMENT((#4377));
#4377 = SURFACE_STYLE_USAGE(.BOTH.,#4378);
#4378 = SURFACE_SIDE_STYLE('',(#4379));
#4379 = SURFACE_STYLE_FILL_AREA(#4380);
#4380 = FILL_AREA_STYLE('',(#4381));
#4381 = FILL_AREA_STYLE_COLOUR('',#4382);
#4382 = COLOUR_RGB('',0.823999987314,0.819999987296,0.781000009244);
#4383 = STYLED_ITEM('color',(#4384),#686);
#4384 = PRESENTATION_STYLE_ASSIGNMENT((#4385));
#4385 = SURFACE_STYLE_USAGE(.BOTH.,#4386);
#4386 = SURFACE_SIDE_STYLE('',(#4387));
#4387 = SURFACE_STYLE_FILL_AREA(#4388);
#4388 = FILL_AREA_STYLE('',(#4389));
#4389 = FILL_AREA_STYLE_COLOUR('',#4382);
#4390 = STYLED_ITEM('color',(#4391),#711);
#4391 = PRESENTATION_STYLE_ASSIGNMENT((#4392));
#4392 = SURFACE_STYLE_USAGE(.BOTH.,#4393);
#4393 = SURFACE_SIDE_STYLE('',(#4394));
#4394 = SURFACE_STYLE_FILL_AREA(#4395);
#4395 = FILL_AREA_STYLE('',(#4396));
#4396 = FILL_AREA_STYLE_COLOUR('',#4397);
#4397 = COLOUR_RGB('',0.136999991899,0.40200001271,0.726999997272);
#4398 = STYLED_ITEM('color',(#4399),#760);
#4399 = PRESENTATION_STYLE_ASSIGNMENT((#4400));
#4400 = SURFACE_STYLE_USAGE(.BOTH.,#4401);
#4401 = SURFACE_SIDE_STYLE('',(#4402));
#4402 = SURFACE_STYLE_FILL_AREA(#4403);
#4403 = FILL_AREA_STYLE('',(#4404));
#4404 = FILL_AREA_STYLE_COLOUR('',#4397);
#4405 = STYLED_ITEM('color',(#4406),#793);
#4406 = PRESENTATION_STYLE_ASSIGNMENT((#4407));
#4407 = SURFACE_STYLE_USAGE(.BOTH.,#4408);
#4408 = SURFACE_SIDE_STYLE('',(#4409));
#4409 = SURFACE_STYLE_FILL_AREA(#4410);
#4410 = FILL_AREA_STYLE('',(#4411));
#4411 = FILL_AREA_STYLE_COLOUR('',#4412);
#4412 = COLOUR_RGB('',0.690999977303,0.663999984767,0.597999987832);
#4413 = STYLED_ITEM('color',(#4414),#811);
#4414 = PRESENTATION_STYLE_ASSIGNMENT((#4415));
#4415 = SURFACE_STYLE_USAGE(.BOTH.,#4416);
#4416 = SURFACE_SIDE_STYLE('',(#4417));
#4417 = SURFACE_STYLE_FILL_AREA(#4418);
#4418 = FILL_AREA_STYLE('',(#4419));
#4419 = FILL_AREA_STYLE_COLOUR('',#4382);
#4420 = STYLED_ITEM('color',(#4421),#836);
#4421 = PRESENTATION_STYLE_ASSIGNMENT((#4422));
#4422 = SURFACE_STYLE_USAGE(.BOTH.,#4423);
#4423 = SURFACE_SIDE_STYLE('',(#4424));
#4424 = SURFACE_STYLE_FILL_AREA(#4425);
#4425 = FILL_AREA_STYLE('',(#4426));
#4426 = FILL_AREA_STYLE_COLOUR('',#4397);
#4427 = STYLED_ITEM('color',(#4428),#868);
#4428 = PRESENTATION_STYLE_ASSIGNMENT((#4429));
#4429 = SURFACE_STYLE_USAGE(.BOTH.,#4430);
#4430 = SURFACE_SIDE_STYLE('',(#4431));
#4431 = SURFACE_STYLE_FILL_AREA(#4432);
#4432 = FILL_AREA_STYLE('',(#4433));
#4433 = FILL_AREA_STYLE_COLOUR('',#4412);
#4434 = STYLED_ITEM('color',(#4435),#886);
#4435 = PRESENTATION_STYLE_ASSIGNMENT((#4436));
#4436 = SURFACE_STYLE_USAGE(.BOTH.,#4437);
#4437 = SURFACE_SIDE_STYLE('',(#4438));
#4438 = SURFACE_STYLE_FILL_AREA(#4439);
#4439 = FILL_AREA_STYLE('',(#4440));
#4440 = FILL_AREA_STYLE_COLOUR('',#4382);
#4441 = STYLED_ITEM('color',(#4442),#895);
#4442 = PRESENTATION_STYLE_ASSIGNMENT((#4443));
#4443 = SURFACE_STYLE_USAGE(.BOTH.,#4444);
#4444 = SURFACE_SIDE_STYLE('',(#4445));
#4445 = SURFACE_STYLE_FILL_AREA(#4446);
#4446 = FILL_AREA_STYLE('',(#4447));
#4447 = FILL_AREA_STYLE_COLOUR('',#4397);
#4448 = STYLED_ITEM('color',(#4449),#933);
#4449 = PRESENTATION_STYLE_ASSIGNMENT((#4450));
#4450 = SURFACE_STYLE_USAGE(.BOTH.,#4451);
#4451 = SURFACE_SIDE_STYLE('',(#4452));
#4452 = SURFACE_STYLE_FILL_AREA(#4453);
#4453 = FILL_AREA_STYLE('',(#4454));
#4454 = FILL_AREA_STYLE_COLOUR('',#4412);
#4455 = STYLED_ITEM('color',(#4456),#955);
#4456 = PRESENTATION_STYLE_ASSIGNMENT((#4457));
#4457 = SURFACE_STYLE_USAGE(.BOTH.,#4458);
#4458 = SURFACE_SIDE_STYLE('',(#4459));
#4459 = SURFACE_STYLE_FILL_AREA(#4460);
#4460 = FILL_AREA_STYLE('',(#4461));
#4461 = FILL_AREA_STYLE_COLOUR('',#4397);
#4462 = STYLED_ITEM('color',(#4463),#1015);
#4463 = PRESENTATION_STYLE_ASSIGNMENT((#4464));
#4464 = SURFACE_STYLE_USAGE(.BOTH.,#4465);
#4465 = SURFACE_SIDE_STYLE('',(#4466));
#4466 = SURFACE_STYLE_FILL_AREA(#4467);
#4467 = FILL_AREA_STYLE('',(#4468));
#4468 = FILL_AREA_STYLE_COLOUR('',#4412);
#4469 = STYLED_ITEM('color',(#4470),#1089);
#4470 = PRESENTATION_STYLE_ASSIGNMENT((#4471));
#4471 = SURFACE_STYLE_USAGE(.BOTH.,#4472);
#4472 = SURFACE_SIDE_STYLE('',(#4473));
#4473 = SURFACE_STYLE_FILL_AREA(#4474);
#4474 = FILL_AREA_STYLE('',(#4475));
#4475 = FILL_AREA_STYLE_COLOUR('',#4397);
#4476 = STYLED_ITEM('color',(#4477),#1255);
#4477 = PRESENTATION_STYLE_ASSIGNMENT((#4478));
#4478 = SURFACE_STYLE_USAGE(.BOTH.,#4479);
#4479 = SURFACE_SIDE_STYLE('',(#4480));
#4480 = SURFACE_STYLE_FILL_AREA(#4481);
#4481 = FILL_AREA_STYLE('',(#4482));
#4482 = FILL_AREA_STYLE_COLOUR('',#4412);
#4483 = STYLED_ITEM('color',(#4484),#1332);
#4484 = PRESENTATION_STYLE_ASSIGNMENT((#4485));
#4485 = SURFACE_STYLE_USAGE(.BOTH.,#4486);
#4486 = SURFACE_SIDE_STYLE('',(#4487));
#4487 = SURFACE_STYLE_FILL_AREA(#4488);
#4488 = FILL_AREA_STYLE('',(#4489));
#4489 = FILL_AREA_STYLE_COLOUR('',#4490);
#4490 = COLOUR_RGB('',0.147999998088,0.144999993226,0.144999993226);
#4491 = STYLED_ITEM('color',(#4492),#1357);
#4492 = PRESENTATION_STYLE_ASSIGNMENT((#4493));
#4493 = SURFACE_STYLE_USAGE(.BOTH.,#4494);
#4494 = SURFACE_SIDE_STYLE('',(#4495));
#4495 = SURFACE_STYLE_FILL_AREA(#4496);
#4496 = FILL_AREA_STYLE('',(#4497));
#4497 = FILL_AREA_STYLE_COLOUR('',#4412);
#4498 = STYLED_ITEM('color',(#4499),#1434);
#4499 = PRESENTATION_STYLE_ASSIGNMENT((#4500));
#4500 = SURFACE_STYLE_USAGE(.BOTH.,#4501);
#4501 = SURFACE_SIDE_STYLE('',(#4502));
#4502 = SURFACE_STYLE_FILL_AREA(#4503);
#4503 = FILL_AREA_STYLE('',(#4504));
#4504 = FILL_AREA_STYLE_COLOUR('',#4397);
#4505 = STYLED_ITEM('color',(#4506),#1500);
#4506 = PRESENTATION_STYLE_ASSIGNMENT((#4507));
#4507 = SURFACE_STYLE_USAGE(.BOTH.,#4508);
#4508 = SURFACE_SIDE_STYLE('',(#4509));
#4509 = SURFACE_STYLE_FILL_AREA(#4510);
#4510 = FILL_AREA_STYLE('',(#4511));
#4511 = FILL_AREA_STYLE_COLOUR('',#4490);
#4512 = STYLED_ITEM('color',(#4513),#1556);
#4513 = PRESENTATION_STYLE_ASSIGNMENT((#4514));
#4514 = SURFACE_STYLE_USAGE(.BOTH.,#4515);
#4515 = SURFACE_SIDE_STYLE('',(#4516));
#4516 = SURFACE_STYLE_FILL_AREA(#4517);
#4517 = FILL_AREA_STYLE('',(#4518));
#4518 = FILL_AREA_STYLE_COLOUR('',#4412);
#4519 = STYLED_ITEM('color',(#4520),#1607);
#4520 = PRESENTATION_STYLE_ASSIGNMENT((#4521));
#4521 = SURFACE_STYLE_USAGE(.BOTH.,#4522);
#4522 = SURFACE_SIDE_STYLE('',(#4523));
#4523 = SURFACE_STYLE_FILL_AREA(#4524);
#4524 = FILL_AREA_STYLE('',(#4525));
#4525 = FILL_AREA_STYLE_COLOUR('',#4412);
#4526 = STYLED_ITEM('color',(#4527),#1658);
#4527 = PRESENTATION_STYLE_ASSIGNMENT((#4528));
#4528 = SURFACE_STYLE_USAGE(.BOTH.,#4529);
#4529 = SURFACE_SIDE_STYLE('',(#4530));
#4530 = SURFACE_STYLE_FILL_AREA(#4531);
#4531 = FILL_AREA_STYLE('',(#4532));
#4532 = FILL_AREA_STYLE_COLOUR('',#4397);
#4533 = STYLED_ITEM('color',(#4534),#1824);
#4534 = PRESENTATION_STYLE_ASSIGNMENT((#4535));
#4535 = SURFACE_STYLE_USAGE(.BOTH.,#4536);
#4536 = SURFACE_SIDE_STYLE('',(#4537));
#4537 = SURFACE_STYLE_FILL_AREA(#4538);
#4538 = FILL_AREA_STYLE('',(#4539));
#4539 = FILL_AREA_STYLE_COLOUR('',#4490);
#4540 = STYLED_ITEM('color',(#4541),#1853);
#4541 = PRESENTATION_STYLE_ASSIGNMENT((#4542));
#4542 = SURFACE_STYLE_USAGE(.BOTH.,#4543);
#4543 = SURFACE_SIDE_STYLE('',(#4544));
#4544 = SURFACE_STYLE_FILL_AREA(#4545);
#4545 = FILL_AREA_STYLE('',(#4546));
#4546 = FILL_AREA_STYLE_COLOUR('',#4412);
#4547 = STYLED_ITEM('color',(#4548),#1921);
#4548 = PRESENTATION_STYLE_ASSIGNMENT((#4549));
#4549 = SURFACE_STYLE_USAGE(.BOTH.,#4550);
#4550 = SURFACE_SIDE_STYLE('',(#4551));
#4551 = SURFACE_STYLE_FILL_AREA(#4552);
#4552 = FILL_AREA_STYLE('',(#4553));
#4553 = FILL_AREA_STYLE_COLOUR('',#4412);
#4554 = STYLED_ITEM('color',(#4555),#1989);
#4555 = PRESENTATION_STYLE_ASSIGNMENT((#4556));
#4556 = SURFACE_STYLE_USAGE(.BOTH.,#4557);
#4557 = SURFACE_SIDE_STYLE('',(#4558));
#4558 = SURFACE_STYLE_FILL_AREA(#4559);
#4559 = FILL_AREA_STYLE('',(#4560));
#4560 = FILL_AREA_STYLE_COLOUR('',#4397);
#4561 = STYLED_ITEM('color',(#4562),#2021);
#4562 = PRESENTATION_STYLE_ASSIGNMENT((#4563));
#4563 = SURFACE_STYLE_USAGE(.BOTH.,#4564);
#4564 = SURFACE_SIDE_STYLE('',(#4565));
#4565 = SURFACE_STYLE_FILL_AREA(#4566);
#4566 = FILL_AREA_STYLE('',(#4567));
#4567 = FILL_AREA_STYLE_COLOUR('',#4490);
#4568 = STYLED_ITEM('color',(#4569),#2075);
#4569 = PRESENTATION_STYLE_ASSIGNMENT((#4570));
#4570 = SURFACE_STYLE_USAGE(.BOTH.,#4571);
#4571 = SURFACE_SIDE_STYLE('',(#4572));
#4572 = SURFACE_STYLE_FILL_AREA(#4573);
#4573 = FILL_AREA_STYLE('',(#4574));
#4574 = FILL_AREA_STYLE_COLOUR('',#4412);
#4575 = STYLED_ITEM('color',(#4576),#2152);
#4576 = PRESENTATION_STYLE_ASSIGNMENT((#4577));
#4577 = SURFACE_STYLE_USAGE(.BOTH.,#4578);
#4578 = SURFACE_SIDE_STYLE('',(#4579));
#4579 = SURFACE_STYLE_FILL_AREA(#4580);
#4580 = FILL_AREA_STYLE('',(#4581));
#4581 = FILL_AREA_STYLE_COLOUR('',#4397);
#4582 = STYLED_ITEM('color',(#4583),#2186);
#4583 = PRESENTATION_STYLE_ASSIGNMENT((#4584));
#4584 = SURFACE_STYLE_USAGE(.BOTH.,#4585);
#4585 = SURFACE_SIDE_STYLE('',(#4586));
#4586 = SURFACE_STYLE_FILL_AREA(#4587);
#4587 = FILL_AREA_STYLE('',(#4588));
#4588 = FILL_AREA_STYLE_COLOUR('',#4490);
#4589 = STYLED_ITEM('color',(#4590),#2201);
#4590 = PRESENTATION_STYLE_ASSIGNMENT((#4591));
#4591 = SURFACE_STYLE_USAGE(.BOTH.,#4592);
#4592 = SURFACE_SIDE_STYLE('',(#4593));
#4593 = SURFACE_STYLE_FILL_AREA(#4594);
#4594 = FILL_AREA_STYLE('',(#4595));
#4595 = FILL_AREA_STYLE_COLOUR('',#4412);
#4596 = STYLED_ITEM('color',(#4597),#2219);
#4597 = PRESENTATION_STYLE_ASSIGNMENT((#4598));
#4598 = SURFACE_STYLE_USAGE(.BOTH.,#4599);
#4599 = SURFACE_SIDE_STYLE('',(#4600));
#4600 = SURFACE_STYLE_FILL_AREA(#4601);
#4601 = FILL_AREA_STYLE('',(#4602));
#4602 = FILL_AREA_STYLE_COLOUR('',#4397);
#4603 = STYLED_ITEM('color',(#4604),#2251);
#4604 = PRESENTATION_STYLE_ASSIGNMENT((#4605));
#4605 = SURFACE_STYLE_USAGE(.BOTH.,#4606);
#4606 = SURFACE_SIDE_STYLE('',(#4607));
#4607 = SURFACE_STYLE_FILL_AREA(#4608);
#4608 = FILL_AREA_STYLE('',(#4609));
#4609 = FILL_AREA_STYLE_COLOUR('',#4412);
#4610 = STYLED_ITEM('color',(#4611),#2269);
#4611 = PRESENTATION_STYLE_ASSIGNMENT((#4612));
#4612 = SURFACE_STYLE_USAGE(.BOTH.,#4613);
#4613 = SURFACE_SIDE_STYLE('',(#4614));
#4614 = SURFACE_STYLE_FILL_AREA(#4615);
#4615 = FILL_AREA_STYLE('',(#4616));
#4616 = FILL_AREA_STYLE_COLOUR('',#4397);
#4617 = STYLED_ITEM('color',(#4618),#2412);
#4618 = PRESENTATION_STYLE_ASSIGNMENT((#4619));
#4619 = SURFACE_STYLE_USAGE(.BOTH.,#4620);
#4620 = SURFACE_SIDE_STYLE('',(#4621));
#4621 = SURFACE_STYLE_FILL_AREA(#4622);
#4622 = FILL_AREA_STYLE('',(#4623));
#4623 = FILL_AREA_STYLE_COLOUR('',#4412);
#4624 = STYLED_ITEM('color',(#4625),#2464);
#4625 = PRESENTATION_STYLE_ASSIGNMENT((#4626));
#4626 = SURFACE_STYLE_USAGE(.BOTH.,#4627);
#4627 = SURFACE_SIDE_STYLE('',(#4628));
#4628 = SURFACE_STYLE_FILL_AREA(#4629);
#4629 = FILL_AREA_STYLE('',(#4630));
#4630 = FILL_AREA_STYLE_COLOUR('',#4382);
#4631 = STYLED_ITEM('color',(#4632),#2488);
#4632 = PRESENTATION_STYLE_ASSIGNMENT((#4633));
#4633 = SURFACE_STYLE_USAGE(.BOTH.,#4634);
#4634 = SURFACE_SIDE_STYLE('',(#4635));
#4635 = SURFACE_STYLE_FILL_AREA(#4636);
#4636 = FILL_AREA_STYLE('',(#4637));
#4637 = FILL_AREA_STYLE_COLOUR('',#4382);
#4638 = STYLED_ITEM('color',(#4639),#2512);
#4639 = PRESENTATION_STYLE_ASSIGNMENT((#4640));
#4640 = SURFACE_STYLE_USAGE(.BOTH.,#4641);
#4641 = SURFACE_SIDE_STYLE('',(#4642));
#4642 = SURFACE_STYLE_FILL_AREA(#4643);
#4643 = FILL_AREA_STYLE('',(#4644));
#4644 = FILL_AREA_STYLE_COLOUR('',#4382);
#4645 = STYLED_ITEM('color',(#4646),#2536);
#4646 = PRESENTATION_STYLE_ASSIGNMENT((#4647));
#4647 = SURFACE_STYLE_USAGE(.BOTH.,#4648);
#4648 = SURFACE_SIDE_STYLE('',(#4649));
#4649 = SURFACE_STYLE_FILL_AREA(#4650);
#4650 = FILL_AREA_STYLE('',(#4651));
#4651 = FILL_AREA_STYLE_COLOUR('',#4382);
#4652 = STYLED_ITEM('color',(#4653),#2598);
#4653 = PRESENTATION_STYLE_ASSIGNMENT((#4654));
#4654 = SURFACE_STYLE_USAGE(.BOTH.,#4655);
#4655 = SURFACE_SIDE_STYLE('',(#4656));
#4656 = SURFACE_STYLE_FILL_AREA(#4657);
#4657 = FILL_AREA_STYLE('',(#4658));
#4658 = FILL_AREA_STYLE_COLOUR('',#4382);
#4659 = STYLED_ITEM('color',(#4660),#2615);
#4660 = PRESENTATION_STYLE_ASSIGNMENT((#4661));
#4661 = SURFACE_STYLE_USAGE(.BOTH.,#4662);
#4662 = SURFACE_SIDE_STYLE('',(#4663));
#4663 = SURFACE_STYLE_FILL_AREA(#4664);
#4664 = FILL_AREA_STYLE('',(#4665));
#4665 = FILL_AREA_STYLE_COLOUR('',#4382);
#4666 = STYLED_ITEM('color',(#4667),#2639);
#4667 = PRESENTATION_STYLE_ASSIGNMENT((#4668));
#4668 = SURFACE_STYLE_USAGE(.BOTH.,#4669);
#4669 = SURFACE_SIDE_STYLE('',(#4670));
#4670 = SURFACE_STYLE_FILL_AREA(#4671);
#4671 = FILL_AREA_STYLE('',(#4672));
#4672 = FILL_AREA_STYLE_COLOUR('',#4382);
#4673 = STYLED_ITEM('color',(#4674),#2655);
#4674 = PRESENTATION_STYLE_ASSIGNMENT((#4675));
#4675 = SURFACE_STYLE_USAGE(.BOTH.,#4676);
#4676 = SURFACE_SIDE_STYLE('',(#4677));
#4677 = SURFACE_STYLE_FILL_AREA(#4678);
#4678 = FILL_AREA_STYLE('',(#4679));
#4679 = FILL_AREA_STYLE_COLOUR('',#4382);
#4680 = STYLED_ITEM('color',(#4681),#2679);
#4681 = PRESENTATION_STYLE_ASSIGNMENT((#4682));
#4682 = SURFACE_STYLE_USAGE(.BOTH.,#4683);
#4683 = SURFACE_SIDE_STYLE('',(#4684));
#4684 = SURFACE_STYLE_FILL_AREA(#4685);
#4685 = FILL_AREA_STYLE('',(#4686));
#4686 = FILL_AREA_STYLE_COLOUR('',#4382);
#4687 = STYLED_ITEM('color',(#4688),#2691);
#4688 = PRESENTATION_STYLE_ASSIGNMENT((#4689));
#4689 = SURFACE_STYLE_USAGE(.BOTH.,#4690);
#4690 = SURFACE_SIDE_STYLE('',(#4691));
#4691 = SURFACE_STYLE_FILL_AREA(#4692);
#4692 = FILL_AREA_STYLE('',(#4693));
#4693 = FILL_AREA_STYLE_COLOUR('',#4382);
#4694 = STYLED_ITEM('color',(#4695),#2707);
#4695 = PRESENTATION_STYLE_ASSIGNMENT((#4696));
#4696 = SURFACE_STYLE_USAGE(.BOTH.,#4697);
#4697 = SURFACE_SIDE_STYLE('',(#4698));
#4698 = SURFACE_STYLE_FILL_AREA(#4699);
#4699 = FILL_AREA_STYLE('',(#4700));
#4700 = FILL_AREA_STYLE_COLOUR('',#4382);
#4701 = STYLED_ITEM('color',(#4702),#2719);
#4702 = PRESENTATION_STYLE_ASSIGNMENT((#4703));
#4703 = SURFACE_STYLE_USAGE(.BOTH.,#4704);
#4704 = SURFACE_SIDE_STYLE('',(#4705));
#4705 = SURFACE_STYLE_FILL_AREA(#4706);
#4706 = FILL_AREA_STYLE('',(#4707));
#4707 = FILL_AREA_STYLE_COLOUR('',#4382);
#4708 = STYLED_ITEM('color',(#4709),#2731);
#4709 = PRESENTATION_STYLE_ASSIGNMENT((#4710));
#4710 = SURFACE_STYLE_USAGE(.BOTH.,#4711);
#4711 = SURFACE_SIDE_STYLE('',(#4712));
#4712 = SURFACE_STYLE_FILL_AREA(#4713);
#4713 = FILL_AREA_STYLE('',(#4714));
#4714 = FILL_AREA_STYLE_COLOUR('',#4382);
#4715 = STYLED_ITEM('color',(#4716),#2745);
#4716 = PRESENTATION_STYLE_ASSIGNMENT((#4717));
#4717 = SURFACE_STYLE_USAGE(.BOTH.,#4718);
#4718 = SURFACE_SIDE_STYLE('',(#4719));
#4719 = SURFACE_STYLE_FILL_AREA(#4720);
#4720 = FILL_AREA_STYLE('',(#4721));
#4721 = FILL_AREA_STYLE_COLOUR('',#4412);
#4722 = STYLED_ITEM('color',(#4723),#2787);
#4723 = PRESENTATION_STYLE_ASSIGNMENT((#4724));
#4724 = SURFACE_STYLE_USAGE(.BOTH.,#4725);
#4725 = SURFACE_SIDE_STYLE('',(#4726));
#4726 = SURFACE_STYLE_FILL_AREA(#4727);
#4727 = FILL_AREA_STYLE('',(#4728));
#4728 = FILL_AREA_STYLE_COLOUR('',#4397);
#4729 = STYLED_ITEM('color',(#4730),#2818);
#4730 = PRESENTATION_STYLE_ASSIGNMENT((#4731));
#4731 = SURFACE_STYLE_USAGE(.BOTH.,#4732);
#4732 = SURFACE_SIDE_STYLE('',(#4733));
#4733 = SURFACE_STYLE_FILL_AREA(#4734);
#4734 = FILL_AREA_STYLE('',(#4735));
#4735 = FILL_AREA_STYLE_COLOUR('',#4397);
#4736 = STYLED_ITEM('color',(#4737),#2829);
#4737 = PRESENTATION_STYLE_ASSIGNMENT((#4738));
#4738 = SURFACE_STYLE_USAGE(.BOTH.,#4739);
#4739 = SURFACE_SIDE_STYLE('',(#4740));
#4740 = SURFACE_STYLE_FILL_AREA(#4741);
#4741 = FILL_AREA_STYLE('',(#4742));
#4742 = FILL_AREA_STYLE_COLOUR('',#4412);
#4743 = STYLED_ITEM('color',(#4744),#2861);
#4744 = PRESENTATION_STYLE_ASSIGNMENT((#4745));
#4745 = SURFACE_STYLE_USAGE(.BOTH.,#4746);
#4746 = SURFACE_SIDE_STYLE('',(#4747));
#4747 = SURFACE_STYLE_FILL_AREA(#4748);
#4748 = FILL_AREA_STYLE('',(#4749));
#4749 = FILL_AREA_STYLE_COLOUR('',#4397);
#4750 = STYLED_ITEM('color',(#4751),#2888);
#4751 = PRESENTATION_STYLE_ASSIGNMENT((#4752));
#4752 = SURFACE_STYLE_USAGE(.BOTH.,#4753);
#4753 = SURFACE_SIDE_STYLE('',(#4754));
#4754 = SURFACE_STYLE_FILL_AREA(#4755);
#4755 = FILL_AREA_STYLE('',(#4756));
#4756 = FILL_AREA_STYLE_COLOUR('',#4382);
ENDSEC;
END-ISO-10303-21;
