ISO-10303-21;
HEADER;
FILE_DESCRIPTION(('KiCad electronic assembly'),'2;1');
FILE_NAME('RP2040-Guide.step','2026-05-29T22:11:14',('Pcbnew'),('Kicad')
  ,'Open CASCADE STEP processor 7.5','KiCad to STEP converter','Unknown'
  );
FILE_SCHEMA(('AUTOMOTIVE_DESIGN { 1 0 10303 214 1 1 1 1 }'));
ENDSEC;
DATA;
#1 = APPLICATION_PROTOCOL_DEFINITION('international standard',
  'automotive_design',2000,#2);
#2 = APPLICATION_CONTEXT(
  'core data for automotive mechanical design processes');
#3 = SHAPE_DEFINITION_REPRESENTATION(#4,#10);
#4 = PRODUCT_DEFINITION_SHAPE('','',#5);
#5 = PRODUCT_DEFINITION('design','',#6,#9);
#6 = PRODUCT_DEFINITION_FORMATION('','',#7);
#7 = PRODUCT('RP2040-Guide 1','RP2040-Guide 1','',(#8));
#8 = PRODUCT_CONTEXT('',#2,'mechanical');
#9 = PRODUCT_DEFINITION_CONTEXT('part definition',#2,'design');
#10 = SHAPE_REPRESENTATION('',(#11,#15,#19,#23,#27,#31,#35,#39,#43,#47,
    #51,#55,#59,#63,#67,#71,#75,#79,#83,#87,#91,#95,#99,#103,#107,#111,
    #115,#119,#123,#127),#131);
#11 = AXIS2_PLACEMENT_3D('',#12,#13,#14);
#12 = CARTESIAN_POINT('',(0.,0.,0.));
#13 = DIRECTION('',(0.,0.,1.));
#14 = DIRECTION('',(1.,0.,-0.));
#15 = AXIS2_PLACEMENT_3D('',#16,#17,#18);
#16 = CARTESIAN_POINT('',(198.59625,-60.817125,-8.5E-02));
#17 = DIRECTION('',(1.224646799147E-16,-1.359631073447E-32,-1.));
#18 = DIRECTION('',(1.110223024625E-16,1.,0.));
#19 = AXIS2_PLACEMENT_3D('',#20,#21,#22);
#20 = CARTESIAN_POINT('',(196.43675,-47.368125,-8.5E-02));
#21 = DIRECTION('',(1.224646799147E-16,-1.359631073447E-32,-1.));
#22 = DIRECTION('',(1.110223024625E-16,1.,0.));
#23 = AXIS2_PLACEMENT_3D('',#24,#25,#26);
#24 = CARTESIAN_POINT('',(199.263,-55.245,-8.5E-02));
#25 = DIRECTION('',(-1.224646799147E-16,-1.359631073447E-32,-1.));
#26 = DIRECTION('',(1.110223024625E-16,-1.,0.));
#27 = AXIS2_PLACEMENT_3D('',#28,#29,#30);
#28 = CARTESIAN_POINT('',(196.31025,-41.259125,-8.5E-02));
#29 = DIRECTION('',(-1.224646799147E-16,-1.359631073447E-32,-1.));
#30 = DIRECTION('',(1.110223024625E-16,-1.,0.));
#31 = AXIS2_PLACEMENT_3D('',#32,#33,#34);
#32 = CARTESIAN_POINT('',(198.374,-39.751,-8.5E-02));
#33 = DIRECTION('',(-1.224646799147E-16,-1.359631073447E-32,-1.));
#34 = DIRECTION('',(1.110223024625E-16,-1.,0.));
#35 = AXIS2_PLACEMENT_3D('',#36,#37,#38);
#36 = CARTESIAN_POINT('',(203.327,-39.751,-8.5E-02));
#37 = DIRECTION('',(-1.224646799147E-16,-1.359631073447E-32,-1.));
#38 = DIRECTION('',(1.110223024625E-16,-1.,0.));
#39 = AXIS2_PLACEMENT_3D('',#40,#41,#42);
#40 = CARTESIAN_POINT('',(194.056,-69.977,-8.5E-02));
#41 = DIRECTION('',(-8.659560562355E-17,8.659560562355E-17,-1.));
#42 = DIRECTION('',(-0.707106781187,-0.707106781187,0.));
#43 = AXIS2_PLACEMENT_3D('',#44,#45,#46);
#44 = CARTESIAN_POINT('',(197.58025,-60.817125,-8.5E-02));
#45 = DIRECTION('',(1.224646799147E-16,-1.359631073447E-32,-1.));
#46 = DIRECTION('',(1.110223024625E-16,1.,0.));
#47 = AXIS2_PLACEMENT_3D('',#48,#49,#50);
#48 = CARTESIAN_POINT('',(195.961,-51.054,-8.5E-02));
#49 = DIRECTION('',(1.499759782662E-32,1.224646799147E-16,-1.));
#50 = DIRECTION('',(-1.,1.224646799147E-16,0.));
#51 = AXIS2_PLACEMENT_3D('',#52,#53,#54);
#52 = CARTESIAN_POINT('',(201.362,-59.023357,-8.5E-02));
#53 = DIRECTION('',(1.224646799147E-16,-1.359631073447E-32,-1.));
#54 = DIRECTION('',(1.110223024625E-16,1.,0.));
#55 = AXIS2_PLACEMENT_3D('',#56,#57,#58);
#56 = CARTESIAN_POINT('',(195.67475,-44.574125,-8.5E-02));
#57 = DIRECTION('',(0.,-1.224646799147E-16,-1.));
#58 = DIRECTION('',(1.,0.,0.));
#59 = AXIS2_PLACEMENT_3D('',#60,#61,#62);
#60 = CARTESIAN_POINT('',(200.473,-74.644357,-8.5E-02));
#61 = DIRECTION('',(-1.224646799147E-16,-1.359631073447E-32,-1.));
#62 = DIRECTION('',(1.110223024625E-16,-1.,0.));
#63 = AXIS2_PLACEMENT_3D('',#64,#65,#66);
#64 = CARTESIAN_POINT('',(206.59725,-63.357125,-8.5E-02));
#65 = DIRECTION('',(1.224646799147E-16,-1.359631073447E-32,-1.));
#66 = DIRECTION('',(1.110223024625E-16,1.,0.));
#67 = AXIS2_PLACEMENT_3D('',#68,#69,#70);
#68 = CARTESIAN_POINT('',(200.88225,-41.259125,-8.5E-02));
#69 = DIRECTION('',(1.224646799147E-16,-1.359631073447E-32,-1.));
#70 = DIRECTION('',(1.110223024625E-16,1.,0.));
#71 = AXIS2_PLACEMENT_3D('',#72,#73,#74);
#72 = CARTESIAN_POINT('',(198.949,-74.644357,-8.5E-02));
#73 = DIRECTION('',(-1.224646799147E-16,-1.359631073447E-32,-1.));
#74 = DIRECTION('',(1.110223024625E-16,-1.,0.));
#75 = AXIS2_PLACEMENT_3D('',#76,#77,#78);
#76 = CARTESIAN_POINT('',(206.34325,-46.466125,-8.5E-02));
#77 = DIRECTION('',(-1.224646799147E-16,-1.359631073447E-32,-1.));
#78 = DIRECTION('',(1.110223024625E-16,-1.,0.));
#79 = AXIS2_PLACEMENT_3D('',#80,#81,#82);
#80 = CARTESIAN_POINT('',(202.886,-59.023357,-8.5E-02));
#81 = DIRECTION('',(1.224646799147E-16,-1.359631073447E-32,-1.));
#82 = DIRECTION('',(1.110223024625E-16,1.,0.));
#83 = AXIS2_PLACEMENT_3D('',#84,#85,#86);
#84 = CARTESIAN_POINT('',(207.61325,-55.991125,-8.5E-02));
#85 = DIRECTION('',(1.499759782662E-32,1.224646799147E-16,-1.));
#86 = DIRECTION('',(-1.,1.224646799147E-16,0.));
#87 = AXIS2_PLACEMENT_3D('',#88,#89,#90);
#88 = CARTESIAN_POINT('',(207.077,-78.470125,-8.5E-02));
#89 = DIRECTION('',(-1.224646799147E-16,-1.359631073447E-32,-1.));
#90 = DIRECTION('',(1.110223024625E-16,-1.,0.));
#91 = AXIS2_PLACEMENT_3D('',#92,#93,#94);
#92 = CARTESIAN_POINT('',(194.885,-63.595357,-8.5E-02));
#93 = DIRECTION('',(1.499759782662E-32,1.224646799147E-16,-1.));
#94 = DIRECTION('',(-1.,1.224646799147E-16,0.));
#95 = AXIS2_PLACEMENT_3D('',#96,#97,#98);
#96 = CARTESIAN_POINT('',(195.961,-50.038,-8.5E-02));
#97 = DIRECTION('',(0.,-1.224646799147E-16,-1.));
#98 = DIRECTION('',(1.,0.,0.));
#99 = AXIS2_PLACEMENT_3D('',#100,#101,#102);
#100 = CARTESIAN_POINT('',(200.37425,-78.216125,-8.5E-02));
#101 = DIRECTION('',(1.224646799147E-16,-1.359631073447E-32,-1.));
#102 = DIRECTION('',(1.110223024625E-16,1.,0.));
#103 = AXIS2_PLACEMENT_3D('',#104,#105,#106);
#104 = CARTESIAN_POINT('',(200.914,-55.245,-8.5E-02));
#105 = DIRECTION('',(-1.224646799147E-16,-1.359631073447E-32,-1.));
#106 = DIRECTION('',(1.110223024625E-16,-1.,0.));
#107 = AXIS2_PLACEMENT_3D('',#108,#109,#110);
#108 = CARTESIAN_POINT('',(203.648,-78.200357,-8.5E-02));
#109 = DIRECTION('',(0.,-1.224646799147E-16,-1.));
#110 = DIRECTION('',(1.,0.,0.));
#111 = AXIS2_PLACEMENT_3D('',#112,#113,#114);
#112 = CARTESIAN_POINT('',(193.802,-81.661,-8.5E-02));
#113 = DIRECTION('',(1.499759782662E-32,1.224646799147E-16,-1.));
#114 = DIRECTION('',(-1.,1.224646799147E-16,0.));
#115 = AXIS2_PLACEMENT_3D('',#116,#117,#118);
#116 = CARTESIAN_POINT('',(207.61325,-69.199125,-8.5E-02));
#117 = DIRECTION('',(-8.659560562355E-17,-8.659560562355E-17,-1.));
#118 = DIRECTION('',(0.707106781187,-0.707106781187,0.));
#119 = AXIS2_PLACEMENT_3D('',#120,#121,#122);
#120 = CARTESIAN_POINT('',(202.505,-74.644357,-8.5E-02));
#121 = DIRECTION('',(1.224646799147E-16,-1.359631073447E-32,-1.));
#122 = DIRECTION('',(1.110223024625E-16,1.,0.));
#123 = AXIS2_PLACEMENT_3D('',#124,#125,#126);
#124 = CARTESIAN_POINT('',(194.885,-62.071357,-8.5E-02));
#125 = DIRECTION('',(1.499759782662E-32,1.224646799147E-16,-1.));
#126 = DIRECTION('',(-1.,1.224646799147E-16,0.));
#127 = AXIS2_PLACEMENT_3D('',#128,#129,#130);
#128 = CARTESIAN_POINT('',(0.,0.,0.));
#129 = DIRECTION('',(0.,0.,1.));
#130 = DIRECTION('',(1.,0.,-0.));
#131 = ( GEOMETRIC_REPRESENTATION_CONTEXT(3) 
GLOBAL_UNCERTAINTY_ASSIGNED_CONTEXT((#135)) GLOBAL_UNIT_ASSIGNED_CONTEXT
((#132,#133,#134)) REPRESENTATION_CONTEXT('Context #1',
  '3D Context with UNIT and UNCERTAINTY') );
#132 = ( LENGTH_UNIT() NAMED_UNIT(*) SI_UNIT(.MILLI.,.METRE.) );
#133 = ( NAMED_UNIT(*) PLANE_ANGLE_UNIT() SI_UNIT($,.RADIAN.) );
#134 = ( NAMED_UNIT(*) SI_UNIT($,.STERADIAN.) SOLID_ANGLE_UNIT() );
#135 = UNCERTAINTY_MEASURE_WITH_UNIT(LENGTH_MEASURE(1.E-07),#132,
  'distance_accuracy_value','confusion accuracy');
#136 = PRODUCT_RELATED_PRODUCT_CATEGORY('part',$,(#7));
#137 = ADVANCED_BREP_SHAPE_REPRESENTATION('',(#11,#138),#992);
#138 = MANIFOLD_SOLID_BREP('',#139);
#139 = CLOSED_SHELL('',(#140,#216,#247,#272,#297,#321,#345,#370,#395,
    #412,#498,#530,#554,#579,#603,#628,#652,#677,#694,#780,#811,#836,
    #861,#885,#909,#934,#959,#976));
#140 = ADVANCED_FACE('',(#141),#211,.F.);
#141 = FACE_BOUND('',#142,.F.);
#142 = EDGE_LOOP('',(#143,#153,#162,#170,#179,#187,#196,#204));
#143 = ORIENTED_EDGE('',*,*,#144,.F.);
#144 = EDGE_CURVE('',#145,#147,#149,.T.);
#145 = VERTEX_POINT('',#146);
#146 = CARTESIAN_POINT('',(-0.5,-0.25,2.E-02));
#147 = VERTEX_POINT('',#148);
#148 = CARTESIAN_POINT('',(-0.5,-0.25,0.48));
#149 = LINE('',#150,#151);
#150 = CARTESIAN_POINT('',(-0.5,-0.25,0.));
#151 = VECTOR('',#152,1.);
#152 = DIRECTION('',(0.,0.,1.));
#153 = ORIENTED_EDGE('',*,*,#154,.T.);
#154 = EDGE_CURVE('',#145,#155,#157,.T.);
#155 = VERTEX_POINT('',#156);
#156 = CARTESIAN_POINT('',(-0.5,-0.23,0.));
#157 = CIRCLE('',#158,2.E-02);
#158 = AXIS2_PLACEMENT_3D('',#159,#160,#161);
#159 = CARTESIAN_POINT('',(-0.5,-0.23,2.E-02));
#160 = DIRECTION('',(1.,0.,-0.));
#161 = DIRECTION('',(0.,0.,1.));
#162 = ORIENTED_EDGE('',*,*,#163,.T.);
#163 = EDGE_CURVE('',#155,#164,#166,.T.);
#164 = VERTEX_POINT('',#165);
#165 = CARTESIAN_POINT('',(-0.5,0.23,0.));
#166 = LINE('',#167,#168);
#167 = CARTESIAN_POINT('',(-0.5,-0.25,0.));
#168 = VECTOR('',#169,1.);
#169 = DIRECTION('',(0.,1.,0.));
#170 = ORIENTED_EDGE('',*,*,#171,.F.);
#171 = EDGE_CURVE('',#172,#164,#174,.T.);
#172 = VERTEX_POINT('',#173);
#173 = CARTESIAN_POINT('',(-0.5,0.25,2.E-02));
#174 = CIRCLE('',#175,2.E-02);
#175 = AXIS2_PLACEMENT_3D('',#176,#177,#178);
#176 = CARTESIAN_POINT('',(-0.5,0.23,2.E-02));
#177 = DIRECTION('',(-1.,0.,0.));
#178 = DIRECTION('',(0.,0.,1.));
#179 = ORIENTED_EDGE('',*,*,#180,.T.);
#180 = EDGE_CURVE('',#172,#181,#183,.T.);
#181 = VERTEX_POINT('',#182);
#182 = CARTESIAN_POINT('',(-0.5,0.25,0.48));
#183 = LINE('',#184,#185);
#184 = CARTESIAN_POINT('',(-0.5,0.25,0.));
#185 = VECTOR('',#186,1.);
#186 = DIRECTION('',(0.,0.,1.));
#187 = ORIENTED_EDGE('',*,*,#188,.T.);
#188 = EDGE_CURVE('',#181,#189,#191,.T.);
#189 = VERTEX_POINT('',#190);
#190 = CARTESIAN_POINT('',(-0.5,0.23,0.5));
#191 = CIRCLE('',#192,2.E-02);
#192 = AXIS2_PLACEMENT_3D('',#193,#194,#195);
#193 = CARTESIAN_POINT('',(-0.5,0.23,0.48));
#194 = DIRECTION('',(1.,0.,-0.));
#195 = DIRECTION('',(0.,0.,1.));
#196 = ORIENTED_EDGE('',*,*,#197,.F.);
#197 = EDGE_CURVE('',#198,#189,#200,.T.);
#198 = VERTEX_POINT('',#199);
#199 = CARTESIAN_POINT('',(-0.5,-0.23,0.5));
#200 = LINE('',#201,#202);
#201 = CARTESIAN_POINT('',(-0.5,-0.25,0.5));
#202 = VECTOR('',#203,1.);
#203 = DIRECTION('',(0.,1.,0.));
#204 = ORIENTED_EDGE('',*,*,#205,.F.);
#205 = EDGE_CURVE('',#147,#198,#206,.T.);
#206 = CIRCLE('',#207,2.E-02);
#207 = AXIS2_PLACEMENT_3D('',#208,#209,#210);
#208 = CARTESIAN_POINT('',(-0.5,-0.23,0.48));
#209 = DIRECTION('',(-1.,0.,0.));
#210 = DIRECTION('',(0.,0.,1.));
#211 = PLANE('',#212);
#212 = AXIS2_PLACEMENT_3D('',#213,#214,#215);
#213 = CARTESIAN_POINT('',(-0.5,-0.25,0.));
#214 = DIRECTION('',(1.,0.,0.));
#215 = DIRECTION('',(0.,0.,1.));
#216 = ADVANCED_FACE('',(#217),#242,.F.);
#217 = FACE_BOUND('',#218,.F.);
#218 = EDGE_LOOP('',(#219,#229,#235,#236));
#219 = ORIENTED_EDGE('',*,*,#220,.F.);
#220 = EDGE_CURVE('',#221,#223,#225,.T.);
#221 = VERTEX_POINT('',#222);
#222 = CARTESIAN_POINT('',(-0.3,-0.25,2.E-02));
#223 = VERTEX_POINT('',#224);
#224 = CARTESIAN_POINT('',(-0.3,-0.25,0.48));
#225 = LINE('',#226,#227);
#226 = CARTESIAN_POINT('',(-0.3,-0.25,0.));
#227 = VECTOR('',#228,1.);
#228 = DIRECTION('',(0.,0.,1.));
#229 = ORIENTED_EDGE('',*,*,#230,.F.);
#230 = EDGE_CURVE('',#145,#221,#231,.T.);
#231 = LINE('',#232,#233);
#232 = CARTESIAN_POINT('',(-0.5,-0.25,2.E-02));
#233 = VECTOR('',#234,1.);
#234 = DIRECTION('',(1.,0.,0.));
#235 = ORIENTED_EDGE('',*,*,#144,.T.);
#236 = ORIENTED_EDGE('',*,*,#237,.T.);
#237 = EDGE_CURVE('',#147,#223,#238,.T.);
#238 = LINE('',#239,#240);
#239 = CARTESIAN_POINT('',(-0.5,-0.25,0.48));
#240 = VECTOR('',#241,1.);
#241 = DIRECTION('',(1.,0.,0.));
#242 = PLANE('',#243);
#243 = AXIS2_PLACEMENT_3D('',#244,#245,#246);
#244 = CARTESIAN_POINT('',(-0.5,-0.25,0.));
#245 = DIRECTION('',(0.,1.,0.));
#246 = DIRECTION('',(0.,-0.,1.));
#247 = ADVANCED_FACE('',(#248),#267,.T.);
#248 = FACE_BOUND('',#249,.T.);
#249 = EDGE_LOOP('',(#250,#251,#259,#266));
#250 = ORIENTED_EDGE('',*,*,#154,.T.);
#251 = ORIENTED_EDGE('',*,*,#252,.T.);
#252 = EDGE_CURVE('',#155,#253,#255,.T.);
#253 = VERTEX_POINT('',#254);
#254 = CARTESIAN_POINT('',(-0.3,-0.23,0.));
#255 = LINE('',#256,#257);
#256 = CARTESIAN_POINT('',(-0.5,-0.23,0.));
#257 = VECTOR('',#258,1.);
#258 = DIRECTION('',(1.,0.,0.));
#259 = ORIENTED_EDGE('',*,*,#260,.F.);
#260 = EDGE_CURVE('',#221,#253,#261,.T.);
#261 = CIRCLE('',#262,2.E-02);
#262 = AXIS2_PLACEMENT_3D('',#263,#264,#265);
#263 = CARTESIAN_POINT('',(-0.3,-0.23,2.E-02));
#264 = DIRECTION('',(1.,0.,-0.));
#265 = DIRECTION('',(0.,0.,1.));
#266 = ORIENTED_EDGE('',*,*,#230,.F.);
#267 = CYLINDRICAL_SURFACE('',#268,2.E-02);
#268 = AXIS2_PLACEMENT_3D('',#269,#270,#271);
#269 = CARTESIAN_POINT('',(-0.5,-0.23,2.E-02));
#270 = DIRECTION('',(1.,0.,0.));
#271 = DIRECTION('',(0.,-1.,0.));
#272 = ADVANCED_FACE('',(#273),#292,.T.);
#273 = FACE_BOUND('',#274,.T.);
#274 = EDGE_LOOP('',(#275,#276,#285,#291));
#275 = ORIENTED_EDGE('',*,*,#237,.T.);
#276 = ORIENTED_EDGE('',*,*,#277,.T.);
#277 = EDGE_CURVE('',#223,#278,#280,.T.);
#278 = VERTEX_POINT('',#279);
#279 = CARTESIAN_POINT('',(-0.3,-0.23,0.5));
#280 = CIRCLE('',#281,2.E-02);
#281 = AXIS2_PLACEMENT_3D('',#282,#283,#284);
#282 = CARTESIAN_POINT('',(-0.3,-0.23,0.48));
#283 = DIRECTION('',(-1.,0.,0.));
#284 = DIRECTION('',(0.,0.,1.));
#285 = ORIENTED_EDGE('',*,*,#286,.F.);
#286 = EDGE_CURVE('',#198,#278,#287,.T.);
#287 = LINE('',#288,#289);
#288 = CARTESIAN_POINT('',(-0.5,-0.23,0.5));
#289 = VECTOR('',#290,1.);
#290 = DIRECTION('',(1.,0.,0.));
#291 = ORIENTED_EDGE('',*,*,#205,.F.);
#292 = CYLINDRICAL_SURFACE('',#293,2.E-02);
#293 = AXIS2_PLACEMENT_3D('',#294,#295,#296);
#294 = CARTESIAN_POINT('',(-0.5,-0.23,0.48));
#295 = DIRECTION('',(1.,0.,0.));
#296 = DIRECTION('',(0.,-1.,0.));
#297 = ADVANCED_FACE('',(#298),#316,.F.);
#298 = FACE_BOUND('',#299,.F.);
#299 = EDGE_LOOP('',(#300,#301,#302,#310));
#300 = ORIENTED_EDGE('',*,*,#163,.F.);
#301 = ORIENTED_EDGE('',*,*,#252,.T.);
#302 = ORIENTED_EDGE('',*,*,#303,.T.);
#303 = EDGE_CURVE('',#253,#304,#306,.T.);
#304 = VERTEX_POINT('',#305);
#305 = CARTESIAN_POINT('',(-0.3,0.23,0.));
#306 = LINE('',#307,#308);
#307 = CARTESIAN_POINT('',(-0.3,-0.25,0.));
#308 = VECTOR('',#309,1.);
#309 = DIRECTION('',(0.,1.,0.));
#310 = ORIENTED_EDGE('',*,*,#311,.F.);
#311 = EDGE_CURVE('',#164,#304,#312,.T.);
#312 = LINE('',#313,#314);
#313 = CARTESIAN_POINT('',(-0.5,0.23,0.));
#314 = VECTOR('',#315,1.);
#315 = DIRECTION('',(1.,0.,0.));
#316 = PLANE('',#317);
#317 = AXIS2_PLACEMENT_3D('',#318,#319,#320);
#318 = CARTESIAN_POINT('',(-0.5,-0.25,0.));
#319 = DIRECTION('',(0.,0.,1.));
#320 = DIRECTION('',(1.,0.,-0.));
#321 = ADVANCED_FACE('',(#322),#340,.T.);
#322 = FACE_BOUND('',#323,.T.);
#323 = EDGE_LOOP('',(#324,#325,#326,#334));
#324 = ORIENTED_EDGE('',*,*,#197,.F.);
#325 = ORIENTED_EDGE('',*,*,#286,.T.);
#326 = ORIENTED_EDGE('',*,*,#327,.T.);
#327 = EDGE_CURVE('',#278,#328,#330,.T.);
#328 = VERTEX_POINT('',#329);
#329 = CARTESIAN_POINT('',(-0.3,0.23,0.5));
#330 = LINE('',#331,#332);
#331 = CARTESIAN_POINT('',(-0.3,-0.25,0.5));
#332 = VECTOR('',#333,1.);
#333 = DIRECTION('',(0.,1.,0.));
#334 = ORIENTED_EDGE('',*,*,#335,.F.);
#335 = EDGE_CURVE('',#189,#328,#336,.T.);
#336 = LINE('',#337,#338);
#337 = CARTESIAN_POINT('',(-0.5,0.23,0.5));
#338 = VECTOR('',#339,1.);
#339 = DIRECTION('',(1.,0.,0.));
#340 = PLANE('',#341);
#341 = AXIS2_PLACEMENT_3D('',#342,#343,#344);
#342 = CARTESIAN_POINT('',(-0.5,-0.25,0.5));
#343 = DIRECTION('',(0.,0.,1.));
#344 = DIRECTION('',(1.,0.,-0.));
#345 = ADVANCED_FACE('',(#346),#365,.T.);
#346 = FACE_BOUND('',#347,.T.);
#347 = EDGE_LOOP('',(#348,#356,#363,#364));
#348 = ORIENTED_EDGE('',*,*,#349,.T.);
#349 = EDGE_CURVE('',#172,#350,#352,.T.);
#350 = VERTEX_POINT('',#351);
#351 = CARTESIAN_POINT('',(-0.3,0.25,2.E-02));
#352 = LINE('',#353,#354);
#353 = CARTESIAN_POINT('',(-0.5,0.25,2.E-02));
#354 = VECTOR('',#355,1.);
#355 = DIRECTION('',(1.,0.,0.));
#356 = ORIENTED_EDGE('',*,*,#357,.T.);
#357 = EDGE_CURVE('',#350,#304,#358,.T.);
#358 = CIRCLE('',#359,2.E-02);
#359 = AXIS2_PLACEMENT_3D('',#360,#361,#362);
#360 = CARTESIAN_POINT('',(-0.3,0.23,2.E-02));
#361 = DIRECTION('',(-1.,0.,0.));
#362 = DIRECTION('',(0.,0.,1.));
#363 = ORIENTED_EDGE('',*,*,#311,.F.);
#364 = ORIENTED_EDGE('',*,*,#171,.F.);
#365 = CYLINDRICAL_SURFACE('',#366,2.E-02);
#366 = AXIS2_PLACEMENT_3D('',#367,#368,#369);
#367 = CARTESIAN_POINT('',(-0.5,0.23,2.E-02));
#368 = DIRECTION('',(1.,0.,0.));
#369 = DIRECTION('',(-0.,1.,0.));
#370 = ADVANCED_FACE('',(#371),#390,.T.);
#371 = FACE_BOUND('',#372,.T.);
#372 = EDGE_LOOP('',(#373,#374,#375,#384));
#373 = ORIENTED_EDGE('',*,*,#188,.T.);
#374 = ORIENTED_EDGE('',*,*,#335,.T.);
#375 = ORIENTED_EDGE('',*,*,#376,.F.);
#376 = EDGE_CURVE('',#377,#328,#379,.T.);
#377 = VERTEX_POINT('',#378);
#378 = CARTESIAN_POINT('',(-0.3,0.25,0.48));
#379 = CIRCLE('',#380,2.E-02);
#380 = AXIS2_PLACEMENT_3D('',#381,#382,#383);
#381 = CARTESIAN_POINT('',(-0.3,0.23,0.48));
#382 = DIRECTION('',(1.,0.,-0.));
#383 = DIRECTION('',(0.,0.,1.));
#384 = ORIENTED_EDGE('',*,*,#385,.F.);
#385 = EDGE_CURVE('',#181,#377,#386,.T.);
#386 = LINE('',#387,#388);
#387 = CARTESIAN_POINT('',(-0.5,0.25,0.48));
#388 = VECTOR('',#389,1.);
#389 = DIRECTION('',(1.,0.,0.));
#390 = CYLINDRICAL_SURFACE('',#391,2.E-02);
#391 = AXIS2_PLACEMENT_3D('',#392,#393,#394);
#392 = CARTESIAN_POINT('',(-0.5,0.23,0.48));
#393 = DIRECTION('',(1.,0.,0.));
#394 = DIRECTION('',(-0.,1.,0.));
#395 = ADVANCED_FACE('',(#396),#407,.T.);
#396 = FACE_BOUND('',#397,.T.);
#397 = EDGE_LOOP('',(#398,#404,#405,#406));
#398 = ORIENTED_EDGE('',*,*,#399,.F.);
#399 = EDGE_CURVE('',#350,#377,#400,.T.);
#400 = LINE('',#401,#402);
#401 = CARTESIAN_POINT('',(-0.3,0.25,0.));
#402 = VECTOR('',#403,1.);
#403 = DIRECTION('',(0.,0.,1.));
#404 = ORIENTED_EDGE('',*,*,#349,.F.);
#405 = ORIENTED_EDGE('',*,*,#180,.T.);
#406 = ORIENTED_EDGE('',*,*,#385,.T.);
#407 = PLANE('',#408);
#408 = AXIS2_PLACEMENT_3D('',#409,#410,#411);
#409 = CARTESIAN_POINT('',(-0.5,0.25,0.));
#410 = DIRECTION('',(0.,1.,0.));
#411 = DIRECTION('',(0.,-0.,1.));
#412 = ADVANCED_FACE('',(#413,#423),#493,.T.);
#413 = FACE_BOUND('',#414,.T.);
#414 = EDGE_LOOP('',(#415,#416,#417,#418,#419,#420,#421,#422));
#415 = ORIENTED_EDGE('',*,*,#220,.F.);
#416 = ORIENTED_EDGE('',*,*,#260,.T.);
#417 = ORIENTED_EDGE('',*,*,#303,.T.);
#418 = ORIENTED_EDGE('',*,*,#357,.F.);
#419 = ORIENTED_EDGE('',*,*,#399,.T.);
#420 = ORIENTED_EDGE('',*,*,#376,.T.);
#421 = ORIENTED_EDGE('',*,*,#327,.F.);
#422 = ORIENTED_EDGE('',*,*,#277,.F.);
#423 = FACE_BOUND('',#424,.T.);
#424 = EDGE_LOOP('',(#425,#436,#444,#453,#461,#470,#478,#487));
#425 = ORIENTED_EDGE('',*,*,#426,.F.);
#426 = EDGE_CURVE('',#427,#429,#431,.T.);
#427 = VERTEX_POINT('',#428);
#428 = CARTESIAN_POINT('',(-0.3,-0.23,4.E-02));
#429 = VERTEX_POINT('',#430);
#430 = CARTESIAN_POINT('',(-0.3,-0.21,2.E-02));
#431 = CIRCLE('',#432,2.E-02);
#432 = AXIS2_PLACEMENT_3D('',#433,#434,#435);
#433 = CARTESIAN_POINT('',(-0.3,-0.21,4.E-02));
#434 = DIRECTION('',(1.,0.,-0.));
#435 = DIRECTION('',(0.,0.,1.));
#436 = ORIENTED_EDGE('',*,*,#437,.T.);
#437 = EDGE_CURVE('',#427,#438,#440,.T.);
#438 = VERTEX_POINT('',#439);
#439 = CARTESIAN_POINT('',(-0.3,-0.23,0.46));
#440 = LINE('',#441,#442);
#441 = CARTESIAN_POINT('',(-0.3,-0.23,2.E-02));
#442 = VECTOR('',#443,1.);
#443 = DIRECTION('',(0.,0.,1.));
#444 = ORIENTED_EDGE('',*,*,#445,.T.);
#445 = EDGE_CURVE('',#438,#446,#448,.T.);
#446 = VERTEX_POINT('',#447);
#447 = CARTESIAN_POINT('',(-0.3,-0.21,0.48));
#448 = CIRCLE('',#449,2.E-02);
#449 = AXIS2_PLACEMENT_3D('',#450,#451,#452);
#450 = CARTESIAN_POINT('',(-0.3,-0.21,0.46));
#451 = DIRECTION('',(-1.,0.,0.));
#452 = DIRECTION('',(0.,0.,1.));
#453 = ORIENTED_EDGE('',*,*,#454,.T.);
#454 = EDGE_CURVE('',#446,#455,#457,.T.);
#455 = VERTEX_POINT('',#456);
#456 = CARTESIAN_POINT('',(-0.3,0.21,0.48));
#457 = LINE('',#458,#459);
#458 = CARTESIAN_POINT('',(-0.3,-0.23,0.48));
#459 = VECTOR('',#460,1.);
#460 = DIRECTION('',(0.,1.,0.));
#461 = ORIENTED_EDGE('',*,*,#462,.F.);
#462 = EDGE_CURVE('',#463,#455,#465,.T.);
#463 = VERTEX_POINT('',#464);
#464 = CARTESIAN_POINT('',(-0.3,0.23,0.46));
#465 = CIRCLE('',#466,2.E-02);
#466 = AXIS2_PLACEMENT_3D('',#467,#468,#469);
#467 = CARTESIAN_POINT('',(-0.3,0.21,0.46));
#468 = DIRECTION('',(1.,0.,-0.));
#469 = DIRECTION('',(0.,0.,1.));
#470 = ORIENTED_EDGE('',*,*,#471,.F.);
#471 = EDGE_CURVE('',#472,#463,#474,.T.);
#472 = VERTEX_POINT('',#473);
#473 = CARTESIAN_POINT('',(-0.3,0.23,4.E-02));
#474 = LINE('',#475,#476);
#475 = CARTESIAN_POINT('',(-0.3,0.23,2.E-02));
#476 = VECTOR('',#477,1.);
#477 = DIRECTION('',(0.,0.,1.));
#478 = ORIENTED_EDGE('',*,*,#479,.T.);
#479 = EDGE_CURVE('',#472,#480,#482,.T.);
#480 = VERTEX_POINT('',#481);
#481 = CARTESIAN_POINT('',(-0.3,0.21,2.E-02));
#482 = CIRCLE('',#483,2.E-02);
#483 = AXIS2_PLACEMENT_3D('',#484,#485,#486);
#484 = CARTESIAN_POINT('',(-0.3,0.21,4.E-02));
#485 = DIRECTION('',(-1.,0.,0.));
#486 = DIRECTION('',(0.,0.,1.));
#487 = ORIENTED_EDGE('',*,*,#488,.F.);
#488 = EDGE_CURVE('',#429,#480,#489,.T.);
#489 = LINE('',#490,#491);
#490 = CARTESIAN_POINT('',(-0.3,-0.23,2.E-02));
#491 = VECTOR('',#492,1.);
#492 = DIRECTION('',(0.,1.,0.));
#493 = PLANE('',#494);
#494 = AXIS2_PLACEMENT_3D('',#495,#496,#497);
#495 = CARTESIAN_POINT('',(-0.3,-0.25,0.));
#496 = DIRECTION('',(1.,0.,0.));
#497 = DIRECTION('',(0.,0.,1.));
#498 = ADVANCED_FACE('',(#499),#525,.T.);
#499 = FACE_BOUND('',#500,.T.);
#500 = EDGE_LOOP('',(#501,#502,#510,#519));
#501 = ORIENTED_EDGE('',*,*,#426,.T.);
#502 = ORIENTED_EDGE('',*,*,#503,.T.);
#503 = EDGE_CURVE('',#429,#504,#506,.T.);
#504 = VERTEX_POINT('',#505);
#505 = CARTESIAN_POINT('',(0.3,-0.21,2.E-02));
#506 = LINE('',#507,#508);
#507 = CARTESIAN_POINT('',(-0.3,-0.21,2.E-02));
#508 = VECTOR('',#509,1.);
#509 = DIRECTION('',(1.,0.,0.));
#510 = ORIENTED_EDGE('',*,*,#511,.F.);
#511 = EDGE_CURVE('',#512,#504,#514,.T.);
#512 = VERTEX_POINT('',#513);
#513 = CARTESIAN_POINT('',(0.3,-0.23,4.E-02));
#514 = CIRCLE('',#515,2.E-02);
#515 = AXIS2_PLACEMENT_3D('',#516,#517,#518);
#516 = CARTESIAN_POINT('',(0.3,-0.21,4.E-02));
#517 = DIRECTION('',(1.,0.,-0.));
#518 = DIRECTION('',(0.,0.,1.));
#519 = ORIENTED_EDGE('',*,*,#520,.F.);
#520 = EDGE_CURVE('',#427,#512,#521,.T.);
#521 = LINE('',#522,#523);
#522 = CARTESIAN_POINT('',(-0.3,-0.23,4.E-02));
#523 = VECTOR('',#524,1.);
#524 = DIRECTION('',(1.,0.,0.));
#525 = CYLINDRICAL_SURFACE('',#526,2.E-02);
#526 = AXIS2_PLACEMENT_3D('',#527,#528,#529);
#527 = CARTESIAN_POINT('',(-0.3,-0.21,4.E-02));
#528 = DIRECTION('',(1.,0.,0.));
#529 = DIRECTION('',(0.,-1.,0.));
#530 = ADVANCED_FACE('',(#531),#549,.F.);
#531 = FACE_BOUND('',#532,.F.);
#532 = EDGE_LOOP('',(#533,#534,#535,#543));
#533 = ORIENTED_EDGE('',*,*,#488,.F.);
#534 = ORIENTED_EDGE('',*,*,#503,.T.);
#535 = ORIENTED_EDGE('',*,*,#536,.T.);
#536 = EDGE_CURVE('',#504,#537,#539,.T.);
#537 = VERTEX_POINT('',#538);
#538 = CARTESIAN_POINT('',(0.3,0.21,2.E-02));
#539 = LINE('',#540,#541);
#540 = CARTESIAN_POINT('',(0.3,-0.23,2.E-02));
#541 = VECTOR('',#542,1.);
#542 = DIRECTION('',(0.,1.,0.));
#543 = ORIENTED_EDGE('',*,*,#544,.F.);
#544 = EDGE_CURVE('',#480,#537,#545,.T.);
#545 = LINE('',#546,#547);
#546 = CARTESIAN_POINT('',(-0.3,0.21,2.E-02));
#547 = VECTOR('',#548,1.);
#548 = DIRECTION('',(1.,0.,0.));
#549 = PLANE('',#550);
#550 = AXIS2_PLACEMENT_3D('',#551,#552,#553);
#551 = CARTESIAN_POINT('',(-0.3,-0.23,2.E-02));
#552 = DIRECTION('',(0.,0.,1.));
#553 = DIRECTION('',(1.,0.,-0.));
#554 = ADVANCED_FACE('',(#555),#574,.T.);
#555 = FACE_BOUND('',#556,.T.);
#556 = EDGE_LOOP('',(#557,#565,#572,#573));
#557 = ORIENTED_EDGE('',*,*,#558,.T.);
#558 = EDGE_CURVE('',#472,#559,#561,.T.);
#559 = VERTEX_POINT('',#560);
#560 = CARTESIAN_POINT('',(0.3,0.23,4.E-02));
#561 = LINE('',#562,#563);
#562 = CARTESIAN_POINT('',(-0.3,0.23,4.E-02));
#563 = VECTOR('',#564,1.);
#564 = DIRECTION('',(1.,0.,0.));
#565 = ORIENTED_EDGE('',*,*,#566,.T.);
#566 = EDGE_CURVE('',#559,#537,#567,.T.);
#567 = CIRCLE('',#568,2.E-02);
#568 = AXIS2_PLACEMENT_3D('',#569,#570,#571);
#569 = CARTESIAN_POINT('',(0.3,0.21,4.E-02));
#570 = DIRECTION('',(-1.,0.,0.));
#571 = DIRECTION('',(0.,0.,1.));
#572 = ORIENTED_EDGE('',*,*,#544,.F.);
#573 = ORIENTED_EDGE('',*,*,#479,.F.);
#574 = CYLINDRICAL_SURFACE('',#575,2.E-02);
#575 = AXIS2_PLACEMENT_3D('',#576,#577,#578);
#576 = CARTESIAN_POINT('',(-0.3,0.21,4.E-02));
#577 = DIRECTION('',(1.,0.,0.));
#578 = DIRECTION('',(-0.,1.,0.));
#579 = ADVANCED_FACE('',(#580),#598,.T.);
#580 = FACE_BOUND('',#581,.T.);
#581 = EDGE_LOOP('',(#582,#590,#591,#592));
#582 = ORIENTED_EDGE('',*,*,#583,.F.);
#583 = EDGE_CURVE('',#559,#584,#586,.T.);
#584 = VERTEX_POINT('',#585);
#585 = CARTESIAN_POINT('',(0.3,0.23,0.46));
#586 = LINE('',#587,#588);
#587 = CARTESIAN_POINT('',(0.3,0.23,2.E-02));
#588 = VECTOR('',#589,1.);
#589 = DIRECTION('',(0.,0.,1.));
#590 = ORIENTED_EDGE('',*,*,#558,.F.);
#591 = ORIENTED_EDGE('',*,*,#471,.T.);
#592 = ORIENTED_EDGE('',*,*,#593,.T.);
#593 = EDGE_CURVE('',#463,#584,#594,.T.);
#594 = LINE('',#595,#596);
#595 = CARTESIAN_POINT('',(-0.3,0.23,0.46));
#596 = VECTOR('',#597,1.);
#597 = DIRECTION('',(1.,0.,0.));
#598 = PLANE('',#599);
#599 = AXIS2_PLACEMENT_3D('',#600,#601,#602);
#600 = CARTESIAN_POINT('',(-0.3,0.23,2.E-02));
#601 = DIRECTION('',(0.,1.,0.));
#602 = DIRECTION('',(0.,-0.,1.));
#603 = ADVANCED_FACE('',(#604),#623,.T.);
#604 = FACE_BOUND('',#605,.T.);
#605 = EDGE_LOOP('',(#606,#607,#615,#622));
#606 = ORIENTED_EDGE('',*,*,#462,.T.);
#607 = ORIENTED_EDGE('',*,*,#608,.T.);
#608 = EDGE_CURVE('',#455,#609,#611,.T.);
#609 = VERTEX_POINT('',#610);
#610 = CARTESIAN_POINT('',(0.3,0.21,0.48));
#611 = LINE('',#612,#613);
#612 = CARTESIAN_POINT('',(-0.3,0.21,0.48));
#613 = VECTOR('',#614,1.);
#614 = DIRECTION('',(1.,0.,0.));
#615 = ORIENTED_EDGE('',*,*,#616,.F.);
#616 = EDGE_CURVE('',#584,#609,#617,.T.);
#617 = CIRCLE('',#618,2.E-02);
#618 = AXIS2_PLACEMENT_3D('',#619,#620,#621);
#619 = CARTESIAN_POINT('',(0.3,0.21,0.46));
#620 = DIRECTION('',(1.,0.,-0.));
#621 = DIRECTION('',(0.,0.,1.));
#622 = ORIENTED_EDGE('',*,*,#593,.F.);
#623 = CYLINDRICAL_SURFACE('',#624,2.E-02);
#624 = AXIS2_PLACEMENT_3D('',#625,#626,#627);
#625 = CARTESIAN_POINT('',(-0.3,0.21,0.46));
#626 = DIRECTION('',(1.,0.,0.));
#627 = DIRECTION('',(-0.,1.,0.));
#628 = ADVANCED_FACE('',(#629),#647,.T.);
#629 = FACE_BOUND('',#630,.T.);
#630 = EDGE_LOOP('',(#631,#632,#640,#646));
#631 = ORIENTED_EDGE('',*,*,#454,.F.);
#632 = ORIENTED_EDGE('',*,*,#633,.T.);
#633 = EDGE_CURVE('',#446,#634,#636,.T.);
#634 = VERTEX_POINT('',#635);
#635 = CARTESIAN_POINT('',(0.3,-0.21,0.48));
#636 = LINE('',#637,#638);
#637 = CARTESIAN_POINT('',(-0.3,-0.21,0.48));
#638 = VECTOR('',#639,1.);
#639 = DIRECTION('',(1.,0.,0.));
#640 = ORIENTED_EDGE('',*,*,#641,.T.);
#641 = EDGE_CURVE('',#634,#609,#642,.T.);
#642 = LINE('',#643,#644);
#643 = CARTESIAN_POINT('',(0.3,-0.23,0.48));
#644 = VECTOR('',#645,1.);
#645 = DIRECTION('',(0.,1.,0.));
#646 = ORIENTED_EDGE('',*,*,#608,.F.);
#647 = PLANE('',#648);
#648 = AXIS2_PLACEMENT_3D('',#649,#650,#651);
#649 = CARTESIAN_POINT('',(-0.3,-0.23,0.48));
#650 = DIRECTION('',(0.,0.,1.));
#651 = DIRECTION('',(1.,0.,-0.));
#652 = ADVANCED_FACE('',(#653),#672,.T.);
#653 = FACE_BOUND('',#654,.T.);
#654 = EDGE_LOOP('',(#655,#663,#670,#671));
#655 = ORIENTED_EDGE('',*,*,#656,.T.);
#656 = EDGE_CURVE('',#438,#657,#659,.T.);
#657 = VERTEX_POINT('',#658);
#658 = CARTESIAN_POINT('',(0.3,-0.23,0.46));
#659 = LINE('',#660,#661);
#660 = CARTESIAN_POINT('',(-0.3,-0.23,0.46));
#661 = VECTOR('',#662,1.);
#662 = DIRECTION('',(1.,0.,0.));
#663 = ORIENTED_EDGE('',*,*,#664,.T.);
#664 = EDGE_CURVE('',#657,#634,#665,.T.);
#665 = CIRCLE('',#666,2.E-02);
#666 = AXIS2_PLACEMENT_3D('',#667,#668,#669);
#667 = CARTESIAN_POINT('',(0.3,-0.21,0.46));
#668 = DIRECTION('',(-1.,0.,0.));
#669 = DIRECTION('',(0.,0.,1.));
#670 = ORIENTED_EDGE('',*,*,#633,.F.);
#671 = ORIENTED_EDGE('',*,*,#445,.F.);
#672 = CYLINDRICAL_SURFACE('',#673,2.E-02);
#673 = AXIS2_PLACEMENT_3D('',#674,#675,#676);
#674 = CARTESIAN_POINT('',(-0.3,-0.21,0.46));
#675 = DIRECTION('',(1.,0.,0.));
#676 = DIRECTION('',(0.,-1.,0.));
#677 = ADVANCED_FACE('',(#678),#689,.F.);
#678 = FACE_BOUND('',#679,.F.);
#679 = EDGE_LOOP('',(#680,#686,#687,#688));
#680 = ORIENTED_EDGE('',*,*,#681,.F.);
#681 = EDGE_CURVE('',#512,#657,#682,.T.);
#682 = LINE('',#683,#684);
#683 = CARTESIAN_POINT('',(0.3,-0.23,2.E-02));
#684 = VECTOR('',#685,1.);
#685 = DIRECTION('',(0.,0.,1.));
#686 = ORIENTED_EDGE('',*,*,#520,.F.);
#687 = ORIENTED_EDGE('',*,*,#437,.T.);
#688 = ORIENTED_EDGE('',*,*,#656,.T.);
#689 = PLANE('',#690);
#690 = AXIS2_PLACEMENT_3D('',#691,#692,#693);
#691 = CARTESIAN_POINT('',(-0.3,-0.23,2.E-02));
#692 = DIRECTION('',(0.,1.,0.));
#693 = DIRECTION('',(0.,-0.,1.));
#694 = ADVANCED_FACE('',(#695,#765),#775,.F.);
#695 = FACE_BOUND('',#696,.F.);
#696 = EDGE_LOOP('',(#697,#707,#716,#724,#733,#741,#750,#758));
#697 = ORIENTED_EDGE('',*,*,#698,.F.);
#698 = EDGE_CURVE('',#699,#701,#703,.T.);
#699 = VERTEX_POINT('',#700);
#700 = CARTESIAN_POINT('',(0.3,-0.25,2.E-02));
#701 = VERTEX_POINT('',#702);
#702 = CARTESIAN_POINT('',(0.3,-0.25,0.48));
#703 = LINE('',#704,#705);
#704 = CARTESIAN_POINT('',(0.3,-0.25,0.));
#705 = VECTOR('',#706,1.);
#706 = DIRECTION('',(0.,0.,1.));
#707 = ORIENTED_EDGE('',*,*,#708,.T.);
#708 = EDGE_CURVE('',#699,#709,#711,.T.);
#709 = VERTEX_POINT('',#710);
#710 = CARTESIAN_POINT('',(0.3,-0.23,0.));
#711 = CIRCLE('',#712,2.E-02);
#712 = AXIS2_PLACEMENT_3D('',#713,#714,#715);
#713 = CARTESIAN_POINT('',(0.3,-0.23,2.E-02));
#714 = DIRECTION('',(1.,0.,-0.));
#715 = DIRECTION('',(0.,0.,1.));
#716 = ORIENTED_EDGE('',*,*,#717,.T.);
#717 = EDGE_CURVE('',#709,#718,#720,.T.);
#718 = VERTEX_POINT('',#719);
#719 = CARTESIAN_POINT('',(0.3,0.23,0.));
#720 = LINE('',#721,#722);
#721 = CARTESIAN_POINT('',(0.3,-0.25,0.));
#722 = VECTOR('',#723,1.);
#723 = DIRECTION('',(0.,1.,0.));
#724 = ORIENTED_EDGE('',*,*,#725,.F.);
#725 = EDGE_CURVE('',#726,#718,#728,.T.);
#726 = VERTEX_POINT('',#727);
#727 = CARTESIAN_POINT('',(0.3,0.25,2.E-02));
#728 = CIRCLE('',#729,2.E-02);
#729 = AXIS2_PLACEMENT_3D('',#730,#731,#732);
#730 = CARTESIAN_POINT('',(0.3,0.23,2.E-02));
#731 = DIRECTION('',(-1.,0.,0.));
#732 = DIRECTION('',(0.,0.,1.));
#733 = ORIENTED_EDGE('',*,*,#734,.T.);
#734 = EDGE_CURVE('',#726,#735,#737,.T.);
#735 = VERTEX_POINT('',#736);
#736 = CARTESIAN_POINT('',(0.3,0.25,0.48));
#737 = LINE('',#738,#739);
#738 = CARTESIAN_POINT('',(0.3,0.25,0.));
#739 = VECTOR('',#740,1.);
#740 = DIRECTION('',(0.,0.,1.));
#741 = ORIENTED_EDGE('',*,*,#742,.T.);
#742 = EDGE_CURVE('',#735,#743,#745,.T.);
#743 = VERTEX_POINT('',#744);
#744 = CARTESIAN_POINT('',(0.3,0.23,0.5));
#745 = CIRCLE('',#746,2.E-02);
#746 = AXIS2_PLACEMENT_3D('',#747,#748,#749);
#747 = CARTESIAN_POINT('',(0.3,0.23,0.48));
#748 = DIRECTION('',(1.,0.,-0.));
#749 = DIRECTION('',(0.,0.,1.));
#750 = ORIENTED_EDGE('',*,*,#751,.F.);
#751 = EDGE_CURVE('',#752,#743,#754,.T.);
#752 = VERTEX_POINT('',#753);
#753 = CARTESIAN_POINT('',(0.3,-0.23,0.5));
#754 = LINE('',#755,#756);
#755 = CARTESIAN_POINT('',(0.3,-0.25,0.5));
#756 = VECTOR('',#757,1.);
#757 = DIRECTION('',(0.,1.,0.));
#758 = ORIENTED_EDGE('',*,*,#759,.F.);
#759 = EDGE_CURVE('',#701,#752,#760,.T.);
#760 = CIRCLE('',#761,2.E-02);
#761 = AXIS2_PLACEMENT_3D('',#762,#763,#764);
#762 = CARTESIAN_POINT('',(0.3,-0.23,0.48));
#763 = DIRECTION('',(-1.,0.,0.));
#764 = DIRECTION('',(0.,0.,1.));
#765 = FACE_BOUND('',#766,.F.);
#766 = EDGE_LOOP('',(#767,#768,#769,#770,#771,#772,#773,#774));
#767 = ORIENTED_EDGE('',*,*,#511,.F.);
#768 = ORIENTED_EDGE('',*,*,#681,.T.);
#769 = ORIENTED_EDGE('',*,*,#664,.T.);
#770 = ORIENTED_EDGE('',*,*,#641,.T.);
#771 = ORIENTED_EDGE('',*,*,#616,.F.);
#772 = ORIENTED_EDGE('',*,*,#583,.F.);
#773 = ORIENTED_EDGE('',*,*,#566,.T.);
#774 = ORIENTED_EDGE('',*,*,#536,.F.);
#775 = PLANE('',#776);
#776 = AXIS2_PLACEMENT_3D('',#777,#778,#779);
#777 = CARTESIAN_POINT('',(0.3,-0.25,0.));
#778 = DIRECTION('',(1.,0.,0.));
#779 = DIRECTION('',(0.,0.,1.));
#780 = ADVANCED_FACE('',(#781),#806,.F.);
#781 = FACE_BOUND('',#782,.F.);
#782 = EDGE_LOOP('',(#783,#793,#799,#800));
#783 = ORIENTED_EDGE('',*,*,#784,.F.);
#784 = EDGE_CURVE('',#785,#787,#789,.T.);
#785 = VERTEX_POINT('',#786);
#786 = CARTESIAN_POINT('',(0.5,-0.25,2.E-02));
#787 = VERTEX_POINT('',#788);
#788 = CARTESIAN_POINT('',(0.5,-0.25,0.48));
#789 = LINE('',#790,#791);
#790 = CARTESIAN_POINT('',(0.5,-0.25,0.));
#791 = VECTOR('',#792,1.);
#792 = DIRECTION('',(0.,0.,1.));
#793 = ORIENTED_EDGE('',*,*,#794,.F.);
#794 = EDGE_CURVE('',#699,#785,#795,.T.);
#795 = LINE('',#796,#797);
#796 = CARTESIAN_POINT('',(0.3,-0.25,2.E-02));
#797 = VECTOR('',#798,1.);
#798 = DIRECTION('',(1.,0.,0.));
#799 = ORIENTED_EDGE('',*,*,#698,.T.);
#800 = ORIENTED_EDGE('',*,*,#801,.T.);
#801 = EDGE_CURVE('',#701,#787,#802,.T.);
#802 = LINE('',#803,#804);
#803 = CARTESIAN_POINT('',(0.3,-0.25,0.48));
#804 = VECTOR('',#805,1.);
#805 = DIRECTION('',(1.,0.,0.));
#806 = PLANE('',#807);
#807 = AXIS2_PLACEMENT_3D('',#808,#809,#810);
#808 = CARTESIAN_POINT('',(0.3,-0.25,0.));
#809 = DIRECTION('',(0.,1.,0.));
#810 = DIRECTION('',(0.,-0.,1.));
#811 = ADVANCED_FACE('',(#812),#831,.T.);
#812 = FACE_BOUND('',#813,.T.);
#813 = EDGE_LOOP('',(#814,#815,#823,#830));
#814 = ORIENTED_EDGE('',*,*,#708,.T.);
#815 = ORIENTED_EDGE('',*,*,#816,.T.);
#816 = EDGE_CURVE('',#709,#817,#819,.T.);
#817 = VERTEX_POINT('',#818);
#818 = CARTESIAN_POINT('',(0.5,-0.23,0.));
#819 = LINE('',#820,#821);
#820 = CARTESIAN_POINT('',(0.3,-0.23,0.));
#821 = VECTOR('',#822,1.);
#822 = DIRECTION('',(1.,0.,0.));
#823 = ORIENTED_EDGE('',*,*,#824,.F.);
#824 = EDGE_CURVE('',#785,#817,#825,.T.);
#825 = CIRCLE('',#826,2.E-02);
#826 = AXIS2_PLACEMENT_3D('',#827,#828,#829);
#827 = CARTESIAN_POINT('',(0.5,-0.23,2.E-02));
#828 = DIRECTION('',(1.,0.,-0.));
#829 = DIRECTION('',(0.,0.,1.));
#830 = ORIENTED_EDGE('',*,*,#794,.F.);
#831 = CYLINDRICAL_SURFACE('',#832,2.E-02);
#832 = AXIS2_PLACEMENT_3D('',#833,#834,#835);
#833 = CARTESIAN_POINT('',(0.3,-0.23,2.E-02));
#834 = DIRECTION('',(1.,0.,0.));
#835 = DIRECTION('',(0.,-1.,0.));
#836 = ADVANCED_FACE('',(#837),#856,.T.);
#837 = FACE_BOUND('',#838,.T.);
#838 = EDGE_LOOP('',(#839,#840,#849,#855));
#839 = ORIENTED_EDGE('',*,*,#801,.T.);
#840 = ORIENTED_EDGE('',*,*,#841,.T.);
#841 = EDGE_CURVE('',#787,#842,#844,.T.);
#842 = VERTEX_POINT('',#843);
#843 = CARTESIAN_POINT('',(0.5,-0.23,0.5));
#844 = CIRCLE('',#845,2.E-02);
#845 = AXIS2_PLACEMENT_3D('',#846,#847,#848);
#846 = CARTESIAN_POINT('',(0.5,-0.23,0.48));
#847 = DIRECTION('',(-1.,0.,0.));
#848 = DIRECTION('',(0.,0.,1.));
#849 = ORIENTED_EDGE('',*,*,#850,.F.);
#850 = EDGE_CURVE('',#752,#842,#851,.T.);
#851 = LINE('',#852,#853);
#852 = CARTESIAN_POINT('',(0.3,-0.23,0.5));
#853 = VECTOR('',#854,1.);
#854 = DIRECTION('',(1.,0.,0.));
#855 = ORIENTED_EDGE('',*,*,#759,.F.);
#856 = CYLINDRICAL_SURFACE('',#857,2.E-02);
#857 = AXIS2_PLACEMENT_3D('',#858,#859,#860);
#858 = CARTESIAN_POINT('',(0.3,-0.23,0.48));
#859 = DIRECTION('',(1.,0.,0.));
#860 = DIRECTION('',(0.,-1.,0.));
#861 = ADVANCED_FACE('',(#862),#880,.F.);
#862 = FACE_BOUND('',#863,.F.);
#863 = EDGE_LOOP('',(#864,#865,#866,#874));
#864 = ORIENTED_EDGE('',*,*,#717,.F.);
#865 = ORIENTED_EDGE('',*,*,#816,.T.);
#866 = ORIENTED_EDGE('',*,*,#867,.T.);
#867 = EDGE_CURVE('',#817,#868,#870,.T.);
#868 = VERTEX_POINT('',#869);
#869 = CARTESIAN_POINT('',(0.5,0.23,0.));
#870 = LINE('',#871,#872);
#871 = CARTESIAN_POINT('',(0.5,-0.25,0.));
#872 = VECTOR('',#873,1.);
#873 = DIRECTION('',(0.,1.,0.));
#874 = ORIENTED_EDGE('',*,*,#875,.F.);
#875 = EDGE_CURVE('',#718,#868,#876,.T.);
#876 = LINE('',#877,#878);
#877 = CARTESIAN_POINT('',(0.3,0.23,0.));
#878 = VECTOR('',#879,1.);
#879 = DIRECTION('',(1.,0.,0.));
#880 = PLANE('',#881);
#881 = AXIS2_PLACEMENT_3D('',#882,#883,#884);
#882 = CARTESIAN_POINT('',(0.3,-0.25,0.));
#883 = DIRECTION('',(0.,0.,1.));
#884 = DIRECTION('',(1.,0.,-0.));
#885 = ADVANCED_FACE('',(#886),#904,.T.);
#886 = FACE_BOUND('',#887,.T.);
#887 = EDGE_LOOP('',(#888,#889,#890,#898));
#888 = ORIENTED_EDGE('',*,*,#751,.F.);
#889 = ORIENTED_EDGE('',*,*,#850,.T.);
#890 = ORIENTED_EDGE('',*,*,#891,.T.);
#891 = EDGE_CURVE('',#842,#892,#894,.T.);
#892 = VERTEX_POINT('',#893);
#893 = CARTESIAN_POINT('',(0.5,0.23,0.5));
#894 = LINE('',#895,#896);
#895 = CARTESIAN_POINT('',(0.5,-0.25,0.5));
#896 = VECTOR('',#897,1.);
#897 = DIRECTION('',(0.,1.,0.));
#898 = ORIENTED_EDGE('',*,*,#899,.F.);
#899 = EDGE_CURVE('',#743,#892,#900,.T.);
#900 = LINE('',#901,#902);
#901 = CARTESIAN_POINT('',(0.3,0.23,0.5));
#902 = VECTOR('',#903,1.);
#903 = DIRECTION('',(1.,0.,0.));
#904 = PLANE('',#905);
#905 = AXIS2_PLACEMENT_3D('',#906,#907,#908);
#906 = CARTESIAN_POINT('',(0.3,-0.25,0.5));
#907 = DIRECTION('',(0.,0.,1.));
#908 = DIRECTION('',(1.,0.,-0.));
#909 = ADVANCED_FACE('',(#910),#929,.T.);
#910 = FACE_BOUND('',#911,.T.);
#911 = EDGE_LOOP('',(#912,#920,#927,#928));
#912 = ORIENTED_EDGE('',*,*,#913,.T.);
#913 = EDGE_CURVE('',#726,#914,#916,.T.);
#914 = VERTEX_POINT('',#915);
#915 = CARTESIAN_POINT('',(0.5,0.25,2.E-02));
#916 = LINE('',#917,#918);
#917 = CARTESIAN_POINT('',(0.3,0.25,2.E-02));
#918 = VECTOR('',#919,1.);
#919 = DIRECTION('',(1.,0.,0.));
#920 = ORIENTED_EDGE('',*,*,#921,.T.);
#921 = EDGE_CURVE('',#914,#868,#922,.T.);
#922 = CIRCLE('',#923,2.E-02);
#923 = AXIS2_PLACEMENT_3D('',#924,#925,#926);
#924 = CARTESIAN_POINT('',(0.5,0.23,2.E-02));
#925 = DIRECTION('',(-1.,0.,0.));
#926 = DIRECTION('',(0.,0.,1.));
#927 = ORIENTED_EDGE('',*,*,#875,.F.);
#928 = ORIENTED_EDGE('',*,*,#725,.F.);
#929 = CYLINDRICAL_SURFACE('',#930,2.E-02);
#930 = AXIS2_PLACEMENT_3D('',#931,#932,#933);
#931 = CARTESIAN_POINT('',(0.3,0.23,2.E-02));
#932 = DIRECTION('',(1.,0.,0.));
#933 = DIRECTION('',(-0.,1.,0.));
#934 = ADVANCED_FACE('',(#935),#954,.T.);
#935 = FACE_BOUND('',#936,.T.);
#936 = EDGE_LOOP('',(#937,#938,#939,#948));
#937 = ORIENTED_EDGE('',*,*,#742,.T.);
#938 = ORIENTED_EDGE('',*,*,#899,.T.);
#939 = ORIENTED_EDGE('',*,*,#940,.F.);
#940 = EDGE_CURVE('',#941,#892,#943,.T.);
#941 = VERTEX_POINT('',#942);
#942 = CARTESIAN_POINT('',(0.5,0.25,0.48));
#943 = CIRCLE('',#944,2.E-02);
#944 = AXIS2_PLACEMENT_3D('',#945,#946,#947);
#945 = CARTESIAN_POINT('',(0.5,0.23,0.48));
#946 = DIRECTION('',(1.,0.,-0.));
#947 = DIRECTION('',(0.,0.,1.));
#948 = ORIENTED_EDGE('',*,*,#949,.F.);
#949 = EDGE_CURVE('',#735,#941,#950,.T.);
#950 = LINE('',#951,#952);
#951 = CARTESIAN_POINT('',(0.3,0.25,0.48));
#952 = VECTOR('',#953,1.);
#953 = DIRECTION('',(1.,0.,0.));
#954 = CYLINDRICAL_SURFACE('',#955,2.E-02);
#955 = AXIS2_PLACEMENT_3D('',#956,#957,#958);
#956 = CARTESIAN_POINT('',(0.3,0.23,0.48));
#957 = DIRECTION('',(1.,0.,0.));
#958 = DIRECTION('',(-0.,1.,0.));
#959 = ADVANCED_FACE('',(#960),#971,.T.);
#960 = FACE_BOUND('',#961,.T.);
#961 = EDGE_LOOP('',(#962,#968,#969,#970));
#962 = ORIENTED_EDGE('',*,*,#963,.F.);
#963 = EDGE_CURVE('',#914,#941,#964,.T.);
#964 = LINE('',#965,#966);
#965 = CARTESIAN_POINT('',(0.5,0.25,0.));
#966 = VECTOR('',#967,1.);
#967 = DIRECTION('',(0.,0.,1.));
#968 = ORIENTED_EDGE('',*,*,#913,.F.);
#969 = ORIENTED_EDGE('',*,*,#734,.T.);
#970 = ORIENTED_EDGE('',*,*,#949,.T.);
#971 = PLANE('',#972);
#972 = AXIS2_PLACEMENT_3D('',#973,#974,#975);
#973 = CARTESIAN_POINT('',(0.3,0.25,0.));
#974 = DIRECTION('',(0.,1.,0.));
#975 = DIRECTION('',(0.,-0.,1.));
#976 = ADVANCED_FACE('',(#977),#987,.T.);
#977 = FACE_BOUND('',#978,.T.);
#978 = EDGE_LOOP('',(#979,#980,#981,#982,#983,#984,#985,#986));
#979 = ORIENTED_EDGE('',*,*,#784,.F.);
#980 = ORIENTED_EDGE('',*,*,#824,.T.);
#981 = ORIENTED_EDGE('',*,*,#867,.T.);
#982 = ORIENTED_EDGE('',*,*,#921,.F.);
#983 = ORIENTED_EDGE('',*,*,#963,.T.);
#984 = ORIENTED_EDGE('',*,*,#940,.T.);
#985 = ORIENTED_EDGE('',*,*,#891,.F.);
#986 = ORIENTED_EDGE('',*,*,#841,.F.);
#987 = PLANE('',#988);
#988 = AXIS2_PLACEMENT_3D('',#989,#990,#991);
#989 = CARTESIAN_POINT('',(0.5,-0.25,0.));
#990 = DIRECTION('',(1.,0.,0.));
#991 = DIRECTION('',(0.,0.,1.));
#992 = ( GEOMETRIC_REPRESENTATION_CONTEXT(3) 
GLOBAL_UNCERTAINTY_ASSIGNED_CONTEXT((#996)) GLOBAL_UNIT_ASSIGNED_CONTEXT
((#993,#994,#995)) REPRESENTATION_CONTEXT('Context #1',
  '3D Context with UNIT and UNCERTAINTY') );
#993 = ( LENGTH_UNIT() NAMED_UNIT(*) SI_UNIT(.MILLI.,.METRE.) );
#994 = ( NAMED_UNIT(*) PLANE_ANGLE_UNIT() SI_UNIT($,.RADIAN.) );
#995 = ( NAMED_UNIT(*) SI_UNIT($,.STERADIAN.) SOLID_ANGLE_UNIT() );
#996 = UNCERTAINTY_MEASURE_WITH_UNIT(LENGTH_MEASURE(1.E-07),#993,
  'distance_accuracy_value','confusion accuracy');
#997 = SHAPE_DEFINITION_REPRESENTATION(#998,#137);
#998 = PRODUCT_DEFINITION_SHAPE('','',#999);
#999 = PRODUCT_DEFINITION('design','',#1000,#1003);
#1000 = PRODUCT_DEFINITION_FORMATION('','',#1001);
#1001 = PRODUCT('C_0402_1005Metric','C_0402_1005Metric','',(#1002));
#1002 = PRODUCT_CONTEXT('',#2,'mechanical');
#1003 = PRODUCT_DEFINITION_CONTEXT('part definition',#2,'design');
#1004 = CONTEXT_DEPENDENT_SHAPE_REPRESENTATION(#1005,#1007);
#1005 = ( REPRESENTATION_RELATIONSHIP('','',#137,#10) 
REPRESENTATION_RELATIONSHIP_WITH_TRANSFORMATION(#1006) 
SHAPE_REPRESENTATION_RELATIONSHIP() );
#1006 = ITEM_DEFINED_TRANSFORMATION('','',#11,#15);
#1007 = PRODUCT_DEFINITION_SHAPE('Placement','Placement of an item',
  #1008);
#1008 = NEXT_ASSEMBLY_USAGE_OCCURRENCE('1','','',#5,#999,$);
#1009 = PRODUCT_RELATED_PRODUCT_CATEGORY('part',$,(#1001));
#1010 = ADVANCED_BREP_SHAPE_REPRESENTATION('',(#11,#1011),#2993);
#1011 = MANIFOLD_SOLID_BREP('',#1012);
#1012 = CLOSED_SHELL('',(#1013,#1051,#1114,#1137,#1166,#1189,#1244,#1283
    ,#1306,#1329,#1346,#1369,#1457,#1473,#1503,#1536,#1567,#1600,#1617,
    #1634,#1667,#1697,#1720,#1743,#1760,#1789,#1843,#1866,#1889,#1912,
    #1951,#1973,#2017,#2092,#2116,#2184,#2201,#2276,#2300,#2368,#2443,
    #2467,#2535,#2552,#2569,#2615,#2631,#2647,#2664,#2676,#2693,#2710,
    #2727,#2744,#2761,#2778,#2790,#2807,#2824,#2841,#2858,#2875,#2887,
    #2904,#2921,#2938,#2955,#2972,#2984));
#1013 = ADVANCED_FACE('',(#1014),#1046,.F.);
#1014 = FACE_BOUND('',#1015,.F.);
#1015 = EDGE_LOOP('',(#1016,#1026,#1033,#1041));
#1016 = ORIENTED_EDGE('',*,*,#1017,.T.);
#1017 = EDGE_CURVE('',#1018,#1020,#1022,.T.);
#1018 = VERTEX_POINT('',#1019);
#1019 = CARTESIAN_POINT('',(-0.571621551758,1.433243103516,0.1));
#1020 = VERTEX_POINT('',#1021);
#1021 = CARTESIAN_POINT('',(0.571621551758,1.433243103516,0.1));
#1022 = LINE('',#1023,#1024);
#1023 = CARTESIAN_POINT('',(-0.571621551758,1.433243103516,0.1));
#1024 = VECTOR('',#1025,1.);
#1025 = DIRECTION('',(1.,1.110223024625E-16,0.));
#1026 = ORIENTED_EDGE('',*,*,#1027,.T.);
#1027 = EDGE_CURVE('',#1020,#1028,#1030,.T.);
#1028 = VERTEX_POINT('',#1029);
#1029 = CARTESIAN_POINT('',(0.605,1.5,0.575));
#1030 = B_SPLINE_CURVE_WITH_KNOTS('',1,(#1031,#1032),.UNSPECIFIED.,.F.,
  .F.,(2,2),(0.,1.),.PIECEWISE_BEZIER_KNOTS.);
#1031 = CARTESIAN_POINT('',(0.571621551758,1.433243103516,0.1));
#1032 = CARTESIAN_POINT('',(0.605,1.5,0.575));
#1033 = ORIENTED_EDGE('',*,*,#1034,.F.);
#1034 = EDGE_CURVE('',#1035,#1028,#1037,.T.);
#1035 = VERTEX_POINT('',#1036);
#1036 = CARTESIAN_POINT('',(-0.605,1.5,0.575));
#1037 = LINE('',#1038,#1039);
#1038 = CARTESIAN_POINT('',(-0.605,1.5,0.575));
#1039 = VECTOR('',#1040,1.);
#1040 = DIRECTION('',(1.,1.110223024625E-16,0.));
#1041 = ORIENTED_EDGE('',*,*,#1042,.F.);
#1042 = EDGE_CURVE('',#1018,#1035,#1043,.T.);
#1043 = B_SPLINE_CURVE_WITH_KNOTS('',1,(#1044,#1045),.UNSPECIFIED.,.F.,
  .F.,(2,2),(0.,1.),.PIECEWISE_BEZIER_KNOTS.);
#1044 = CARTESIAN_POINT('',(-0.571621551758,1.433243103516,0.1));
#1045 = CARTESIAN_POINT('',(-0.605,1.5,0.575));
#1046 = B_SPLINE_SURFACE_WITH_KNOTS('',1,1,(
    (#1047,#1048)
    ,(#1049,#1050
    )),.UNSPECIFIED.,.F.,.F.,.F.,(2,2),(2,2),(0.,1.21),(0.,1.),
  .PIECEWISE_BEZIER_KNOTS.);
#1047 = CARTESIAN_POINT('',(-0.571621551758,1.433243103516,0.1));
#1048 = CARTESIAN_POINT('',(-0.605,1.5,0.575));
#1049 = CARTESIAN_POINT('',(0.571621551758,1.433243103516,0.1));
#1050 = CARTESIAN_POINT('',(0.605,1.5,0.575));
#1051 = ADVANCED_FACE('',(#1052),#1109,.T.);
#1052 = FACE_BOUND('',#1053,.T.);
#1053 = EDGE_LOOP('',(#1054,#1055,#1063,#1071,#1079,#1087,#1095,#1103));
#1054 = ORIENTED_EDGE('',*,*,#1017,.T.);
#1055 = ORIENTED_EDGE('',*,*,#1056,.T.);
#1056 = EDGE_CURVE('',#1020,#1057,#1059,.T.);
#1057 = VERTEX_POINT('',#1058);
#1058 = CARTESIAN_POINT('',(0.633243103516,1.371621551758,0.1));
#1059 = LINE('',#1060,#1061);
#1060 = CARTESIAN_POINT('',(0.571621551758,1.433243103516,0.1));
#1061 = VECTOR('',#1062,1.);
#1062 = DIRECTION('',(0.707106781187,-0.707106781187,0.));
#1063 = ORIENTED_EDGE('',*,*,#1064,.T.);
#1064 = EDGE_CURVE('',#1057,#1065,#1067,.T.);
#1065 = VERTEX_POINT('',#1066);
#1066 = CARTESIAN_POINT('',(0.633243103516,-1.371621551758,0.1));
#1067 = LINE('',#1068,#1069);
#1068 = CARTESIAN_POINT('',(0.633243103516,1.371621551758,0.1));
#1069 = VECTOR('',#1070,1.);
#1070 = DIRECTION('',(1.110223024625E-16,-1.,0.));
#1071 = ORIENTED_EDGE('',*,*,#1072,.T.);
#1072 = EDGE_CURVE('',#1065,#1073,#1075,.T.);
#1073 = VERTEX_POINT('',#1074);
#1074 = CARTESIAN_POINT('',(0.571621551758,-1.433243103516,0.1));
#1075 = LINE('',#1076,#1077);
#1076 = CARTESIAN_POINT('',(0.633243103516,-1.371621551758,0.1));
#1077 = VECTOR('',#1078,1.);
#1078 = DIRECTION('',(-0.707106781187,-0.707106781187,0.));
#1079 = ORIENTED_EDGE('',*,*,#1080,.T.);
#1080 = EDGE_CURVE('',#1073,#1081,#1083,.T.);
#1081 = VERTEX_POINT('',#1082);
#1082 = CARTESIAN_POINT('',(-0.571621551758,-1.433243103516,0.1));
#1083 = LINE('',#1084,#1085);
#1084 = CARTESIAN_POINT('',(0.571621551758,-1.433243103516,0.1));
#1085 = VECTOR('',#1086,1.);
#1086 = DIRECTION('',(-1.,-1.110223024625E-16,0.));
#1087 = ORIENTED_EDGE('',*,*,#1088,.T.);
#1088 = EDGE_CURVE('',#1081,#1089,#1091,.T.);
#1089 = VERTEX_POINT('',#1090);
#1090 = CARTESIAN_POINT('',(-0.633243103516,-1.371621551758,0.1));
#1091 = LINE('',#1092,#1093);
#1092 = CARTESIAN_POINT('',(-0.571621551758,-1.433243103516,0.1));
#1093 = VECTOR('',#1094,1.);
#1094 = DIRECTION('',(-0.707106781187,0.707106781187,0.));
#1095 = ORIENTED_EDGE('',*,*,#1096,.T.);
#1096 = EDGE_CURVE('',#1089,#1097,#1099,.T.);
#1097 = VERTEX_POINT('',#1098);
#1098 = CARTESIAN_POINT('',(-0.633243103516,1.371621551758,0.1));
#1099 = LINE('',#1100,#1101);
#1100 = CARTESIAN_POINT('',(-0.633243103516,-1.371621551758,0.1));
#1101 = VECTOR('',#1102,1.);
#1102 = DIRECTION('',(-1.110223024625E-16,1.,0.));
#1103 = ORIENTED_EDGE('',*,*,#1104,.T.);
#1104 = EDGE_CURVE('',#1097,#1018,#1105,.T.);
#1105 = LINE('',#1106,#1107);
#1106 = CARTESIAN_POINT('',(-0.633243103516,1.371621551758,0.1));
#1107 = VECTOR('',#1108,1.);
#1108 = DIRECTION('',(0.707106781187,0.707106781187,0.));
#1109 = PLANE('',#1110);
#1110 = AXIS2_PLACEMENT_3D('',#1111,#1112,#1113);
#1111 = CARTESIAN_POINT('',(-0.571621551758,1.433243103516,0.1));
#1112 = DIRECTION('',(0.,0.,-1.));
#1113 = DIRECTION('',(0.370454302632,-0.928850692879,0.));
#1114 = ADVANCED_FACE('',(#1115),#1132,.F.);
#1115 = FACE_BOUND('',#1116,.F.);
#1116 = EDGE_LOOP('',(#1117,#1118,#1125,#1131));
#1117 = ORIENTED_EDGE('',*,*,#1056,.T.);
#1118 = ORIENTED_EDGE('',*,*,#1119,.T.);
#1119 = EDGE_CURVE('',#1057,#1120,#1122,.T.);
#1120 = VERTEX_POINT('',#1121);
#1121 = CARTESIAN_POINT('',(0.7,1.405,0.575));
#1122 = B_SPLINE_CURVE_WITH_KNOTS('',1,(#1123,#1124),.UNSPECIFIED.,.F.,
  .F.,(2,2),(0.,1.),.PIECEWISE_BEZIER_KNOTS.);
#1123 = CARTESIAN_POINT('',(0.633243103516,1.371621551758,0.1));
#1124 = CARTESIAN_POINT('',(0.7,1.405,0.575));
#1125 = ORIENTED_EDGE('',*,*,#1126,.F.);
#1126 = EDGE_CURVE('',#1028,#1120,#1127,.T.);
#1127 = LINE('',#1128,#1129);
#1128 = CARTESIAN_POINT('',(0.605,1.5,0.575));
#1129 = VECTOR('',#1130,1.);
#1130 = DIRECTION('',(0.707106781187,-0.707106781187,0.));
#1131 = ORIENTED_EDGE('',*,*,#1027,.F.);
#1132 = B_SPLINE_SURFACE_WITH_KNOTS('',1,1,(
    (#1133,#1134)
    ,(#1135,#1136
    )),.UNSPECIFIED.,.F.,.F.,.F.,(2,2),(2,2),(0.,0.134350288425),(0.,1.)
  ,.PIECEWISE_BEZIER_KNOTS.);
#1133 = CARTESIAN_POINT('',(0.571621551758,1.433243103516,0.1));
#1134 = CARTESIAN_POINT('',(0.605,1.5,0.575));
#1135 = CARTESIAN_POINT('',(0.633243103516,1.371621551758,0.1));
#1136 = CARTESIAN_POINT('',(0.7,1.405,0.575));
#1137 = ADVANCED_FACE('',(#1138),#1161,.F.);
#1138 = FACE_BOUND('',#1139,.F.);
#1139 = EDGE_LOOP('',(#1140,#1141,#1148,#1156));
#1140 = ORIENTED_EDGE('',*,*,#1034,.T.);
#1141 = ORIENTED_EDGE('',*,*,#1142,.T.);
#1142 = EDGE_CURVE('',#1028,#1143,#1145,.T.);
#1143 = VERTEX_POINT('',#1144);
#1144 = CARTESIAN_POINT('',(0.605,1.5,0.725));
#1145 = B_SPLINE_CURVE_WITH_KNOTS('',1,(#1146,#1147),.UNSPECIFIED.,.F.,
  .F.,(2,2),(0.,1.),.PIECEWISE_BEZIER_KNOTS.);
#1146 = CARTESIAN_POINT('',(0.605,1.5,0.575));
#1147 = CARTESIAN_POINT('',(0.605,1.5,0.725));
#1148 = ORIENTED_EDGE('',*,*,#1149,.F.);
#1149 = EDGE_CURVE('',#1150,#1143,#1152,.T.);
#1150 = VERTEX_POINT('',#1151);
#1151 = CARTESIAN_POINT('',(-0.605,1.5,0.725));
#1152 = LINE('',#1153,#1154);
#1153 = CARTESIAN_POINT('',(-0.605,1.5,0.725));
#1154 = VECTOR('',#1155,1.);
#1155 = DIRECTION('',(1.,1.110223024625E-16,0.));
#1156 = ORIENTED_EDGE('',*,*,#1157,.F.);
#1157 = EDGE_CURVE('',#1035,#1150,#1158,.T.);
#1158 = B_SPLINE_CURVE_WITH_KNOTS('',1,(#1159,#1160),.UNSPECIFIED.,.F.,
  .F.,(2,2),(0.,1.),.PIECEWISE_BEZIER_KNOTS.);
#1159 = CARTESIAN_POINT('',(-0.605,1.5,0.575));
#1160 = CARTESIAN_POINT('',(-0.605,1.5,0.725));
#1161 = PLANE('',#1162);
#1162 = AXIS2_PLACEMENT_3D('',#1163,#1164,#1165);
#1163 = CARTESIAN_POINT('',(-0.605,1.5,0.725));
#1164 = DIRECTION('',(1.110223024625E-16,-1.,0.));
#1165 = DIRECTION('',(1.,1.110223024625E-16,0.));
#1166 = ADVANCED_FACE('',(#1167),#1184,.F.);
#1167 = FACE_BOUND('',#1168,.F.);
#1168 = EDGE_LOOP('',(#1169,#1170,#1171,#1179));
#1169 = ORIENTED_EDGE('',*,*,#1104,.T.);
#1170 = ORIENTED_EDGE('',*,*,#1042,.T.);
#1171 = ORIENTED_EDGE('',*,*,#1172,.F.);
#1172 = EDGE_CURVE('',#1173,#1035,#1175,.T.);
#1173 = VERTEX_POINT('',#1174);
#1174 = CARTESIAN_POINT('',(-0.7,1.405,0.575));
#1175 = LINE('',#1176,#1177);
#1176 = CARTESIAN_POINT('',(-0.7,1.405,0.575));
#1177 = VECTOR('',#1178,1.);
#1178 = DIRECTION('',(0.707106781187,0.707106781187,0.));
#1179 = ORIENTED_EDGE('',*,*,#1180,.F.);
#1180 = EDGE_CURVE('',#1097,#1173,#1181,.T.);
#1181 = B_SPLINE_CURVE_WITH_KNOTS('',1,(#1182,#1183),.UNSPECIFIED.,.F.,
  .F.,(2,2),(0.,1.),.PIECEWISE_BEZIER_KNOTS.);
#1182 = CARTESIAN_POINT('',(-0.633243103516,1.371621551758,0.1));
#1183 = CARTESIAN_POINT('',(-0.7,1.405,0.575));
#1184 = B_SPLINE_SURFACE_WITH_KNOTS('',1,1,(
    (#1185,#1186)
    ,(#1187,#1188
    )),.UNSPECIFIED.,.F.,.F.,.F.,(2,2),(2,2),(0.,0.134350288425),(0.,1.)
  ,.PIECEWISE_BEZIER_KNOTS.);
#1185 = CARTESIAN_POINT('',(-0.633243103516,1.371621551758,0.1));
#1186 = CARTESIAN_POINT('',(-0.7,1.405,0.575));
#1187 = CARTESIAN_POINT('',(-0.571621551758,1.433243103516,0.1));
#1188 = CARTESIAN_POINT('',(-0.605,1.5,0.575));
#1189 = ADVANCED_FACE('',(#1190),#1239,.F.);
#1190 = FACE_BOUND('',#1191,.F.);
#1191 = EDGE_LOOP('',(#1192,#1193,#1194,#1202,#1210,#1218,#1226,#1234));
#1192 = ORIENTED_EDGE('',*,*,#1096,.T.);
#1193 = ORIENTED_EDGE('',*,*,#1180,.T.);
#1194 = ORIENTED_EDGE('',*,*,#1195,.F.);
#1195 = EDGE_CURVE('',#1196,#1173,#1198,.T.);
#1196 = VERTEX_POINT('',#1197);
#1197 = CARTESIAN_POINT('',(-0.7,1.15,0.575));
#1198 = LINE('',#1199,#1200);
#1199 = CARTESIAN_POINT('',(-0.7,-1.405,0.575));
#1200 = VECTOR('',#1201,1.);
#1201 = DIRECTION('',(-1.110223024625E-16,1.,0.));
#1202 = ORIENTED_EDGE('',*,*,#1203,.F.);
#1203 = EDGE_CURVE('',#1204,#1196,#1206,.T.);
#1204 = VERTEX_POINT('',#1205);
#1205 = CARTESIAN_POINT('',(-0.7,0.75,0.575));
#1206 = LINE('',#1207,#1208);
#1207 = CARTESIAN_POINT('',(-0.7,0.75,0.575));
#1208 = VECTOR('',#1209,1.);
#1209 = DIRECTION('',(1.144237745222E-17,1.,0.));
#1210 = ORIENTED_EDGE('',*,*,#1211,.F.);
#1211 = EDGE_CURVE('',#1212,#1204,#1214,.T.);
#1212 = VERTEX_POINT('',#1213);
#1213 = CARTESIAN_POINT('',(-0.7,-0.75,0.575));
#1214 = LINE('',#1215,#1216);
#1215 = CARTESIAN_POINT('',(-0.7,-1.405,0.575));
#1216 = VECTOR('',#1217,1.);
#1217 = DIRECTION('',(-1.110223024625E-16,1.,0.));
#1218 = ORIENTED_EDGE('',*,*,#1219,.F.);
#1219 = EDGE_CURVE('',#1220,#1212,#1222,.T.);
#1220 = VERTEX_POINT('',#1221);
#1221 = CARTESIAN_POINT('',(-0.7,-1.15,0.575));
#1222 = LINE('',#1223,#1224);
#1223 = CARTESIAN_POINT('',(-0.7,-1.15,0.575));
#1224 = VECTOR('',#1225,1.);
#1225 = DIRECTION('',(1.144237745222E-17,1.,0.));
#1226 = ORIENTED_EDGE('',*,*,#1227,.F.);
#1227 = EDGE_CURVE('',#1228,#1220,#1230,.T.);
#1228 = VERTEX_POINT('',#1229);
#1229 = CARTESIAN_POINT('',(-0.7,-1.405,0.575));
#1230 = LINE('',#1231,#1232);
#1231 = CARTESIAN_POINT('',(-0.7,-1.405,0.575));
#1232 = VECTOR('',#1233,1.);
#1233 = DIRECTION('',(-1.110223024625E-16,1.,0.));
#1234 = ORIENTED_EDGE('',*,*,#1235,.F.);
#1235 = EDGE_CURVE('',#1089,#1228,#1236,.T.);
#1236 = B_SPLINE_CURVE_WITH_KNOTS('',1,(#1237,#1238),.UNSPECIFIED.,.F.,
  .F.,(2,2),(0.,1.),.PIECEWISE_BEZIER_KNOTS.);
#1237 = CARTESIAN_POINT('',(-0.633243103516,-1.371621551758,0.1));
#1238 = CARTESIAN_POINT('',(-0.7,-1.405,0.575));
#1239 = B_SPLINE_SURFACE_WITH_KNOTS('',1,1,(
    (#1240,#1241)
    ,(#1242,#1243
    )),.UNSPECIFIED.,.F.,.F.,.F.,(2,2),(2,2),(0.,2.81),(0.,1.),
  .PIECEWISE_BEZIER_KNOTS.);
#1240 = CARTESIAN_POINT('',(-0.633243103516,-1.371621551758,0.1));
#1241 = CARTESIAN_POINT('',(-0.7,-1.405,0.575));
#1242 = CARTESIAN_POINT('',(-0.633243103516,1.371621551758,0.1));
#1243 = CARTESIAN_POINT('',(-0.7,1.405,0.575));
#1244 = ADVANCED_FACE('',(#1245),#1278,.F.);
#1245 = FACE_BOUND('',#1246,.F.);
#1246 = EDGE_LOOP('',(#1247,#1248,#1255,#1263,#1271,#1277));
#1247 = ORIENTED_EDGE('',*,*,#1064,.T.);
#1248 = ORIENTED_EDGE('',*,*,#1249,.T.);
#1249 = EDGE_CURVE('',#1065,#1250,#1252,.T.);
#1250 = VERTEX_POINT('',#1251);
#1251 = CARTESIAN_POINT('',(0.7,-1.405,0.575));
#1252 = B_SPLINE_CURVE_WITH_KNOTS('',1,(#1253,#1254),.UNSPECIFIED.,.F.,
  .F.,(2,2),(0.,1.),.PIECEWISE_BEZIER_KNOTS.);
#1253 = CARTESIAN_POINT('',(0.633243103516,-1.371621551758,0.1));
#1254 = CARTESIAN_POINT('',(0.7,-1.405,0.575));
#1255 = ORIENTED_EDGE('',*,*,#1256,.F.);
#1256 = EDGE_CURVE('',#1257,#1250,#1259,.T.);
#1257 = VERTEX_POINT('',#1258);
#1258 = CARTESIAN_POINT('',(0.7,-0.2,0.575));
#1259 = LINE('',#1260,#1261);
#1260 = CARTESIAN_POINT('',(0.7,1.405,0.575));
#1261 = VECTOR('',#1262,1.);
#1262 = DIRECTION('',(1.110223024625E-16,-1.,0.));
#1263 = ORIENTED_EDGE('',*,*,#1264,.F.);
#1264 = EDGE_CURVE('',#1265,#1257,#1267,.T.);
#1265 = VERTEX_POINT('',#1266);
#1266 = CARTESIAN_POINT('',(0.7,0.2,0.575));
#1267 = LINE('',#1268,#1269);
#1268 = CARTESIAN_POINT('',(0.7,0.2,0.575));
#1269 = VECTOR('',#1270,1.);
#1270 = DIRECTION('',(1.110223024625E-16,-1.,0.));
#1271 = ORIENTED_EDGE('',*,*,#1272,.F.);
#1272 = EDGE_CURVE('',#1120,#1265,#1273,.T.);
#1273 = LINE('',#1274,#1275);
#1274 = CARTESIAN_POINT('',(0.7,1.405,0.575));
#1275 = VECTOR('',#1276,1.);
#1276 = DIRECTION('',(1.110223024625E-16,-1.,0.));
#1277 = ORIENTED_EDGE('',*,*,#1119,.F.);
#1278 = B_SPLINE_SURFACE_WITH_KNOTS('',1,1,(
    (#1279,#1280)
    ,(#1281,#1282
    )),.UNSPECIFIED.,.F.,.F.,.F.,(2,2),(2,2),(0.,2.81),(0.,1.),
  .PIECEWISE_BEZIER_KNOTS.);
#1279 = CARTESIAN_POINT('',(0.633243103516,1.371621551758,0.1));
#1280 = CARTESIAN_POINT('',(0.7,1.405,0.575));
#1281 = CARTESIAN_POINT('',(0.633243103516,-1.371621551758,0.1));
#1282 = CARTESIAN_POINT('',(0.7,-1.405,0.575));
#1283 = ADVANCED_FACE('',(#1284),#1301,.F.);
#1284 = FACE_BOUND('',#1285,.F.);
#1285 = EDGE_LOOP('',(#1286,#1287,#1288,#1296));
#1286 = ORIENTED_EDGE('',*,*,#1088,.T.);
#1287 = ORIENTED_EDGE('',*,*,#1235,.T.);
#1288 = ORIENTED_EDGE('',*,*,#1289,.F.);
#1289 = EDGE_CURVE('',#1290,#1228,#1292,.T.);
#1290 = VERTEX_POINT('',#1291);
#1291 = CARTESIAN_POINT('',(-0.605,-1.5,0.575));
#1292 = LINE('',#1293,#1294);
#1293 = CARTESIAN_POINT('',(-0.605,-1.5,0.575));
#1294 = VECTOR('',#1295,1.);
#1295 = DIRECTION('',(-0.707106781187,0.707106781187,0.));
#1296 = ORIENTED_EDGE('',*,*,#1297,.F.);
#1297 = EDGE_CURVE('',#1081,#1290,#1298,.T.);
#1298 = B_SPLINE_CURVE_WITH_KNOTS('',1,(#1299,#1300),.UNSPECIFIED.,.F.,
  .F.,(2,2),(0.,1.),.PIECEWISE_BEZIER_KNOTS.);
#1299 = CARTESIAN_POINT('',(-0.571621551758,-1.433243103516,0.1));
#1300 = CARTESIAN_POINT('',(-0.605,-1.5,0.575));
#1301 = B_SPLINE_SURFACE_WITH_KNOTS('',1,1,(
    (#1302,#1303)
    ,(#1304,#1305
    )),.UNSPECIFIED.,.F.,.F.,.F.,(2,2),(2,2),(0.,0.134350288425),(0.,1.)
  ,.PIECEWISE_BEZIER_KNOTS.);
#1302 = CARTESIAN_POINT('',(-0.571621551758,-1.433243103516,0.1));
#1303 = CARTESIAN_POINT('',(-0.605,-1.5,0.575));
#1304 = CARTESIAN_POINT('',(-0.633243103516,-1.371621551758,0.1));
#1305 = CARTESIAN_POINT('',(-0.7,-1.405,0.575));
#1306 = ADVANCED_FACE('',(#1307),#1324,.F.);
#1307 = FACE_BOUND('',#1308,.F.);
#1308 = EDGE_LOOP('',(#1309,#1310,#1317,#1323));
#1309 = ORIENTED_EDGE('',*,*,#1072,.T.);
#1310 = ORIENTED_EDGE('',*,*,#1311,.T.);
#1311 = EDGE_CURVE('',#1073,#1312,#1314,.T.);
#1312 = VERTEX_POINT('',#1313);
#1313 = CARTESIAN_POINT('',(0.605,-1.5,0.575));
#1314 = B_SPLINE_CURVE_WITH_KNOTS('',1,(#1315,#1316),.UNSPECIFIED.,.F.,
  .F.,(2,2),(0.,1.),.PIECEWISE_BEZIER_KNOTS.);
#1315 = CARTESIAN_POINT('',(0.571621551758,-1.433243103516,0.1));
#1316 = CARTESIAN_POINT('',(0.605,-1.5,0.575));
#1317 = ORIENTED_EDGE('',*,*,#1318,.F.);
#1318 = EDGE_CURVE('',#1250,#1312,#1319,.T.);
#1319 = LINE('',#1320,#1321);
#1320 = CARTESIAN_POINT('',(0.7,-1.405,0.575));
#1321 = VECTOR('',#1322,1.);
#1322 = DIRECTION('',(-0.707106781187,-0.707106781187,0.));
#1323 = ORIENTED_EDGE('',*,*,#1249,.F.);
#1324 = B_SPLINE_SURFACE_WITH_KNOTS('',1,1,(
    (#1325,#1326)
    ,(#1327,#1328
    )),.UNSPECIFIED.,.F.,.F.,.F.,(2,2),(2,2),(0.,0.134350288425),(0.,1.)
  ,.PIECEWISE_BEZIER_KNOTS.);
#1325 = CARTESIAN_POINT('',(0.633243103516,-1.371621551758,0.1));
#1326 = CARTESIAN_POINT('',(0.7,-1.405,0.575));
#1327 = CARTESIAN_POINT('',(0.571621551758,-1.433243103516,0.1));
#1328 = CARTESIAN_POINT('',(0.605,-1.5,0.575));
#1329 = ADVANCED_FACE('',(#1330),#1341,.F.);
#1330 = FACE_BOUND('',#1331,.F.);
#1331 = EDGE_LOOP('',(#1332,#1333,#1334,#1340));
#1332 = ORIENTED_EDGE('',*,*,#1080,.T.);
#1333 = ORIENTED_EDGE('',*,*,#1297,.T.);
#1334 = ORIENTED_EDGE('',*,*,#1335,.F.);
#1335 = EDGE_CURVE('',#1312,#1290,#1336,.T.);
#1336 = LINE('',#1337,#1338);
#1337 = CARTESIAN_POINT('',(0.605,-1.5,0.575));
#1338 = VECTOR('',#1339,1.);
#1339 = DIRECTION('',(-1.,-1.110223024625E-16,0.));
#1340 = ORIENTED_EDGE('',*,*,#1311,.F.);
#1341 = B_SPLINE_SURFACE_WITH_KNOTS('',1,1,(
    (#1342,#1343)
    ,(#1344,#1345
    )),.UNSPECIFIED.,.F.,.F.,.F.,(2,2),(2,2),(0.,1.21),(0.,1.),
  .PIECEWISE_BEZIER_KNOTS.);
#1342 = CARTESIAN_POINT('',(0.571621551758,-1.433243103516,0.1));
#1343 = CARTESIAN_POINT('',(0.605,-1.5,0.575));
#1344 = CARTESIAN_POINT('',(-0.571621551758,-1.433243103516,0.1));
#1345 = CARTESIAN_POINT('',(-0.605,-1.5,0.575));
#1346 = ADVANCED_FACE('',(#1347),#1364,.F.);
#1347 = FACE_BOUND('',#1348,.F.);
#1348 = EDGE_LOOP('',(#1349,#1350,#1357,#1363));
#1349 = ORIENTED_EDGE('',*,*,#1126,.T.);
#1350 = ORIENTED_EDGE('',*,*,#1351,.T.);
#1351 = EDGE_CURVE('',#1120,#1352,#1354,.T.);
#1352 = VERTEX_POINT('',#1353);
#1353 = CARTESIAN_POINT('',(0.7,1.405,0.725));
#1354 = B_SPLINE_CURVE_WITH_KNOTS('',1,(#1355,#1356),.UNSPECIFIED.,.F.,
  .F.,(2,2),(0.,1.),.PIECEWISE_BEZIER_KNOTS.);
#1355 = CARTESIAN_POINT('',(0.7,1.405,0.575));
#1356 = CARTESIAN_POINT('',(0.7,1.405,0.725));
#1357 = ORIENTED_EDGE('',*,*,#1358,.F.);
#1358 = EDGE_CURVE('',#1143,#1352,#1359,.T.);
#1359 = LINE('',#1360,#1361);
#1360 = CARTESIAN_POINT('',(0.605,1.5,0.725));
#1361 = VECTOR('',#1362,1.);
#1362 = DIRECTION('',(0.707106781187,-0.707106781187,0.));
#1363 = ORIENTED_EDGE('',*,*,#1142,.F.);
#1364 = PLANE('',#1365);
#1365 = AXIS2_PLACEMENT_3D('',#1366,#1367,#1368);
#1366 = CARTESIAN_POINT('',(0.605,1.5,0.725));
#1367 = DIRECTION('',(-0.707106781187,-0.707106781187,0.));
#1368 = DIRECTION('',(0.707106781187,-0.707106781187,0.));
#1369 = ADVANCED_FACE('',(#1370),#1452,.F.);
#1370 = FACE_BOUND('',#1371,.F.);
#1371 = EDGE_LOOP('',(#1372,#1380,#1381,#1382,#1390,#1398,#1406,#1414,
    #1422,#1430,#1438,#1446));
#1372 = ORIENTED_EDGE('',*,*,#1373,.T.);
#1373 = EDGE_CURVE('',#1374,#1150,#1376,.T.);
#1374 = VERTEX_POINT('',#1375);
#1375 = CARTESIAN_POINT('',(-0.7,1.405,0.725));
#1376 = LINE('',#1377,#1378);
#1377 = CARTESIAN_POINT('',(-0.7,1.405,0.725));
#1378 = VECTOR('',#1379,1.);
#1379 = DIRECTION('',(0.707106781187,0.707106781187,0.));
#1380 = ORIENTED_EDGE('',*,*,#1149,.T.);
#1381 = ORIENTED_EDGE('',*,*,#1358,.T.);
#1382 = ORIENTED_EDGE('',*,*,#1383,.T.);
#1383 = EDGE_CURVE('',#1352,#1384,#1386,.T.);
#1384 = VERTEX_POINT('',#1385);
#1385 = CARTESIAN_POINT('',(0.7,0.2,0.725));
#1386 = LINE('',#1387,#1388);
#1387 = CARTESIAN_POINT('',(0.7,1.405,0.725));
#1388 = VECTOR('',#1389,1.);
#1389 = DIRECTION('',(1.110223024625E-16,-1.,0.));
#1390 = ORIENTED_EDGE('',*,*,#1391,.T.);
#1391 = EDGE_CURVE('',#1384,#1392,#1394,.T.);
#1392 = VERTEX_POINT('',#1393);
#1393 = CARTESIAN_POINT('',(0.675,0.2,0.725));
#1394 = LINE('',#1395,#1396);
#1395 = CARTESIAN_POINT('',(0.7,0.2,0.725));
#1396 = VECTOR('',#1397,1.);
#1397 = DIRECTION('',(-1.,-1.110223024625E-16,0.));
#1398 = ORIENTED_EDGE('',*,*,#1399,.F.);
#1399 = EDGE_CURVE('',#1400,#1392,#1402,.T.);
#1400 = VERTEX_POINT('',#1401);
#1401 = CARTESIAN_POINT('',(0.675,1.3925,0.725));
#1402 = LINE('',#1403,#1404);
#1403 = CARTESIAN_POINT('',(0.675,1.3925,0.725));
#1404 = VECTOR('',#1405,1.);
#1405 = DIRECTION('',(1.110223024625E-16,-1.,0.));
#1406 = ORIENTED_EDGE('',*,*,#1407,.F.);
#1407 = EDGE_CURVE('',#1408,#1400,#1410,.T.);
#1408 = VERTEX_POINT('',#1409);
#1409 = CARTESIAN_POINT('',(0.5925,1.475,0.725));
#1410 = LINE('',#1411,#1412);
#1411 = CARTESIAN_POINT('',(0.5925,1.475,0.725));
#1412 = VECTOR('',#1413,1.);
#1413 = DIRECTION('',(0.707106781187,-0.707106781187,0.));
#1414 = ORIENTED_EDGE('',*,*,#1415,.F.);
#1415 = EDGE_CURVE('',#1416,#1408,#1418,.T.);
#1416 = VERTEX_POINT('',#1417);
#1417 = CARTESIAN_POINT('',(-0.5925,1.475,0.725));
#1418 = LINE('',#1419,#1420);
#1419 = CARTESIAN_POINT('',(-0.5925,1.475,0.725));
#1420 = VECTOR('',#1421,1.);
#1421 = DIRECTION('',(1.,1.110223024625E-16,0.));
#1422 = ORIENTED_EDGE('',*,*,#1423,.F.);
#1423 = EDGE_CURVE('',#1424,#1416,#1426,.T.);
#1424 = VERTEX_POINT('',#1425);
#1425 = CARTESIAN_POINT('',(-0.675,1.3925,0.725));
#1426 = LINE('',#1427,#1428);
#1427 = CARTESIAN_POINT('',(-0.675,1.3925,0.725));
#1428 = VECTOR('',#1429,1.);
#1429 = DIRECTION('',(0.707106781187,0.707106781187,0.));
#1430 = ORIENTED_EDGE('',*,*,#1431,.F.);
#1431 = EDGE_CURVE('',#1432,#1424,#1434,.T.);
#1432 = VERTEX_POINT('',#1433);
#1433 = CARTESIAN_POINT('',(-0.675,1.15,0.725));
#1434 = LINE('',#1435,#1436);
#1435 = CARTESIAN_POINT('',(-0.675,-1.3925,0.725));
#1436 = VECTOR('',#1437,1.);
#1437 = DIRECTION('',(-1.110223024625E-16,1.,0.));
#1438 = ORIENTED_EDGE('',*,*,#1439,.F.);
#1439 = EDGE_CURVE('',#1440,#1432,#1442,.T.);
#1440 = VERTEX_POINT('',#1441);
#1441 = CARTESIAN_POINT('',(-0.7,1.15,0.725));
#1442 = LINE('',#1443,#1444);
#1443 = CARTESIAN_POINT('',(-0.7,1.15,0.725));
#1444 = VECTOR('',#1445,1.);
#1445 = DIRECTION('',(1.,-1.144237745222E-17,0.));
#1446 = ORIENTED_EDGE('',*,*,#1447,.T.);
#1447 = EDGE_CURVE('',#1440,#1374,#1448,.T.);
#1448 = LINE('',#1449,#1450);
#1449 = CARTESIAN_POINT('',(-0.7,-1.405,0.725));
#1450 = VECTOR('',#1451,1.);
#1451 = DIRECTION('',(-1.110223024625E-16,1.,0.));
#1452 = PLANE('',#1453);
#1453 = AXIS2_PLACEMENT_3D('',#1454,#1455,#1456);
#1454 = CARTESIAN_POINT('',(-1.486299604971E-16,1.4875,0.725));
#1455 = DIRECTION('',(1.022886882533E-31,-6.310887241768E-27,-1.));
#1456 = DIRECTION('',(1.,1.217738924546E-16,1.022886882525E-31));
#1457 = ADVANCED_FACE('',(#1458),#1468,.F.);
#1458 = FACE_BOUND('',#1459,.F.);
#1459 = EDGE_LOOP('',(#1460,#1461,#1462,#1463));
#1460 = ORIENTED_EDGE('',*,*,#1172,.T.);
#1461 = ORIENTED_EDGE('',*,*,#1157,.T.);
#1462 = ORIENTED_EDGE('',*,*,#1373,.F.);
#1463 = ORIENTED_EDGE('',*,*,#1464,.F.);
#1464 = EDGE_CURVE('',#1173,#1374,#1465,.T.);
#1465 = B_SPLINE_CURVE_WITH_KNOTS('',1,(#1466,#1467),.UNSPECIFIED.,.F.,
  .F.,(2,2),(0.,1.),.PIECEWISE_BEZIER_KNOTS.);
#1466 = CARTESIAN_POINT('',(-0.7,1.405,0.575));
#1467 = CARTESIAN_POINT('',(-0.7,1.405,0.725));
#1468 = PLANE('',#1469);
#1469 = AXIS2_PLACEMENT_3D('',#1470,#1471,#1472);
#1470 = CARTESIAN_POINT('',(-0.7,1.405,0.725));
#1471 = DIRECTION('',(0.707106781187,-0.707106781187,0.));
#1472 = DIRECTION('',(0.707106781187,0.707106781187,0.));
#1473 = ADVANCED_FACE('',(#1474),#1498,.F.);
#1474 = FACE_BOUND('',#1475,.F.);
#1475 = EDGE_LOOP('',(#1476,#1483,#1484,#1492));
#1476 = ORIENTED_EDGE('',*,*,#1477,.F.);
#1477 = EDGE_CURVE('',#1228,#1478,#1480,.T.);
#1478 = VERTEX_POINT('',#1479);
#1479 = CARTESIAN_POINT('',(-0.7,-1.405,0.725));
#1480 = B_SPLINE_CURVE_WITH_KNOTS('',1,(#1481,#1482),.UNSPECIFIED.,.F.,
  .F.,(2,2),(0.,1.),.PIECEWISE_BEZIER_KNOTS.);
#1481 = CARTESIAN_POINT('',(-0.7,-1.405,0.575));
#1482 = CARTESIAN_POINT('',(-0.7,-1.405,0.725));
#1483 = ORIENTED_EDGE('',*,*,#1227,.T.);
#1484 = ORIENTED_EDGE('',*,*,#1485,.T.);
#1485 = EDGE_CURVE('',#1220,#1486,#1488,.T.);
#1486 = VERTEX_POINT('',#1487);
#1487 = CARTESIAN_POINT('',(-0.7,-1.15,0.725));
#1488 = LINE('',#1489,#1490);
#1489 = CARTESIAN_POINT('',(-0.7,-1.15,0.529763586955));
#1490 = VECTOR('',#1491,1.);
#1491 = DIRECTION('',(0.,0.,1.));
#1492 = ORIENTED_EDGE('',*,*,#1493,.F.);
#1493 = EDGE_CURVE('',#1478,#1486,#1494,.T.);
#1494 = LINE('',#1495,#1496);
#1495 = CARTESIAN_POINT('',(-0.7,-1.405,0.725));
#1496 = VECTOR('',#1497,1.);
#1497 = DIRECTION('',(-1.110223024625E-16,1.,0.));
#1498 = PLANE('',#1499);
#1499 = AXIS2_PLACEMENT_3D('',#1500,#1501,#1502);
#1500 = CARTESIAN_POINT('',(-0.7,-1.405,0.725));
#1501 = DIRECTION('',(1.,1.110223024625E-16,0.));
#1502 = DIRECTION('',(-1.110223024625E-16,1.,0.));
#1503 = ADVANCED_FACE('',(#1504),#1531,.F.);
#1504 = FACE_BOUND('',#1505,.F.);
#1505 = EDGE_LOOP('',(#1506,#1507,#1516,#1524));
#1506 = ORIENTED_EDGE('',*,*,#1219,.T.);
#1507 = ORIENTED_EDGE('',*,*,#1508,.T.);
#1508 = EDGE_CURVE('',#1212,#1509,#1511,.T.);
#1509 = VERTEX_POINT('',#1510);
#1510 = CARTESIAN_POINT('',(-0.798480775301,-0.75,0.492364817767));
#1511 = CIRCLE('',#1512,0.1);
#1512 = AXIS2_PLACEMENT_3D('',#1513,#1514,#1515);
#1513 = CARTESIAN_POINT('',(-0.7,-0.75,0.475));
#1514 = DIRECTION('',(-1.144237745222E-17,-1.,-5.473822126269E-48));
#1515 = DIRECTION('',(2.22044604925E-15,-2.540718180781E-32,1.));
#1516 = ORIENTED_EDGE('',*,*,#1517,.F.);
#1517 = EDGE_CURVE('',#1518,#1509,#1520,.T.);
#1518 = VERTEX_POINT('',#1519);
#1519 = CARTESIAN_POINT('',(-0.798480775301,-1.15,0.492364817767));
#1520 = LINE('',#1521,#1522);
#1521 = CARTESIAN_POINT('',(-0.798480775301,-1.15,0.492364817767));
#1522 = VECTOR('',#1523,1.);
#1523 = DIRECTION('',(1.144237745222E-17,1.,0.));
#1524 = ORIENTED_EDGE('',*,*,#1525,.F.);
#1525 = EDGE_CURVE('',#1220,#1518,#1526,.T.);
#1526 = CIRCLE('',#1527,0.1);
#1527 = AXIS2_PLACEMENT_3D('',#1528,#1529,#1530);
#1528 = CARTESIAN_POINT('',(-0.7,-1.15,0.475));
#1529 = DIRECTION('',(-1.144237745222E-17,-1.,-5.473822126269E-48));
#1530 = DIRECTION('',(2.22044604925E-15,-2.540718180781E-32,1.));
#1531 = CYLINDRICAL_SURFACE('',#1532,0.1);
#1532 = AXIS2_PLACEMENT_3D('',#1533,#1534,#1535);
#1533 = CARTESIAN_POINT('',(-0.7,-1.15,0.475));
#1534 = DIRECTION('',(-1.144237745222E-17,-1.,0.));
#1535 = DIRECTION('',(2.22044604925E-15,-2.540718180781E-32,1.));
#1536 = ADVANCED_FACE('',(#1537),#1562,.F.);
#1537 = FACE_BOUND('',#1538,.F.);
#1538 = EDGE_LOOP('',(#1539,#1547,#1548,#1556));
#1539 = ORIENTED_EDGE('',*,*,#1540,.F.);
#1540 = EDGE_CURVE('',#1212,#1541,#1543,.T.);
#1541 = VERTEX_POINT('',#1542);
#1542 = CARTESIAN_POINT('',(-0.7,-0.75,0.725));
#1543 = LINE('',#1544,#1545);
#1544 = CARTESIAN_POINT('',(-0.7,-0.75,0.529763586955));
#1545 = VECTOR('',#1546,1.);
#1546 = DIRECTION('',(0.,0.,1.));
#1547 = ORIENTED_EDGE('',*,*,#1211,.T.);
#1548 = ORIENTED_EDGE('',*,*,#1549,.T.);
#1549 = EDGE_CURVE('',#1204,#1550,#1552,.T.);
#1550 = VERTEX_POINT('',#1551);
#1551 = CARTESIAN_POINT('',(-0.7,0.75,0.725));
#1552 = LINE('',#1553,#1554);
#1553 = CARTESIAN_POINT('',(-0.7,0.75,0.529763586955));
#1554 = VECTOR('',#1555,1.);
#1555 = DIRECTION('',(0.,0.,1.));
#1556 = ORIENTED_EDGE('',*,*,#1557,.F.);
#1557 = EDGE_CURVE('',#1541,#1550,#1558,.T.);
#1558 = LINE('',#1559,#1560);
#1559 = CARTESIAN_POINT('',(-0.7,-1.405,0.725));
#1560 = VECTOR('',#1561,1.);
#1561 = DIRECTION('',(-1.110223024625E-16,1.,0.));
#1562 = PLANE('',#1563);
#1563 = AXIS2_PLACEMENT_3D('',#1564,#1565,#1566);
#1564 = CARTESIAN_POINT('',(-0.7,-1.405,0.725));
#1565 = DIRECTION('',(1.,1.110223024625E-16,0.));
#1566 = DIRECTION('',(-1.110223024625E-16,1.,0.));
#1567 = ADVANCED_FACE('',(#1568),#1595,.F.);
#1568 = FACE_BOUND('',#1569,.F.);
#1569 = EDGE_LOOP('',(#1570,#1571,#1580,#1588));
#1570 = ORIENTED_EDGE('',*,*,#1203,.T.);
#1571 = ORIENTED_EDGE('',*,*,#1572,.T.);
#1572 = EDGE_CURVE('',#1196,#1573,#1575,.T.);
#1573 = VERTEX_POINT('',#1574);
#1574 = CARTESIAN_POINT('',(-0.798480775301,1.15,0.492364817767));
#1575 = CIRCLE('',#1576,0.1);
#1576 = AXIS2_PLACEMENT_3D('',#1577,#1578,#1579);
#1577 = CARTESIAN_POINT('',(-0.7,1.15,0.475));
#1578 = DIRECTION('',(-1.144237745222E-17,-1.,-5.473822126269E-48));
#1579 = DIRECTION('',(2.22044604925E-15,-2.540718180781E-32,1.));
#1580 = ORIENTED_EDGE('',*,*,#1581,.F.);
#1581 = EDGE_CURVE('',#1582,#1573,#1584,.T.);
#1582 = VERTEX_POINT('',#1583);
#1583 = CARTESIAN_POINT('',(-0.798480775301,0.75,0.492364817767));
#1584 = LINE('',#1585,#1586);
#1585 = CARTESIAN_POINT('',(-0.798480775301,0.75,0.492364817767));
#1586 = VECTOR('',#1587,1.);
#1587 = DIRECTION('',(1.144237745222E-17,1.,0.));
#1588 = ORIENTED_EDGE('',*,*,#1589,.F.);
#1589 = EDGE_CURVE('',#1204,#1582,#1590,.T.);
#1590 = CIRCLE('',#1591,0.1);
#1591 = AXIS2_PLACEMENT_3D('',#1592,#1593,#1594);
#1592 = CARTESIAN_POINT('',(-0.7,0.75,0.475));
#1593 = DIRECTION('',(-1.144237745222E-17,-1.,-5.473822126269E-48));
#1594 = DIRECTION('',(2.22044604925E-15,-2.540718180781E-32,1.));
#1595 = CYLINDRICAL_SURFACE('',#1596,0.1);
#1596 = AXIS2_PLACEMENT_3D('',#1597,#1598,#1599);
#1597 = CARTESIAN_POINT('',(-0.7,0.75,0.475));
#1598 = DIRECTION('',(-1.144237745222E-17,-1.,0.));
#1599 = DIRECTION('',(2.22044604925E-15,-2.540718180781E-32,1.));
#1600 = ADVANCED_FACE('',(#1601),#1612,.F.);
#1601 = FACE_BOUND('',#1602,.F.);
#1602 = EDGE_LOOP('',(#1603,#1609,#1610,#1611));
#1603 = ORIENTED_EDGE('',*,*,#1604,.F.);
#1604 = EDGE_CURVE('',#1196,#1440,#1605,.T.);
#1605 = LINE('',#1606,#1607);
#1606 = CARTESIAN_POINT('',(-0.7,1.15,0.529763586955));
#1607 = VECTOR('',#1608,1.);
#1608 = DIRECTION('',(0.,0.,1.));
#1609 = ORIENTED_EDGE('',*,*,#1195,.T.);
#1610 = ORIENTED_EDGE('',*,*,#1464,.T.);
#1611 = ORIENTED_EDGE('',*,*,#1447,.F.);
#1612 = PLANE('',#1613);
#1613 = AXIS2_PLACEMENT_3D('',#1614,#1615,#1616);
#1614 = CARTESIAN_POINT('',(-0.7,-1.405,0.725));
#1615 = DIRECTION('',(1.,1.110223024625E-16,0.));
#1616 = DIRECTION('',(-1.110223024625E-16,1.,0.));
#1617 = ADVANCED_FACE('',(#1618),#1629,.F.);
#1618 = FACE_BOUND('',#1619,.F.);
#1619 = EDGE_LOOP('',(#1620,#1621,#1622,#1628));
#1620 = ORIENTED_EDGE('',*,*,#1351,.F.);
#1621 = ORIENTED_EDGE('',*,*,#1272,.T.);
#1622 = ORIENTED_EDGE('',*,*,#1623,.T.);
#1623 = EDGE_CURVE('',#1265,#1384,#1624,.T.);
#1624 = LINE('',#1625,#1626);
#1625 = CARTESIAN_POINT('',(0.7,0.2,0.529763586955));
#1626 = VECTOR('',#1627,1.);
#1627 = DIRECTION('',(0.,0.,1.));
#1628 = ORIENTED_EDGE('',*,*,#1383,.F.);
#1629 = PLANE('',#1630);
#1630 = AXIS2_PLACEMENT_3D('',#1631,#1632,#1633);
#1631 = CARTESIAN_POINT('',(0.7,1.405,0.725));
#1632 = DIRECTION('',(-1.,-1.110223024625E-16,0.));
#1633 = DIRECTION('',(1.110223024625E-16,-1.,0.));
#1634 = ADVANCED_FACE('',(#1635),#1662,.F.);
#1635 = FACE_BOUND('',#1636,.F.);
#1636 = EDGE_LOOP('',(#1637,#1638,#1647,#1655));
#1637 = ORIENTED_EDGE('',*,*,#1264,.T.);
#1638 = ORIENTED_EDGE('',*,*,#1639,.T.);
#1639 = EDGE_CURVE('',#1257,#1640,#1642,.T.);
#1640 = VERTEX_POINT('',#1641);
#1641 = CARTESIAN_POINT('',(0.798480775301,-0.2,0.492364817767));
#1642 = CIRCLE('',#1643,0.1);
#1643 = AXIS2_PLACEMENT_3D('',#1644,#1645,#1646);
#1644 = CARTESIAN_POINT('',(0.7,-0.2,0.475));
#1645 = DIRECTION('',(-1.110223024625E-16,1.,0.));
#1646 = DIRECTION('',(-2.22044604925E-15,-2.465190328815E-31,1.));
#1647 = ORIENTED_EDGE('',*,*,#1648,.F.);
#1648 = EDGE_CURVE('',#1649,#1640,#1651,.T.);
#1649 = VERTEX_POINT('',#1650);
#1650 = CARTESIAN_POINT('',(0.798480775301,0.2,0.492364817767));
#1651 = LINE('',#1652,#1653);
#1652 = CARTESIAN_POINT('',(0.798480775301,0.2,0.492364817767));
#1653 = VECTOR('',#1654,1.);
#1654 = DIRECTION('',(1.110223024625E-16,-1.,0.));
#1655 = ORIENTED_EDGE('',*,*,#1656,.F.);
#1656 = EDGE_CURVE('',#1265,#1649,#1657,.T.);
#1657 = CIRCLE('',#1658,0.1);
#1658 = AXIS2_PLACEMENT_3D('',#1659,#1660,#1661);
#1659 = CARTESIAN_POINT('',(0.7,0.2,0.475));
#1660 = DIRECTION('',(-1.110223024625E-16,1.,0.));
#1661 = DIRECTION('',(-2.22044604925E-15,-2.465190328815E-31,1.));
#1662 = CYLINDRICAL_SURFACE('',#1663,0.1);
#1663 = AXIS2_PLACEMENT_3D('',#1664,#1665,#1666);
#1664 = CARTESIAN_POINT('',(0.7,0.2,0.475));
#1665 = DIRECTION('',(-1.110223024625E-16,1.,0.));
#1666 = DIRECTION('',(-2.22044604925E-15,-2.465190328815E-31,1.));
#1667 = ADVANCED_FACE('',(#1668),#1692,.F.);
#1668 = FACE_BOUND('',#1669,.F.);
#1669 = EDGE_LOOP('',(#1670,#1678,#1679,#1686));
#1670 = ORIENTED_EDGE('',*,*,#1671,.F.);
#1671 = EDGE_CURVE('',#1257,#1672,#1674,.T.);
#1672 = VERTEX_POINT('',#1673);
#1673 = CARTESIAN_POINT('',(0.7,-0.2,0.725));
#1674 = LINE('',#1675,#1676);
#1675 = CARTESIAN_POINT('',(0.7,-0.2,0.529763586955));
#1676 = VECTOR('',#1677,1.);
#1677 = DIRECTION('',(0.,0.,1.));
#1678 = ORIENTED_EDGE('',*,*,#1256,.T.);
#1679 = ORIENTED_EDGE('',*,*,#1680,.T.);
#1680 = EDGE_CURVE('',#1250,#1681,#1683,.T.);
#1681 = VERTEX_POINT('',#1682);
#1682 = CARTESIAN_POINT('',(0.7,-1.405,0.725));
#1683 = B_SPLINE_CURVE_WITH_KNOTS('',1,(#1684,#1685),.UNSPECIFIED.,.F.,
  .F.,(2,2),(0.,1.),.PIECEWISE_BEZIER_KNOTS.);
#1684 = CARTESIAN_POINT('',(0.7,-1.405,0.575));
#1685 = CARTESIAN_POINT('',(0.7,-1.405,0.725));
#1686 = ORIENTED_EDGE('',*,*,#1687,.F.);
#1687 = EDGE_CURVE('',#1672,#1681,#1688,.T.);
#1688 = LINE('',#1689,#1690);
#1689 = CARTESIAN_POINT('',(0.7,1.405,0.725));
#1690 = VECTOR('',#1691,1.);
#1691 = DIRECTION('',(1.110223024625E-16,-1.,0.));
#1692 = PLANE('',#1693);
#1693 = AXIS2_PLACEMENT_3D('',#1694,#1695,#1696);
#1694 = CARTESIAN_POINT('',(0.7,1.405,0.725));
#1695 = DIRECTION('',(-1.,-1.110223024625E-16,0.));
#1696 = DIRECTION('',(1.110223024625E-16,-1.,0.));
#1697 = ADVANCED_FACE('',(#1698),#1715,.F.);
#1698 = FACE_BOUND('',#1699,.F.);
#1699 = EDGE_LOOP('',(#1700,#1701,#1702,#1710));
#1700 = ORIENTED_EDGE('',*,*,#1289,.T.);
#1701 = ORIENTED_EDGE('',*,*,#1477,.T.);
#1702 = ORIENTED_EDGE('',*,*,#1703,.F.);
#1703 = EDGE_CURVE('',#1704,#1478,#1706,.T.);
#1704 = VERTEX_POINT('',#1705);
#1705 = CARTESIAN_POINT('',(-0.605,-1.5,0.725));
#1706 = LINE('',#1707,#1708);
#1707 = CARTESIAN_POINT('',(-0.605,-1.5,0.725));
#1708 = VECTOR('',#1709,1.);
#1709 = DIRECTION('',(-0.707106781187,0.707106781187,0.));
#1710 = ORIENTED_EDGE('',*,*,#1711,.F.);
#1711 = EDGE_CURVE('',#1290,#1704,#1712,.T.);
#1712 = B_SPLINE_CURVE_WITH_KNOTS('',1,(#1713,#1714),.UNSPECIFIED.,.F.,
  .F.,(2,2),(0.,1.),.PIECEWISE_BEZIER_KNOTS.);
#1713 = CARTESIAN_POINT('',(-0.605,-1.5,0.575));
#1714 = CARTESIAN_POINT('',(-0.605,-1.5,0.725));
#1715 = PLANE('',#1716);
#1716 = AXIS2_PLACEMENT_3D('',#1717,#1718,#1719);
#1717 = CARTESIAN_POINT('',(-0.605,-1.5,0.725));
#1718 = DIRECTION('',(0.707106781187,0.707106781187,0.));
#1719 = DIRECTION('',(-0.707106781187,0.707106781187,0.));
#1720 = ADVANCED_FACE('',(#1721),#1738,.F.);
#1721 = FACE_BOUND('',#1722,.F.);
#1722 = EDGE_LOOP('',(#1723,#1724,#1731,#1737));
#1723 = ORIENTED_EDGE('',*,*,#1318,.T.);
#1724 = ORIENTED_EDGE('',*,*,#1725,.T.);
#1725 = EDGE_CURVE('',#1312,#1726,#1728,.T.);
#1726 = VERTEX_POINT('',#1727);
#1727 = CARTESIAN_POINT('',(0.605,-1.5,0.725));
#1728 = B_SPLINE_CURVE_WITH_KNOTS('',1,(#1729,#1730),.UNSPECIFIED.,.F.,
  .F.,(2,2),(0.,1.),.PIECEWISE_BEZIER_KNOTS.);
#1729 = CARTESIAN_POINT('',(0.605,-1.5,0.575));
#1730 = CARTESIAN_POINT('',(0.605,-1.5,0.725));
#1731 = ORIENTED_EDGE('',*,*,#1732,.F.);
#1732 = EDGE_CURVE('',#1681,#1726,#1733,.T.);
#1733 = LINE('',#1734,#1735);
#1734 = CARTESIAN_POINT('',(0.7,-1.405,0.725));
#1735 = VECTOR('',#1736,1.);
#1736 = DIRECTION('',(-0.707106781187,-0.707106781187,0.));
#1737 = ORIENTED_EDGE('',*,*,#1680,.F.);
#1738 = PLANE('',#1739);
#1739 = AXIS2_PLACEMENT_3D('',#1740,#1741,#1742);
#1740 = CARTESIAN_POINT('',(0.7,-1.405,0.725));
#1741 = DIRECTION('',(-0.707106781187,0.707106781187,0.));
#1742 = DIRECTION('',(-0.707106781187,-0.707106781187,0.));
#1743 = ADVANCED_FACE('',(#1744),#1755,.F.);
#1744 = FACE_BOUND('',#1745,.F.);
#1745 = EDGE_LOOP('',(#1746,#1747,#1748,#1754));
#1746 = ORIENTED_EDGE('',*,*,#1335,.T.);
#1747 = ORIENTED_EDGE('',*,*,#1711,.T.);
#1748 = ORIENTED_EDGE('',*,*,#1749,.F.);
#1749 = EDGE_CURVE('',#1726,#1704,#1750,.T.);
#1750 = LINE('',#1751,#1752);
#1751 = CARTESIAN_POINT('',(0.605,-1.5,0.725));
#1752 = VECTOR('',#1753,1.);
#1753 = DIRECTION('',(-1.,-1.110223024625E-16,0.));
#1754 = ORIENTED_EDGE('',*,*,#1725,.F.);
#1755 = PLANE('',#1756);
#1756 = AXIS2_PLACEMENT_3D('',#1757,#1758,#1759);
#1757 = CARTESIAN_POINT('',(0.605,-1.5,0.725));
#1758 = DIRECTION('',(-1.110223024625E-16,1.,0.));
#1759 = DIRECTION('',(-1.,-1.110223024625E-16,0.));
#1760 = ADVANCED_FACE('',(#1761),#1784,.F.);
#1761 = FACE_BOUND('',#1762,.F.);
#1762 = EDGE_LOOP('',(#1763,#1771,#1777,#1778));
#1763 = ORIENTED_EDGE('',*,*,#1764,.F.);
#1764 = EDGE_CURVE('',#1550,#1765,#1767,.T.);
#1765 = VERTEX_POINT('',#1766);
#1766 = CARTESIAN_POINT('',(-0.675,0.75,0.725));
#1767 = LINE('',#1768,#1769);
#1768 = CARTESIAN_POINT('',(-0.7,0.75,0.725));
#1769 = VECTOR('',#1770,1.);
#1770 = DIRECTION('',(1.,-1.144237745222E-17,0.));
#1771 = ORIENTED_EDGE('',*,*,#1772,.T.);
#1772 = EDGE_CURVE('',#1550,#1440,#1773,.T.);
#1773 = LINE('',#1774,#1775);
#1774 = CARTESIAN_POINT('',(-0.7,0.75,0.725));
#1775 = VECTOR('',#1776,1.);
#1776 = DIRECTION('',(1.144237745222E-17,1.,0.));
#1777 = ORIENTED_EDGE('',*,*,#1439,.T.);
#1778 = ORIENTED_EDGE('',*,*,#1779,.F.);
#1779 = EDGE_CURVE('',#1765,#1432,#1780,.T.);
#1780 = LINE('',#1781,#1782);
#1781 = CARTESIAN_POINT('',(-0.675,-1.3925,0.725));
#1782 = VECTOR('',#1783,1.);
#1783 = DIRECTION('',(-1.110223024625E-16,1.,0.));
#1784 = PLANE('',#1785);
#1785 = AXIS2_PLACEMENT_3D('',#1786,#1787,#1788);
#1786 = CARTESIAN_POINT('',(-0.7,0.75,0.725));
#1787 = DIRECTION('',(0.,0.,-1.));
#1788 = DIRECTION('',(1.,-1.144237745222E-17,0.));
#1789 = ADVANCED_FACE('',(#1790),#1838,.F.);
#1790 = FACE_BOUND('',#1791,.F.);
#1791 = EDGE_LOOP('',(#1792,#1802,#1810,#1816,#1817,#1818,#1825,#1833));
#1792 = ORIENTED_EDGE('',*,*,#1793,.T.);
#1793 = EDGE_CURVE('',#1794,#1796,#1798,.T.);
#1794 = VERTEX_POINT('',#1795);
#1795 = CARTESIAN_POINT('',(-0.675,-1.3925,0.725));
#1796 = VERTEX_POINT('',#1797);
#1797 = CARTESIAN_POINT('',(-0.675,-1.15,0.725));
#1798 = LINE('',#1799,#1800);
#1799 = CARTESIAN_POINT('',(-0.675,-1.3925,0.725));
#1800 = VECTOR('',#1801,1.);
#1801 = DIRECTION('',(-1.110223024625E-16,1.,0.));
#1802 = ORIENTED_EDGE('',*,*,#1803,.T.);
#1803 = EDGE_CURVE('',#1796,#1804,#1806,.T.);
#1804 = VERTEX_POINT('',#1805);
#1805 = CARTESIAN_POINT('',(-0.675,-0.75,0.725));
#1806 = LINE('',#1807,#1808);
#1807 = CARTESIAN_POINT('',(-0.675,-1.3925,0.725));
#1808 = VECTOR('',#1809,1.);
#1809 = DIRECTION('',(-1.110223024625E-16,1.,0.));
#1810 = ORIENTED_EDGE('',*,*,#1811,.T.);
#1811 = EDGE_CURVE('',#1804,#1765,#1812,.T.);
#1812 = LINE('',#1813,#1814);
#1813 = CARTESIAN_POINT('',(-0.675,-1.3925,0.725));
#1814 = VECTOR('',#1815,1.);
#1815 = DIRECTION('',(-1.110223024625E-16,1.,0.));
#1816 = ORIENTED_EDGE('',*,*,#1779,.T.);
#1817 = ORIENTED_EDGE('',*,*,#1431,.T.);
#1818 = ORIENTED_EDGE('',*,*,#1819,.T.);
#1819 = EDGE_CURVE('',#1424,#1820,#1822,.T.);
#1820 = VERTEX_POINT('',#1821);
#1821 = CARTESIAN_POINT('',(-0.608243103516,1.359121551758,1.2));
#1822 = B_SPLINE_CURVE_WITH_KNOTS('',1,(#1823,#1824),.UNSPECIFIED.,.F.,
  .F.,(2,2),(0.,1.),.PIECEWISE_BEZIER_KNOTS.);
#1823 = CARTESIAN_POINT('',(-0.675,1.3925,0.725));
#1824 = CARTESIAN_POINT('',(-0.608243103516,1.359121551758,1.2));
#1825 = ORIENTED_EDGE('',*,*,#1826,.F.);
#1826 = EDGE_CURVE('',#1827,#1820,#1829,.T.);
#1827 = VERTEX_POINT('',#1828);
#1828 = CARTESIAN_POINT('',(-0.608243103516,-1.359121551758,1.2));
#1829 = LINE('',#1830,#1831);
#1830 = CARTESIAN_POINT('',(-0.608243103516,-1.359121551758,1.2));
#1831 = VECTOR('',#1832,1.);
#1832 = DIRECTION('',(-1.110223024625E-16,1.,0.));
#1833 = ORIENTED_EDGE('',*,*,#1834,.F.);
#1834 = EDGE_CURVE('',#1794,#1827,#1835,.T.);
#1835 = B_SPLINE_CURVE_WITH_KNOTS('',1,(#1836,#1837),.UNSPECIFIED.,.F.,
  .F.,(2,2),(0.,1.),.PIECEWISE_BEZIER_KNOTS.);
#1836 = CARTESIAN_POINT('',(-0.675,-1.3925,0.725));
#1837 = CARTESIAN_POINT('',(-0.608243103516,-1.359121551758,1.2));
#1838 = B_SPLINE_SURFACE_WITH_KNOTS('',1,1,(
    (#1839,#1840)
    ,(#1841,#1842
    )),.UNSPECIFIED.,.F.,.F.,.F.,(2,2),(2,2),(0.,2.785),(0.,1.),
  .PIECEWISE_BEZIER_KNOTS.);
#1839 = CARTESIAN_POINT('',(-0.675,-1.3925,0.725));
#1840 = CARTESIAN_POINT('',(-0.608243103516,-1.359121551758,1.2));
#1841 = CARTESIAN_POINT('',(-0.675,1.3925,0.725));
#1842 = CARTESIAN_POINT('',(-0.608243103516,1.359121551758,1.2));
#1843 = ADVANCED_FACE('',(#1844),#1861,.F.);
#1844 = FACE_BOUND('',#1845,.F.);
#1845 = EDGE_LOOP('',(#1846,#1847,#1854,#1860));
#1846 = ORIENTED_EDGE('',*,*,#1423,.T.);
#1847 = ORIENTED_EDGE('',*,*,#1848,.T.);
#1848 = EDGE_CURVE('',#1416,#1849,#1851,.T.);
#1849 = VERTEX_POINT('',#1850);
#1850 = CARTESIAN_POINT('',(-0.559121551758,1.408243103516,1.2));
#1851 = B_SPLINE_CURVE_WITH_KNOTS('',1,(#1852,#1853),.UNSPECIFIED.,.F.,
  .F.,(2,2),(0.,1.),.PIECEWISE_BEZIER_KNOTS.);
#1852 = CARTESIAN_POINT('',(-0.5925,1.475,0.725));
#1853 = CARTESIAN_POINT('',(-0.559121551758,1.408243103516,1.2));
#1854 = ORIENTED_EDGE('',*,*,#1855,.F.);
#1855 = EDGE_CURVE('',#1820,#1849,#1856,.T.);
#1856 = LINE('',#1857,#1858);
#1857 = CARTESIAN_POINT('',(-0.608243103516,1.359121551758,1.2));
#1858 = VECTOR('',#1859,1.);
#1859 = DIRECTION('',(0.707106781187,0.707106781187,0.));
#1860 = ORIENTED_EDGE('',*,*,#1819,.F.);
#1861 = B_SPLINE_SURFACE_WITH_KNOTS('',1,1,(
    (#1862,#1863)
    ,(#1864,#1865
    )),.UNSPECIFIED.,.F.,.F.,.F.,(2,2),(2,2),(0.,0.116672618896),(0.,1.)
  ,.PIECEWISE_BEZIER_KNOTS.);
#1862 = CARTESIAN_POINT('',(-0.675,1.3925,0.725));
#1863 = CARTESIAN_POINT('',(-0.608243103516,1.359121551758,1.2));
#1864 = CARTESIAN_POINT('',(-0.5925,1.475,0.725));
#1865 = CARTESIAN_POINT('',(-0.559121551758,1.408243103516,1.2));
#1866 = ADVANCED_FACE('',(#1867),#1884,.F.);
#1867 = FACE_BOUND('',#1868,.F.);
#1868 = EDGE_LOOP('',(#1869,#1870,#1877,#1883));
#1869 = ORIENTED_EDGE('',*,*,#1415,.T.);
#1870 = ORIENTED_EDGE('',*,*,#1871,.T.);
#1871 = EDGE_CURVE('',#1408,#1872,#1874,.T.);
#1872 = VERTEX_POINT('',#1873);
#1873 = CARTESIAN_POINT('',(0.559121551758,1.408243103516,1.2));
#1874 = B_SPLINE_CURVE_WITH_KNOTS('',1,(#1875,#1876),.UNSPECIFIED.,.F.,
  .F.,(2,2),(0.,1.),.PIECEWISE_BEZIER_KNOTS.);
#1875 = CARTESIAN_POINT('',(0.5925,1.475,0.725));
#1876 = CARTESIAN_POINT('',(0.559121551758,1.408243103516,1.2));
#1877 = ORIENTED_EDGE('',*,*,#1878,.F.);
#1878 = EDGE_CURVE('',#1849,#1872,#1879,.T.);
#1879 = LINE('',#1880,#1881);
#1880 = CARTESIAN_POINT('',(-0.559121551758,1.408243103516,1.2));
#1881 = VECTOR('',#1882,1.);
#1882 = DIRECTION('',(1.,1.110223024625E-16,0.));
#1883 = ORIENTED_EDGE('',*,*,#1848,.F.);
#1884 = B_SPLINE_SURFACE_WITH_KNOTS('',1,1,(
    (#1885,#1886)
    ,(#1887,#1888
    )),.UNSPECIFIED.,.F.,.F.,.F.,(2,2),(2,2),(0.,1.185),(0.,1.),
  .PIECEWISE_BEZIER_KNOTS.);
#1885 = CARTESIAN_POINT('',(-0.5925,1.475,0.725));
#1886 = CARTESIAN_POINT('',(-0.559121551758,1.408243103516,1.2));
#1887 = CARTESIAN_POINT('',(0.5925,1.475,0.725));
#1888 = CARTESIAN_POINT('',(0.559121551758,1.408243103516,1.2));
#1889 = ADVANCED_FACE('',(#1890),#1907,.F.);
#1890 = FACE_BOUND('',#1891,.F.);
#1891 = EDGE_LOOP('',(#1892,#1893,#1900,#1906));
#1892 = ORIENTED_EDGE('',*,*,#1407,.T.);
#1893 = ORIENTED_EDGE('',*,*,#1894,.T.);
#1894 = EDGE_CURVE('',#1400,#1895,#1897,.T.);
#1895 = VERTEX_POINT('',#1896);
#1896 = CARTESIAN_POINT('',(0.608243103516,1.359121551758,1.2));
#1897 = B_SPLINE_CURVE_WITH_KNOTS('',1,(#1898,#1899),.UNSPECIFIED.,.F.,
  .F.,(2,2),(0.,1.),.PIECEWISE_BEZIER_KNOTS.);
#1898 = CARTESIAN_POINT('',(0.675,1.3925,0.725));
#1899 = CARTESIAN_POINT('',(0.608243103516,1.359121551758,1.2));
#1900 = ORIENTED_EDGE('',*,*,#1901,.F.);
#1901 = EDGE_CURVE('',#1872,#1895,#1902,.T.);
#1902 = LINE('',#1903,#1904);
#1903 = CARTESIAN_POINT('',(0.559121551758,1.408243103516,1.2));
#1904 = VECTOR('',#1905,1.);
#1905 = DIRECTION('',(0.707106781187,-0.707106781187,0.));
#1906 = ORIENTED_EDGE('',*,*,#1871,.F.);
#1907 = B_SPLINE_SURFACE_WITH_KNOTS('',1,1,(
    (#1908,#1909)
    ,(#1910,#1911
    )),.UNSPECIFIED.,.F.,.F.,.F.,(2,2),(2,2),(0.,0.116672618896),(0.,1.)
  ,.PIECEWISE_BEZIER_KNOTS.);
#1908 = CARTESIAN_POINT('',(0.5925,1.475,0.725));
#1909 = CARTESIAN_POINT('',(0.559121551758,1.408243103516,1.2));
#1910 = CARTESIAN_POINT('',(0.675,1.3925,0.725));
#1911 = CARTESIAN_POINT('',(0.608243103516,1.359121551758,1.2));
#1912 = ADVANCED_FACE('',(#1913),#1946,.F.);
#1913 = FACE_BOUND('',#1914,.F.);
#1914 = EDGE_LOOP('',(#1915,#1916,#1924,#1932,#1939,#1945));
#1915 = ORIENTED_EDGE('',*,*,#1399,.T.);
#1916 = ORIENTED_EDGE('',*,*,#1917,.T.);
#1917 = EDGE_CURVE('',#1392,#1918,#1920,.T.);
#1918 = VERTEX_POINT('',#1919);
#1919 = CARTESIAN_POINT('',(0.675,-0.2,0.725));
#1920 = LINE('',#1921,#1922);
#1921 = CARTESIAN_POINT('',(0.675,1.3925,0.725));
#1922 = VECTOR('',#1923,1.);
#1923 = DIRECTION('',(1.110223024625E-16,-1.,0.));
#1924 = ORIENTED_EDGE('',*,*,#1925,.T.);
#1925 = EDGE_CURVE('',#1918,#1926,#1928,.T.);
#1926 = VERTEX_POINT('',#1927);
#1927 = CARTESIAN_POINT('',(0.675,-1.3925,0.725));
#1928 = LINE('',#1929,#1930);
#1929 = CARTESIAN_POINT('',(0.675,1.3925,0.725));
#1930 = VECTOR('',#1931,1.);
#1931 = DIRECTION('',(1.110223024625E-16,-1.,0.));
#1932 = ORIENTED_EDGE('',*,*,#1933,.T.);
#1933 = EDGE_CURVE('',#1926,#1934,#1936,.T.);
#1934 = VERTEX_POINT('',#1935);
#1935 = CARTESIAN_POINT('',(0.608243103516,-1.359121551758,1.2));
#1936 = B_SPLINE_CURVE_WITH_KNOTS('',1,(#1937,#1938),.UNSPECIFIED.,.F.,
  .F.,(2,2),(0.,1.),.PIECEWISE_BEZIER_KNOTS.);
#1937 = CARTESIAN_POINT('',(0.675,-1.3925,0.725));
#1938 = CARTESIAN_POINT('',(0.608243103516,-1.359121551758,1.2));
#1939 = ORIENTED_EDGE('',*,*,#1940,.F.);
#1940 = EDGE_CURVE('',#1895,#1934,#1941,.T.);
#1941 = LINE('',#1942,#1943);
#1942 = CARTESIAN_POINT('',(0.608243103516,1.359121551758,1.2));
#1943 = VECTOR('',#1944,1.);
#1944 = DIRECTION('',(1.110223024625E-16,-1.,0.));
#1945 = ORIENTED_EDGE('',*,*,#1894,.F.);
#1946 = B_SPLINE_SURFACE_WITH_KNOTS('',1,1,(
    (#1947,#1948)
    ,(#1949,#1950
    )),.UNSPECIFIED.,.F.,.F.,.F.,(2,2),(2,2),(0.,2.785),(0.,1.),
  .PIECEWISE_BEZIER_KNOTS.);
#1947 = CARTESIAN_POINT('',(0.675,1.3925,0.725));
#1948 = CARTESIAN_POINT('',(0.608243103516,1.359121551758,1.2));
#1949 = CARTESIAN_POINT('',(0.675,-1.3925,0.725));
#1950 = CARTESIAN_POINT('',(0.608243103516,-1.359121551758,1.2));
#1951 = ADVANCED_FACE('',(#1952),#1968,.F.);
#1952 = FACE_BOUND('',#1953,.F.);
#1953 = EDGE_LOOP('',(#1954,#1955,#1961,#1967));
#1954 = ORIENTED_EDGE('',*,*,#1391,.F.);
#1955 = ORIENTED_EDGE('',*,*,#1956,.T.);
#1956 = EDGE_CURVE('',#1384,#1672,#1957,.T.);
#1957 = LINE('',#1958,#1959);
#1958 = CARTESIAN_POINT('',(0.7,0.2,0.725));
#1959 = VECTOR('',#1960,1.);
#1960 = DIRECTION('',(1.110223024625E-16,-1.,0.));
#1961 = ORIENTED_EDGE('',*,*,#1962,.T.);
#1962 = EDGE_CURVE('',#1672,#1918,#1963,.T.);
#1963 = LINE('',#1964,#1965);
#1964 = CARTESIAN_POINT('',(0.7,-0.2,0.725));
#1965 = VECTOR('',#1966,1.);
#1966 = DIRECTION('',(-1.,-1.110223024625E-16,0.));
#1967 = ORIENTED_EDGE('',*,*,#1917,.F.);
#1968 = PLANE('',#1969);
#1969 = AXIS2_PLACEMENT_3D('',#1970,#1971,#1972);
#1970 = CARTESIAN_POINT('',(0.7,0.2,0.725));
#1971 = DIRECTION('',(0.,0.,-1.));
#1972 = DIRECTION('',(-1.,-1.110223024625E-16,-0.));
#1973 = ADVANCED_FACE('',(#1974),#2012,.F.);
#1974 = FACE_BOUND('',#1975,.F.);
#1975 = EDGE_LOOP('',(#1976,#1977,#1978,#1979,#1980,#1981,#1982,#1988,
    #1989,#1997,#2005,#2011));
#1976 = ORIENTED_EDGE('',*,*,#1962,.F.);
#1977 = ORIENTED_EDGE('',*,*,#1687,.T.);
#1978 = ORIENTED_EDGE('',*,*,#1732,.T.);
#1979 = ORIENTED_EDGE('',*,*,#1749,.T.);
#1980 = ORIENTED_EDGE('',*,*,#1703,.T.);
#1981 = ORIENTED_EDGE('',*,*,#1493,.T.);
#1982 = ORIENTED_EDGE('',*,*,#1983,.T.);
#1983 = EDGE_CURVE('',#1486,#1796,#1984,.T.);
#1984 = LINE('',#1985,#1986);
#1985 = CARTESIAN_POINT('',(-0.7,-1.15,0.725));
#1986 = VECTOR('',#1987,1.);
#1987 = DIRECTION('',(1.,-1.144237745222E-17,0.));
#1988 = ORIENTED_EDGE('',*,*,#1793,.F.);
#1989 = ORIENTED_EDGE('',*,*,#1990,.F.);
#1990 = EDGE_CURVE('',#1991,#1794,#1993,.T.);
#1991 = VERTEX_POINT('',#1992);
#1992 = CARTESIAN_POINT('',(-0.5925,-1.475,0.725));
#1993 = LINE('',#1994,#1995);
#1994 = CARTESIAN_POINT('',(-0.5925,-1.475,0.725));
#1995 = VECTOR('',#1996,1.);
#1996 = DIRECTION('',(-0.707106781187,0.707106781187,0.));
#1997 = ORIENTED_EDGE('',*,*,#1998,.F.);
#1998 = EDGE_CURVE('',#1999,#1991,#2001,.T.);
#1999 = VERTEX_POINT('',#2000);
#2000 = CARTESIAN_POINT('',(0.5925,-1.475,0.725));
#2001 = LINE('',#2002,#2003);
#2002 = CARTESIAN_POINT('',(0.5925,-1.475,0.725));
#2003 = VECTOR('',#2004,1.);
#2004 = DIRECTION('',(-1.,-1.110223024625E-16,0.));
#2005 = ORIENTED_EDGE('',*,*,#2006,.F.);
#2006 = EDGE_CURVE('',#1926,#1999,#2007,.T.);
#2007 = LINE('',#2008,#2009);
#2008 = CARTESIAN_POINT('',(0.675,-1.3925,0.725));
#2009 = VECTOR('',#2010,1.);
#2010 = DIRECTION('',(-0.707106781187,-0.707106781187,0.));
#2011 = ORIENTED_EDGE('',*,*,#1925,.F.);
#2012 = PLANE('',#2013);
#2013 = AXIS2_PLACEMENT_3D('',#2014,#2015,#2016);
#2014 = CARTESIAN_POINT('',(-1.486299604971E-16,1.4875,0.725));
#2015 = DIRECTION('',(1.022886882533E-31,-6.310887241768E-27,-1.));
#2016 = DIRECTION('',(1.,1.217738924546E-16,1.022886882525E-31));
#2017 = ADVANCED_FACE('',(#2018),#2087,.F.);
#2018 = FACE_BOUND('',#2019,.F.);
#2019 = EDGE_LOOP('',(#2020,#2021,#2022,#2030,#2039,#2047,#2055,#2063,
    #2072,#2080));
#2020 = ORIENTED_EDGE('',*,*,#1485,.F.);
#2021 = ORIENTED_EDGE('',*,*,#1525,.T.);
#2022 = ORIENTED_EDGE('',*,*,#2023,.T.);
#2023 = EDGE_CURVE('',#1518,#2024,#2026,.T.);
#2024 = VERTEX_POINT('',#2025);
#2025 = CARTESIAN_POINT('',(-0.843471632406,-1.15,0.206587955583));
#2026 = LINE('',#2027,#2028);
#2027 = CARTESIAN_POINT('',(-0.798480775301,-1.15,0.492364817767));
#2028 = VECTOR('',#2029,1.);
#2029 = DIRECTION('',(-0.155518033909,1.779496044609E-18,-0.987833053268
    ));
#2030 = ORIENTED_EDGE('',*,*,#2031,.T.);
#2031 = EDGE_CURVE('',#2024,#2032,#2034,.T.);
#2032 = VERTEX_POINT('',#2033);
#2033 = CARTESIAN_POINT('',(-1.089673570659,-1.15,5.551115123126E-17));
#2034 = CIRCLE('',#2035,0.25);
#2035 = AXIS2_PLACEMENT_3D('',#2036,#2037,#2038);
#2036 = CARTESIAN_POINT('',(-1.089673570659,-1.15,0.25));
#2037 = DIRECTION('',(1.144237745222E-17,1.,3.851859888774E-34));
#2038 = DIRECTION('',(0.984807753012,-1.126854202784E-17,-0.173648177667
    ));
#2039 = ORIENTED_EDGE('',*,*,#2040,.T.);
#2040 = EDGE_CURVE('',#2032,#2041,#2043,.T.);
#2041 = VERTEX_POINT('',#2042);
#2042 = CARTESIAN_POINT('',(-1.25,-1.15,5.551115123126E-17));
#2043 = LINE('',#2044,#2045);
#2044 = CARTESIAN_POINT('',(-1.089673570659,-1.15,5.551115123126E-17));
#2045 = VECTOR('',#2046,1.);
#2046 = DIRECTION('',(-1.,1.144237745222E-17,0.));
#2047 = ORIENTED_EDGE('',*,*,#2048,.T.);
#2048 = EDGE_CURVE('',#2041,#2049,#2051,.T.);
#2049 = VERTEX_POINT('',#2050);
#2050 = CARTESIAN_POINT('',(-1.25,-1.15,0.15));
#2051 = LINE('',#2052,#2053);
#2052 = CARTESIAN_POINT('',(-1.25,-1.15,5.551115123126E-17));
#2053 = VECTOR('',#2054,1.);
#2054 = DIRECTION('',(0.,0.,1.));
#2055 = ORIENTED_EDGE('',*,*,#2056,.T.);
#2056 = EDGE_CURVE('',#2049,#2057,#2059,.T.);
#2057 = VERTEX_POINT('',#2058);
#2058 = CARTESIAN_POINT('',(-1.089673570659,-1.15,0.15));
#2059 = LINE('',#2060,#2061);
#2060 = CARTESIAN_POINT('',(-1.25,-1.15,0.15));
#2061 = VECTOR('',#2062,1.);
#2062 = DIRECTION('',(1.,-1.144237745222E-17,0.));
#2063 = ORIENTED_EDGE('',*,*,#2064,.T.);
#2064 = EDGE_CURVE('',#2057,#2065,#2067,.T.);
#2065 = VERTEX_POINT('',#2066);
#2066 = CARTESIAN_POINT('',(-0.991192795358,-1.15,0.232635182233));
#2067 = CIRCLE('',#2068,0.1);
#2068 = AXIS2_PLACEMENT_3D('',#2069,#2070,#2071);
#2069 = CARTESIAN_POINT('',(-1.089673570659,-1.15,0.25));
#2070 = DIRECTION('',(-1.144237745222E-17,-1.,1.094764425254E-47));
#2071 = DIRECTION('',(-2.22044604925E-15,2.540718180781E-32,-1.));
#2072 = ORIENTED_EDGE('',*,*,#2073,.T.);
#2073 = EDGE_CURVE('',#2065,#2074,#2076,.T.);
#2074 = VERTEX_POINT('',#2075);
#2075 = CARTESIAN_POINT('',(-0.946201938253,-1.15,0.518412044417));
#2076 = LINE('',#2077,#2078);
#2077 = CARTESIAN_POINT('',(-0.991192795358,-1.15,0.232635182233));
#2078 = VECTOR('',#2079,1.);
#2079 = DIRECTION('',(0.155518033909,-1.779496044609E-18,0.987833053268)
  );
#2080 = ORIENTED_EDGE('',*,*,#2081,.T.);
#2081 = EDGE_CURVE('',#2074,#1486,#2082,.T.);
#2082 = CIRCLE('',#2083,0.25);
#2083 = AXIS2_PLACEMENT_3D('',#2084,#2085,#2086);
#2084 = CARTESIAN_POINT('',(-0.7,-1.15,0.475));
#2085 = DIRECTION('',(1.144237745222E-17,1.,0.));
#2086 = DIRECTION('',(-0.984807753012,1.126854202784E-17,0.173648177667)
  );
#2087 = PLANE('',#2088);
#2088 = AXIS2_PLACEMENT_3D('',#2089,#2090,#2091);
#2089 = CARTESIAN_POINT('',(-0.931323080229,-1.15,0.33452717391));
#2090 = DIRECTION('',(1.144237745222E-17,1.,0.));
#2091 = DIRECTION('',(0.,-0.,1.));
#2092 = ADVANCED_FACE('',(#2093),#2111,.F.);
#2093 = FACE_BOUND('',#2094,.F.);
#2094 = EDGE_LOOP('',(#2095,#2096,#2104,#2110));
#2095 = ORIENTED_EDGE('',*,*,#1517,.T.);
#2096 = ORIENTED_EDGE('',*,*,#2097,.T.);
#2097 = EDGE_CURVE('',#1509,#2098,#2100,.T.);
#2098 = VERTEX_POINT('',#2099);
#2099 = CARTESIAN_POINT('',(-0.843471632406,-0.75,0.206587955583));
#2100 = LINE('',#2101,#2102);
#2101 = CARTESIAN_POINT('',(-0.798480775301,-0.75,0.492364817767));
#2102 = VECTOR('',#2103,1.);
#2103 = DIRECTION('',(-0.155518033909,1.779496044609E-18,-0.987833053268
    ));
#2104 = ORIENTED_EDGE('',*,*,#2105,.F.);
#2105 = EDGE_CURVE('',#2024,#2098,#2106,.T.);
#2106 = LINE('',#2107,#2108);
#2107 = CARTESIAN_POINT('',(-0.843471632406,-1.15,0.206587955583));
#2108 = VECTOR('',#2109,1.);
#2109 = DIRECTION('',(1.144237745222E-17,1.,0.));
#2110 = ORIENTED_EDGE('',*,*,#2023,.F.);
#2111 = PLANE('',#2112);
#2112 = AXIS2_PLACEMENT_3D('',#2113,#2114,#2115);
#2113 = CARTESIAN_POINT('',(-0.798480775301,-1.15,0.492364817767));
#2114 = DIRECTION('',(-0.987833053268,1.130315865527E-17,0.155518033909)
  );
#2115 = DIRECTION('',(-0.155518033909,1.779496044609E-18,-0.987833053268
    ));
#2116 = ADVANCED_FACE('',(#2117),#2179,.T.);
#2117 = FACE_BOUND('',#2118,.T.);
#2118 = EDGE_LOOP('',(#2119,#2120,#2121,#2122,#2131,#2139,#2147,#2155,
    #2164,#2172));
#2119 = ORIENTED_EDGE('',*,*,#1540,.F.);
#2120 = ORIENTED_EDGE('',*,*,#1508,.T.);
#2121 = ORIENTED_EDGE('',*,*,#2097,.T.);
#2122 = ORIENTED_EDGE('',*,*,#2123,.T.);
#2123 = EDGE_CURVE('',#2098,#2124,#2126,.T.);
#2124 = VERTEX_POINT('',#2125);
#2125 = CARTESIAN_POINT('',(-1.089673570659,-0.75,5.551115123126E-17));
#2126 = CIRCLE('',#2127,0.25);
#2127 = AXIS2_PLACEMENT_3D('',#2128,#2129,#2130);
#2128 = CARTESIAN_POINT('',(-1.089673570659,-0.75,0.25));
#2129 = DIRECTION('',(1.144237745222E-17,1.,3.851859888774E-34));
#2130 = DIRECTION('',(0.984807753012,-1.126854202784E-17,-0.173648177667
    ));
#2131 = ORIENTED_EDGE('',*,*,#2132,.T.);
#2132 = EDGE_CURVE('',#2124,#2133,#2135,.T.);
#2133 = VERTEX_POINT('',#2134);
#2134 = CARTESIAN_POINT('',(-1.25,-0.75,5.551115123126E-17));
#2135 = LINE('',#2136,#2137);
#2136 = CARTESIAN_POINT('',(-1.089673570659,-0.75,5.551115123126E-17));
#2137 = VECTOR('',#2138,1.);
#2138 = DIRECTION('',(-1.,1.144237745222E-17,0.));
#2139 = ORIENTED_EDGE('',*,*,#2140,.T.);
#2140 = EDGE_CURVE('',#2133,#2141,#2143,.T.);
#2141 = VERTEX_POINT('',#2142);
#2142 = CARTESIAN_POINT('',(-1.25,-0.75,0.15));
#2143 = LINE('',#2144,#2145);
#2144 = CARTESIAN_POINT('',(-1.25,-0.75,5.551115123126E-17));
#2145 = VECTOR('',#2146,1.);
#2146 = DIRECTION('',(0.,0.,1.));
#2147 = ORIENTED_EDGE('',*,*,#2148,.T.);
#2148 = EDGE_CURVE('',#2141,#2149,#2151,.T.);
#2149 = VERTEX_POINT('',#2150);
#2150 = CARTESIAN_POINT('',(-1.089673570659,-0.75,0.15));
#2151 = LINE('',#2152,#2153);
#2152 = CARTESIAN_POINT('',(-1.25,-0.75,0.15));
#2153 = VECTOR('',#2154,1.);
#2154 = DIRECTION('',(1.,-1.144237745222E-17,0.));
#2155 = ORIENTED_EDGE('',*,*,#2156,.T.);
#2156 = EDGE_CURVE('',#2149,#2157,#2159,.T.);
#2157 = VERTEX_POINT('',#2158);
#2158 = CARTESIAN_POINT('',(-0.991192795358,-0.75,0.232635182233));
#2159 = CIRCLE('',#2160,0.1);
#2160 = AXIS2_PLACEMENT_3D('',#2161,#2162,#2163);
#2161 = CARTESIAN_POINT('',(-1.089673570659,-0.75,0.25));
#2162 = DIRECTION('',(-1.144237745222E-17,-1.,1.094764425254E-47));
#2163 = DIRECTION('',(-2.22044604925E-15,2.540718180781E-32,-1.));
#2164 = ORIENTED_EDGE('',*,*,#2165,.T.);
#2165 = EDGE_CURVE('',#2157,#2166,#2168,.T.);
#2166 = VERTEX_POINT('',#2167);
#2167 = CARTESIAN_POINT('',(-0.946201938253,-0.75,0.518412044417));
#2168 = LINE('',#2169,#2170);
#2169 = CARTESIAN_POINT('',(-0.991192795358,-0.75,0.232635182233));
#2170 = VECTOR('',#2171,1.);
#2171 = DIRECTION('',(0.155518033909,-1.779496044609E-18,0.987833053268)
  );
#2172 = ORIENTED_EDGE('',*,*,#2173,.T.);
#2173 = EDGE_CURVE('',#2166,#1541,#2174,.T.);
#2174 = CIRCLE('',#2175,0.25);
#2175 = AXIS2_PLACEMENT_3D('',#2176,#2177,#2178);
#2176 = CARTESIAN_POINT('',(-0.7,-0.75,0.475));
#2177 = DIRECTION('',(1.144237745222E-17,1.,0.));
#2178 = DIRECTION('',(-0.984807753012,1.126854202784E-17,0.173648177667)
  );
#2179 = PLANE('',#2180);
#2180 = AXIS2_PLACEMENT_3D('',#2181,#2182,#2183);
#2181 = CARTESIAN_POINT('',(-0.931323080229,-0.75,0.33452717391));
#2182 = DIRECTION('',(1.144237745222E-17,1.,0.));
#2183 = DIRECTION('',(0.,-0.,1.));
#2184 = ADVANCED_FACE('',(#2185),#2196,.F.);
#2185 = FACE_BOUND('',#2186,.F.);
#2186 = EDGE_LOOP('',(#2187,#2188,#2189,#2190));
#2187 = ORIENTED_EDGE('',*,*,#1557,.T.);
#2188 = ORIENTED_EDGE('',*,*,#1764,.T.);
#2189 = ORIENTED_EDGE('',*,*,#1811,.F.);
#2190 = ORIENTED_EDGE('',*,*,#2191,.F.);
#2191 = EDGE_CURVE('',#1541,#1804,#2192,.T.);
#2192 = LINE('',#2193,#2194);
#2193 = CARTESIAN_POINT('',(-0.7,-0.75,0.725));
#2194 = VECTOR('',#2195,1.);
#2195 = DIRECTION('',(1.,-1.144237745222E-17,0.));
#2196 = PLANE('',#2197);
#2197 = AXIS2_PLACEMENT_3D('',#2198,#2199,#2200);
#2198 = CARTESIAN_POINT('',(-1.486299604971E-16,1.4875,0.725));
#2199 = DIRECTION('',(1.022886882533E-31,-6.310887241768E-27,-1.));
#2200 = DIRECTION('',(1.,1.217738924546E-16,1.022886882525E-31));
#2201 = ADVANCED_FACE('',(#2202),#2271,.F.);
#2202 = FACE_BOUND('',#2203,.F.);
#2203 = EDGE_LOOP('',(#2204,#2205,#2206,#2214,#2223,#2231,#2239,#2247,
    #2256,#2264));
#2204 = ORIENTED_EDGE('',*,*,#1549,.F.);
#2205 = ORIENTED_EDGE('',*,*,#1589,.T.);
#2206 = ORIENTED_EDGE('',*,*,#2207,.T.);
#2207 = EDGE_CURVE('',#1582,#2208,#2210,.T.);
#2208 = VERTEX_POINT('',#2209);
#2209 = CARTESIAN_POINT('',(-0.843471632406,0.75,0.206587955583));
#2210 = LINE('',#2211,#2212);
#2211 = CARTESIAN_POINT('',(-0.798480775301,0.75,0.492364817767));
#2212 = VECTOR('',#2213,1.);
#2213 = DIRECTION('',(-0.155518033909,1.779496044609E-18,-0.987833053268
    ));
#2214 = ORIENTED_EDGE('',*,*,#2215,.T.);
#2215 = EDGE_CURVE('',#2208,#2216,#2218,.T.);
#2216 = VERTEX_POINT('',#2217);
#2217 = CARTESIAN_POINT('',(-1.089673570659,0.75,5.551115123126E-17));
#2218 = CIRCLE('',#2219,0.25);
#2219 = AXIS2_PLACEMENT_3D('',#2220,#2221,#2222);
#2220 = CARTESIAN_POINT('',(-1.089673570659,0.75,0.25));
#2221 = DIRECTION('',(1.144237745222E-17,1.,3.851859888774E-34));
#2222 = DIRECTION('',(0.984807753012,-1.126854202784E-17,-0.173648177667
    ));
#2223 = ORIENTED_EDGE('',*,*,#2224,.T.);
#2224 = EDGE_CURVE('',#2216,#2225,#2227,.T.);
#2225 = VERTEX_POINT('',#2226);
#2226 = CARTESIAN_POINT('',(-1.25,0.75,5.551115123126E-17));
#2227 = LINE('',#2228,#2229);
#2228 = CARTESIAN_POINT('',(-1.089673570659,0.75,5.551115123126E-17));
#2229 = VECTOR('',#2230,1.);
#2230 = DIRECTION('',(-1.,1.144237745222E-17,0.));
#2231 = ORIENTED_EDGE('',*,*,#2232,.T.);
#2232 = EDGE_CURVE('',#2225,#2233,#2235,.T.);
#2233 = VERTEX_POINT('',#2234);
#2234 = CARTESIAN_POINT('',(-1.25,0.75,0.15));
#2235 = LINE('',#2236,#2237);
#2236 = CARTESIAN_POINT('',(-1.25,0.75,5.551115123126E-17));
#2237 = VECTOR('',#2238,1.);
#2238 = DIRECTION('',(0.,0.,1.));
#2239 = ORIENTED_EDGE('',*,*,#2240,.T.);
#2240 = EDGE_CURVE('',#2233,#2241,#2243,.T.);
#2241 = VERTEX_POINT('',#2242);
#2242 = CARTESIAN_POINT('',(-1.089673570659,0.75,0.15));
#2243 = LINE('',#2244,#2245);
#2244 = CARTESIAN_POINT('',(-1.25,0.75,0.15));
#2245 = VECTOR('',#2246,1.);
#2246 = DIRECTION('',(1.,-1.144237745222E-17,0.));
#2247 = ORIENTED_EDGE('',*,*,#2248,.T.);
#2248 = EDGE_CURVE('',#2241,#2249,#2251,.T.);
#2249 = VERTEX_POINT('',#2250);
#2250 = CARTESIAN_POINT('',(-0.991192795358,0.75,0.232635182233));
#2251 = CIRCLE('',#2252,0.1);
#2252 = AXIS2_PLACEMENT_3D('',#2253,#2254,#2255);
#2253 = CARTESIAN_POINT('',(-1.089673570659,0.75,0.25));
#2254 = DIRECTION('',(-1.144237745222E-17,-1.,1.094764425254E-47));
#2255 = DIRECTION('',(-2.22044604925E-15,2.540718180781E-32,-1.));
#2256 = ORIENTED_EDGE('',*,*,#2257,.T.);
#2257 = EDGE_CURVE('',#2249,#2258,#2260,.T.);
#2258 = VERTEX_POINT('',#2259);
#2259 = CARTESIAN_POINT('',(-0.946201938253,0.75,0.518412044417));
#2260 = LINE('',#2261,#2262);
#2261 = CARTESIAN_POINT('',(-0.991192795358,0.75,0.232635182233));
#2262 = VECTOR('',#2263,1.);
#2263 = DIRECTION('',(0.155518033909,-1.779496044609E-18,0.987833053268)
  );
#2264 = ORIENTED_EDGE('',*,*,#2265,.T.);
#2265 = EDGE_CURVE('',#2258,#1550,#2266,.T.);
#2266 = CIRCLE('',#2267,0.25);
#2267 = AXIS2_PLACEMENT_3D('',#2268,#2269,#2270);
#2268 = CARTESIAN_POINT('',(-0.7,0.75,0.475));
#2269 = DIRECTION('',(1.144237745222E-17,1.,0.));
#2270 = DIRECTION('',(-0.984807753012,1.126854202784E-17,0.173648177667)
  );
#2271 = PLANE('',#2272);
#2272 = AXIS2_PLACEMENT_3D('',#2273,#2274,#2275);
#2273 = CARTESIAN_POINT('',(-0.931323080229,0.75,0.33452717391));
#2274 = DIRECTION('',(1.144237745222E-17,1.,0.));
#2275 = DIRECTION('',(0.,-0.,1.));
#2276 = ADVANCED_FACE('',(#2277),#2295,.F.);
#2277 = FACE_BOUND('',#2278,.F.);
#2278 = EDGE_LOOP('',(#2279,#2280,#2288,#2294));
#2279 = ORIENTED_EDGE('',*,*,#1581,.T.);
#2280 = ORIENTED_EDGE('',*,*,#2281,.T.);
#2281 = EDGE_CURVE('',#1573,#2282,#2284,.T.);
#2282 = VERTEX_POINT('',#2283);
#2283 = CARTESIAN_POINT('',(-0.843471632406,1.15,0.206587955583));
#2284 = LINE('',#2285,#2286);
#2285 = CARTESIAN_POINT('',(-0.798480775301,1.15,0.492364817767));
#2286 = VECTOR('',#2287,1.);
#2287 = DIRECTION('',(-0.155518033909,1.779496044609E-18,-0.987833053268
    ));
#2288 = ORIENTED_EDGE('',*,*,#2289,.F.);
#2289 = EDGE_CURVE('',#2208,#2282,#2290,.T.);
#2290 = LINE('',#2291,#2292);
#2291 = CARTESIAN_POINT('',(-0.843471632406,0.75,0.206587955583));
#2292 = VECTOR('',#2293,1.);
#2293 = DIRECTION('',(1.144237745222E-17,1.,0.));
#2294 = ORIENTED_EDGE('',*,*,#2207,.F.);
#2295 = PLANE('',#2296);
#2296 = AXIS2_PLACEMENT_3D('',#2297,#2298,#2299);
#2297 = CARTESIAN_POINT('',(-0.798480775301,0.75,0.492364817767));
#2298 = DIRECTION('',(-0.987833053268,1.130315865527E-17,0.155518033909)
  );
#2299 = DIRECTION('',(-0.155518033909,1.779496044609E-18,-0.987833053268
    ));
#2300 = ADVANCED_FACE('',(#2301),#2363,.T.);
#2301 = FACE_BOUND('',#2302,.T.);
#2302 = EDGE_LOOP('',(#2303,#2304,#2305,#2306,#2315,#2323,#2331,#2339,
    #2348,#2356));
#2303 = ORIENTED_EDGE('',*,*,#1604,.F.);
#2304 = ORIENTED_EDGE('',*,*,#1572,.T.);
#2305 = ORIENTED_EDGE('',*,*,#2281,.T.);
#2306 = ORIENTED_EDGE('',*,*,#2307,.T.);
#2307 = EDGE_CURVE('',#2282,#2308,#2310,.T.);
#2308 = VERTEX_POINT('',#2309);
#2309 = CARTESIAN_POINT('',(-1.089673570659,1.15,5.551115123126E-17));
#2310 = CIRCLE('',#2311,0.25);
#2311 = AXIS2_PLACEMENT_3D('',#2312,#2313,#2314);
#2312 = CARTESIAN_POINT('',(-1.089673570659,1.15,0.25));
#2313 = DIRECTION('',(1.144237745222E-17,1.,3.851859888774E-34));
#2314 = DIRECTION('',(0.984807753012,-1.126854202784E-17,-0.173648177667
    ));
#2315 = ORIENTED_EDGE('',*,*,#2316,.T.);
#2316 = EDGE_CURVE('',#2308,#2317,#2319,.T.);
#2317 = VERTEX_POINT('',#2318);
#2318 = CARTESIAN_POINT('',(-1.25,1.15,5.551115123126E-17));
#2319 = LINE('',#2320,#2321);
#2320 = CARTESIAN_POINT('',(-1.089673570659,1.15,5.551115123126E-17));
#2321 = VECTOR('',#2322,1.);
#2322 = DIRECTION('',(-1.,1.144237745222E-17,0.));
#2323 = ORIENTED_EDGE('',*,*,#2324,.T.);
#2324 = EDGE_CURVE('',#2317,#2325,#2327,.T.);
#2325 = VERTEX_POINT('',#2326);
#2326 = CARTESIAN_POINT('',(-1.25,1.15,0.15));
#2327 = LINE('',#2328,#2329);
#2328 = CARTESIAN_POINT('',(-1.25,1.15,5.551115123126E-17));
#2329 = VECTOR('',#2330,1.);
#2330 = DIRECTION('',(0.,0.,1.));
#2331 = ORIENTED_EDGE('',*,*,#2332,.T.);
#2332 = EDGE_CURVE('',#2325,#2333,#2335,.T.);
#2333 = VERTEX_POINT('',#2334);
#2334 = CARTESIAN_POINT('',(-1.089673570659,1.15,0.15));
#2335 = LINE('',#2336,#2337);
#2336 = CARTESIAN_POINT('',(-1.25,1.15,0.15));
#2337 = VECTOR('',#2338,1.);
#2338 = DIRECTION('',(1.,-1.144237745222E-17,0.));
#2339 = ORIENTED_EDGE('',*,*,#2340,.T.);
#2340 = EDGE_CURVE('',#2333,#2341,#2343,.T.);
#2341 = VERTEX_POINT('',#2342);
#2342 = CARTESIAN_POINT('',(-0.991192795358,1.15,0.232635182233));
#2343 = CIRCLE('',#2344,0.1);
#2344 = AXIS2_PLACEMENT_3D('',#2345,#2346,#2347);
#2345 = CARTESIAN_POINT('',(-1.089673570659,1.15,0.25));
#2346 = DIRECTION('',(-1.144237745222E-17,-1.,1.094764425254E-47));
#2347 = DIRECTION('',(-2.22044604925E-15,2.540718180781E-32,-1.));
#2348 = ORIENTED_EDGE('',*,*,#2349,.T.);
#2349 = EDGE_CURVE('',#2341,#2350,#2352,.T.);
#2350 = VERTEX_POINT('',#2351);
#2351 = CARTESIAN_POINT('',(-0.946201938253,1.15,0.518412044417));
#2352 = LINE('',#2353,#2354);
#2353 = CARTESIAN_POINT('',(-0.991192795358,1.15,0.232635182233));
#2354 = VECTOR('',#2355,1.);
#2355 = DIRECTION('',(0.155518033909,-1.779496044609E-18,0.987833053268)
  );
#2356 = ORIENTED_EDGE('',*,*,#2357,.T.);
#2357 = EDGE_CURVE('',#2350,#1440,#2358,.T.);
#2358 = CIRCLE('',#2359,0.25);
#2359 = AXIS2_PLACEMENT_3D('',#2360,#2361,#2362);
#2360 = CARTESIAN_POINT('',(-0.7,1.15,0.475));
#2361 = DIRECTION('',(1.144237745222E-17,1.,0.));
#2362 = DIRECTION('',(-0.984807753012,1.126854202784E-17,0.173648177667)
  );
#2363 = PLANE('',#2364);
#2364 = AXIS2_PLACEMENT_3D('',#2365,#2366,#2367);
#2365 = CARTESIAN_POINT('',(-0.931323080229,1.15,0.33452717391));
#2366 = DIRECTION('',(1.144237745222E-17,1.,0.));
#2367 = DIRECTION('',(0.,-0.,1.));
#2368 = ADVANCED_FACE('',(#2369),#2438,.F.);
#2369 = FACE_BOUND('',#2370,.F.);
#2370 = EDGE_LOOP('',(#2371,#2372,#2373,#2381,#2390,#2398,#2406,#2414,
    #2423,#2431));
#2371 = ORIENTED_EDGE('',*,*,#1623,.F.);
#2372 = ORIENTED_EDGE('',*,*,#1656,.T.);
#2373 = ORIENTED_EDGE('',*,*,#2374,.T.);
#2374 = EDGE_CURVE('',#1649,#2375,#2377,.T.);
#2375 = VERTEX_POINT('',#2376);
#2376 = CARTESIAN_POINT('',(0.843471632406,0.2,0.206587955583));
#2377 = LINE('',#2378,#2379);
#2378 = CARTESIAN_POINT('',(0.798480775301,0.2,0.492364817767));
#2379 = VECTOR('',#2380,1.);
#2380 = DIRECTION('',(0.155518033909,1.726597019897E-17,-0.987833053268)
  );
#2381 = ORIENTED_EDGE('',*,*,#2382,.T.);
#2382 = EDGE_CURVE('',#2375,#2383,#2385,.T.);
#2383 = VERTEX_POINT('',#2384);
#2384 = CARTESIAN_POINT('',(1.089673570659,0.2,5.551115123126E-17));
#2385 = CIRCLE('',#2386,0.25);
#2386 = AXIS2_PLACEMENT_3D('',#2387,#2388,#2389);
#2387 = CARTESIAN_POINT('',(1.089673570659,0.2,0.25));
#2388 = DIRECTION('',(1.110223024625E-16,-1.,0.));
#2389 = DIRECTION('',(-0.984807753012,-1.093356242223E-16,
    -0.173648177667));
#2390 = ORIENTED_EDGE('',*,*,#2391,.T.);
#2391 = EDGE_CURVE('',#2383,#2392,#2394,.T.);
#2392 = VERTEX_POINT('',#2393);
#2393 = CARTESIAN_POINT('',(1.25,0.2,5.551115123126E-17));
#2394 = LINE('',#2395,#2396);
#2395 = CARTESIAN_POINT('',(1.089673570659,0.2,5.551115123126E-17));
#2396 = VECTOR('',#2397,1.);
#2397 = DIRECTION('',(1.,1.110223024625E-16,0.));
#2398 = ORIENTED_EDGE('',*,*,#2399,.T.);
#2399 = EDGE_CURVE('',#2392,#2400,#2402,.T.);
#2400 = VERTEX_POINT('',#2401);
#2401 = CARTESIAN_POINT('',(1.25,0.2,0.15));
#2402 = LINE('',#2403,#2404);
#2403 = CARTESIAN_POINT('',(1.25,0.2,5.551115123126E-17));
#2404 = VECTOR('',#2405,1.);
#2405 = DIRECTION('',(0.,0.,1.));
#2406 = ORIENTED_EDGE('',*,*,#2407,.T.);
#2407 = EDGE_CURVE('',#2400,#2408,#2410,.T.);
#2408 = VERTEX_POINT('',#2409);
#2409 = CARTESIAN_POINT('',(1.089673570659,0.2,0.15));
#2410 = LINE('',#2411,#2412);
#2411 = CARTESIAN_POINT('',(1.25,0.2,0.15));
#2412 = VECTOR('',#2413,1.);
#2413 = DIRECTION('',(-1.,-1.110223024625E-16,0.));
#2414 = ORIENTED_EDGE('',*,*,#2415,.T.);
#2415 = EDGE_CURVE('',#2408,#2416,#2418,.T.);
#2416 = VERTEX_POINT('',#2417);
#2417 = CARTESIAN_POINT('',(0.991192795358,0.2,0.232635182233));
#2418 = CIRCLE('',#2419,0.1);
#2419 = AXIS2_PLACEMENT_3D('',#2420,#2421,#2422);
#2420 = CARTESIAN_POINT('',(1.089673570659,0.2,0.25));
#2421 = DIRECTION('',(-1.110223024625E-16,1.,0.));
#2422 = DIRECTION('',(2.22044604925E-15,2.465190328815E-31,-1.));
#2423 = ORIENTED_EDGE('',*,*,#2424,.T.);
#2424 = EDGE_CURVE('',#2416,#2425,#2427,.T.);
#2425 = VERTEX_POINT('',#2426);
#2426 = CARTESIAN_POINT('',(0.946201938253,0.2,0.518412044417));
#2427 = LINE('',#2428,#2429);
#2428 = CARTESIAN_POINT('',(0.991192795358,0.2,0.232635182233));
#2429 = VECTOR('',#2430,1.);
#2430 = DIRECTION('',(-0.155518033909,-1.726597019897E-17,0.987833053268
    ));
#2431 = ORIENTED_EDGE('',*,*,#2432,.T.);
#2432 = EDGE_CURVE('',#2425,#1384,#2433,.T.);
#2433 = CIRCLE('',#2434,0.25);
#2434 = AXIS2_PLACEMENT_3D('',#2435,#2436,#2437);
#2435 = CARTESIAN_POINT('',(0.7,0.2,0.475));
#2436 = DIRECTION('',(1.110223024625E-16,-1.,0.));
#2437 = DIRECTION('',(0.984807753012,1.093356242223E-16,0.173648177667)
  );
#2438 = PLANE('',#2439);
#2439 = AXIS2_PLACEMENT_3D('',#2440,#2441,#2442);
#2440 = CARTESIAN_POINT('',(0.931323080229,0.2,0.33452717391));
#2441 = DIRECTION('',(1.110223024625E-16,-1.,0.));
#2442 = DIRECTION('',(0.,0.,1.));
#2443 = ADVANCED_FACE('',(#2444),#2462,.F.);
#2444 = FACE_BOUND('',#2445,.F.);
#2445 = EDGE_LOOP('',(#2446,#2447,#2455,#2461));
#2446 = ORIENTED_EDGE('',*,*,#1648,.T.);
#2447 = ORIENTED_EDGE('',*,*,#2448,.T.);
#2448 = EDGE_CURVE('',#1640,#2449,#2451,.T.);
#2449 = VERTEX_POINT('',#2450);
#2450 = CARTESIAN_POINT('',(0.843471632406,-0.2,0.206587955583));
#2451 = LINE('',#2452,#2453);
#2452 = CARTESIAN_POINT('',(0.798480775301,-0.2,0.492364817767));
#2453 = VECTOR('',#2454,1.);
#2454 = DIRECTION('',(0.155518033909,1.726597019897E-17,-0.987833053268)
  );
#2455 = ORIENTED_EDGE('',*,*,#2456,.F.);
#2456 = EDGE_CURVE('',#2375,#2449,#2457,.T.);
#2457 = LINE('',#2458,#2459);
#2458 = CARTESIAN_POINT('',(0.843471632406,0.2,0.206587955583));
#2459 = VECTOR('',#2460,1.);
#2460 = DIRECTION('',(1.110223024625E-16,-1.,0.));
#2461 = ORIENTED_EDGE('',*,*,#2374,.F.);
#2462 = PLANE('',#2463);
#2463 = AXIS2_PLACEMENT_3D('',#2464,#2465,#2466);
#2464 = CARTESIAN_POINT('',(0.798480775301,0.2,0.492364817767));
#2465 = DIRECTION('',(0.987833053268,1.096715000224E-16,0.155518033909)
  );
#2466 = DIRECTION('',(0.155518033909,1.726597019897E-17,-0.987833053268)
  );
#2467 = ADVANCED_FACE('',(#2468),#2530,.T.);
#2468 = FACE_BOUND('',#2469,.T.);
#2469 = EDGE_LOOP('',(#2470,#2471,#2472,#2473,#2482,#2490,#2498,#2506,
    #2515,#2523));
#2470 = ORIENTED_EDGE('',*,*,#1671,.F.);
#2471 = ORIENTED_EDGE('',*,*,#1639,.T.);
#2472 = ORIENTED_EDGE('',*,*,#2448,.T.);
#2473 = ORIENTED_EDGE('',*,*,#2474,.T.);
#2474 = EDGE_CURVE('',#2449,#2475,#2477,.T.);
#2475 = VERTEX_POINT('',#2476);
#2476 = CARTESIAN_POINT('',(1.089673570659,-0.2,5.551115123126E-17));
#2477 = CIRCLE('',#2478,0.25);
#2478 = AXIS2_PLACEMENT_3D('',#2479,#2480,#2481);
#2479 = CARTESIAN_POINT('',(1.089673570659,-0.2,0.25));
#2480 = DIRECTION('',(1.110223024625E-16,-1.,0.));
#2481 = DIRECTION('',(-0.984807753012,-1.093356242223E-16,
    -0.173648177667));
#2482 = ORIENTED_EDGE('',*,*,#2483,.T.);
#2483 = EDGE_CURVE('',#2475,#2484,#2486,.T.);
#2484 = VERTEX_POINT('',#2485);
#2485 = CARTESIAN_POINT('',(1.25,-0.2,5.551115123126E-17));
#2486 = LINE('',#2487,#2488);
#2487 = CARTESIAN_POINT('',(1.089673570659,-0.2,5.551115123126E-17));
#2488 = VECTOR('',#2489,1.);
#2489 = DIRECTION('',(1.,1.110223024625E-16,0.));
#2490 = ORIENTED_EDGE('',*,*,#2491,.T.);
#2491 = EDGE_CURVE('',#2484,#2492,#2494,.T.);
#2492 = VERTEX_POINT('',#2493);
#2493 = CARTESIAN_POINT('',(1.25,-0.2,0.15));
#2494 = LINE('',#2495,#2496);
#2495 = CARTESIAN_POINT('',(1.25,-0.2,5.551115123126E-17));
#2496 = VECTOR('',#2497,1.);
#2497 = DIRECTION('',(0.,0.,1.));
#2498 = ORIENTED_EDGE('',*,*,#2499,.T.);
#2499 = EDGE_CURVE('',#2492,#2500,#2502,.T.);
#2500 = VERTEX_POINT('',#2501);
#2501 = CARTESIAN_POINT('',(1.089673570659,-0.2,0.15));
#2502 = LINE('',#2503,#2504);
#2503 = CARTESIAN_POINT('',(1.25,-0.2,0.15));
#2504 = VECTOR('',#2505,1.);
#2505 = DIRECTION('',(-1.,-1.110223024625E-16,0.));
#2506 = ORIENTED_EDGE('',*,*,#2507,.T.);
#2507 = EDGE_CURVE('',#2500,#2508,#2510,.T.);
#2508 = VERTEX_POINT('',#2509);
#2509 = CARTESIAN_POINT('',(0.991192795358,-0.2,0.232635182233));
#2510 = CIRCLE('',#2511,0.1);
#2511 = AXIS2_PLACEMENT_3D('',#2512,#2513,#2514);
#2512 = CARTESIAN_POINT('',(1.089673570659,-0.2,0.25));
#2513 = DIRECTION('',(-1.110223024625E-16,1.,0.));
#2514 = DIRECTION('',(2.22044604925E-15,2.465190328815E-31,-1.));
#2515 = ORIENTED_EDGE('',*,*,#2516,.T.);
#2516 = EDGE_CURVE('',#2508,#2517,#2519,.T.);
#2517 = VERTEX_POINT('',#2518);
#2518 = CARTESIAN_POINT('',(0.946201938253,-0.2,0.518412044417));
#2519 = LINE('',#2520,#2521);
#2520 = CARTESIAN_POINT('',(0.991192795358,-0.2,0.232635182233));
#2521 = VECTOR('',#2522,1.);
#2522 = DIRECTION('',(-0.155518033909,-1.726597019897E-17,0.987833053268
    ));
#2523 = ORIENTED_EDGE('',*,*,#2524,.T.);
#2524 = EDGE_CURVE('',#2517,#1672,#2525,.T.);
#2525 = CIRCLE('',#2526,0.25);
#2526 = AXIS2_PLACEMENT_3D('',#2527,#2528,#2529);
#2527 = CARTESIAN_POINT('',(0.7,-0.2,0.475));
#2528 = DIRECTION('',(1.110223024625E-16,-1.,0.));
#2529 = DIRECTION('',(0.984807753012,1.093356242223E-16,0.173648177667)
  );
#2530 = PLANE('',#2531);
#2531 = AXIS2_PLACEMENT_3D('',#2532,#2533,#2534);
#2532 = CARTESIAN_POINT('',(0.931323080229,-0.2,0.33452717391));
#2533 = DIRECTION('',(1.110223024625E-16,-1.,0.));
#2534 = DIRECTION('',(0.,0.,1.));
#2535 = ADVANCED_FACE('',(#2536),#2547,.T.);
#2536 = FACE_BOUND('',#2537,.T.);
#2537 = EDGE_LOOP('',(#2538,#2539,#2540,#2541));
#2538 = ORIENTED_EDGE('',*,*,#2265,.T.);
#2539 = ORIENTED_EDGE('',*,*,#1772,.T.);
#2540 = ORIENTED_EDGE('',*,*,#2357,.F.);
#2541 = ORIENTED_EDGE('',*,*,#2542,.F.);
#2542 = EDGE_CURVE('',#2258,#2350,#2543,.T.);
#2543 = LINE('',#2544,#2545);
#2544 = CARTESIAN_POINT('',(-0.946201938253,0.75,0.518412044417));
#2545 = VECTOR('',#2546,1.);
#2546 = DIRECTION('',(1.144237745222E-17,1.,0.));
#2547 = CYLINDRICAL_SURFACE('',#2548,0.25);
#2548 = AXIS2_PLACEMENT_3D('',#2549,#2550,#2551);
#2549 = CARTESIAN_POINT('',(-0.7,0.75,0.475));
#2550 = DIRECTION('',(-1.144237745222E-17,-1.,0.));
#2551 = DIRECTION('',(-0.984807753012,1.126854202784E-17,0.173648177667)
  );
#2552 = ADVANCED_FACE('',(#2553),#2564,.F.);
#2553 = FACE_BOUND('',#2554,.F.);
#2554 = EDGE_LOOP('',(#2555,#2556,#2562,#2563));
#2555 = ORIENTED_EDGE('',*,*,#1983,.F.);
#2556 = ORIENTED_EDGE('',*,*,#2557,.T.);
#2557 = EDGE_CURVE('',#1486,#1541,#2558,.T.);
#2558 = LINE('',#2559,#2560);
#2559 = CARTESIAN_POINT('',(-0.7,-1.15,0.725));
#2560 = VECTOR('',#2561,1.);
#2561 = DIRECTION('',(1.144237745222E-17,1.,0.));
#2562 = ORIENTED_EDGE('',*,*,#2191,.T.);
#2563 = ORIENTED_EDGE('',*,*,#1803,.F.);
#2564 = PLANE('',#2565);
#2565 = AXIS2_PLACEMENT_3D('',#2566,#2567,#2568);
#2566 = CARTESIAN_POINT('',(-0.7,-1.15,0.725));
#2567 = DIRECTION('',(0.,0.,-1.));
#2568 = DIRECTION('',(1.,-1.144237745222E-17,0.));
#2569 = ADVANCED_FACE('',(#2570,#2599),#2610,.T.);
#2570 = FACE_BOUND('',#2571,.T.);
#2571 = EDGE_LOOP('',(#2572,#2573,#2574,#2575,#2583,#2591,#2597,#2598));
#2572 = ORIENTED_EDGE('',*,*,#1878,.F.);
#2573 = ORIENTED_EDGE('',*,*,#1855,.F.);
#2574 = ORIENTED_EDGE('',*,*,#1826,.F.);
#2575 = ORIENTED_EDGE('',*,*,#2576,.F.);
#2576 = EDGE_CURVE('',#2577,#1827,#2579,.T.);
#2577 = VERTEX_POINT('',#2578);
#2578 = CARTESIAN_POINT('',(-0.559121551758,-1.408243103516,1.2));
#2579 = LINE('',#2580,#2581);
#2580 = CARTESIAN_POINT('',(-0.559121551758,-1.408243103516,1.2));
#2581 = VECTOR('',#2582,1.);
#2582 = DIRECTION('',(-0.707106781187,0.707106781187,0.));
#2583 = ORIENTED_EDGE('',*,*,#2584,.F.);
#2584 = EDGE_CURVE('',#2585,#2577,#2587,.T.);
#2585 = VERTEX_POINT('',#2586);
#2586 = CARTESIAN_POINT('',(0.559121551758,-1.408243103516,1.2));
#2587 = LINE('',#2588,#2589);
#2588 = CARTESIAN_POINT('',(0.559121551758,-1.408243103516,1.2));
#2589 = VECTOR('',#2590,1.);
#2590 = DIRECTION('',(-1.,-1.110223024625E-16,0.));
#2591 = ORIENTED_EDGE('',*,*,#2592,.F.);
#2592 = EDGE_CURVE('',#1934,#2585,#2593,.T.);
#2593 = LINE('',#2594,#2595);
#2594 = CARTESIAN_POINT('',(0.608243103516,-1.359121551758,1.2));
#2595 = VECTOR('',#2596,1.);
#2596 = DIRECTION('',(-0.707106781187,-0.707106781187,0.));
#2597 = ORIENTED_EDGE('',*,*,#1940,.F.);
#2598 = ORIENTED_EDGE('',*,*,#1901,.F.);
#2599 = FACE_BOUND('',#2600,.T.);
#2600 = EDGE_LOOP('',(#2601));
#2601 = ORIENTED_EDGE('',*,*,#2602,.T.);
#2602 = EDGE_CURVE('',#2603,#2603,#2605,.T.);
#2603 = VERTEX_POINT('',#2604);
#2604 = CARTESIAN_POINT('',(-0.428243103516,1.178243103516,1.2));
#2605 = CIRCLE('',#2606,5.E-02);
#2606 = AXIS2_PLACEMENT_3D('',#2607,#2608,#2609);
#2607 = CARTESIAN_POINT('',(-0.428243103516,1.228243103516,1.2));
#2608 = DIRECTION('',(0.,-0.,-1.));
#2609 = DIRECTION('',(1.110223024625E-16,-1.,0.));
#2610 = PLANE('',#2611);
#2611 = AXIS2_PLACEMENT_3D('',#2612,#2613,#2614);
#2612 = CARTESIAN_POINT('',(-0.559121551758,1.408243103516,1.2));
#2613 = DIRECTION('',(0.,0.,1.));
#2614 = DIRECTION('',(0.369013679242,-0.929423963825,0.));
#2615 = ADVANCED_FACE('',(#2616),#2626,.F.);
#2616 = FACE_BOUND('',#2617,.F.);
#2617 = EDGE_LOOP('',(#2618,#2619,#2620,#2621));
#2618 = ORIENTED_EDGE('',*,*,#1990,.T.);
#2619 = ORIENTED_EDGE('',*,*,#1834,.T.);
#2620 = ORIENTED_EDGE('',*,*,#2576,.F.);
#2621 = ORIENTED_EDGE('',*,*,#2622,.F.);
#2622 = EDGE_CURVE('',#1991,#2577,#2623,.T.);
#2623 = B_SPLINE_CURVE_WITH_KNOTS('',1,(#2624,#2625),.UNSPECIFIED.,.F.,
  .F.,(2,2),(0.,1.),.PIECEWISE_BEZIER_KNOTS.);
#2624 = CARTESIAN_POINT('',(-0.5925,-1.475,0.725));
#2625 = CARTESIAN_POINT('',(-0.559121551758,-1.408243103516,1.2));
#2626 = B_SPLINE_SURFACE_WITH_KNOTS('',1,1,(
    (#2627,#2628)
    ,(#2629,#2630
    )),.UNSPECIFIED.,.F.,.F.,.F.,(2,2),(2,2),(0.,0.116672618896),(0.,1.)
  ,.PIECEWISE_BEZIER_KNOTS.);
#2627 = CARTESIAN_POINT('',(-0.5925,-1.475,0.725));
#2628 = CARTESIAN_POINT('',(-0.559121551758,-1.408243103516,1.2));
#2629 = CARTESIAN_POINT('',(-0.675,-1.3925,0.725));
#2630 = CARTESIAN_POINT('',(-0.608243103516,-1.359121551758,1.2));
#2631 = ADVANCED_FACE('',(#2632),#2642,.F.);
#2632 = FACE_BOUND('',#2633,.F.);
#2633 = EDGE_LOOP('',(#2634,#2635,#2640,#2641));
#2634 = ORIENTED_EDGE('',*,*,#2006,.T.);
#2635 = ORIENTED_EDGE('',*,*,#2636,.T.);
#2636 = EDGE_CURVE('',#1999,#2585,#2637,.T.);
#2637 = B_SPLINE_CURVE_WITH_KNOTS('',1,(#2638,#2639),.UNSPECIFIED.,.F.,
  .F.,(2,2),(0.,1.),.PIECEWISE_BEZIER_KNOTS.);
#2638 = CARTESIAN_POINT('',(0.5925,-1.475,0.725));
#2639 = CARTESIAN_POINT('',(0.559121551758,-1.408243103516,1.2));
#2640 = ORIENTED_EDGE('',*,*,#2592,.F.);
#2641 = ORIENTED_EDGE('',*,*,#1933,.F.);
#2642 = B_SPLINE_SURFACE_WITH_KNOTS('',1,1,(
    (#2643,#2644)
    ,(#2645,#2646
    )),.UNSPECIFIED.,.F.,.F.,.F.,(2,2),(2,2),(0.,0.116672618896),(0.,1.)
  ,.PIECEWISE_BEZIER_KNOTS.);
#2643 = CARTESIAN_POINT('',(0.675,-1.3925,0.725));
#2644 = CARTESIAN_POINT('',(0.608243103516,-1.359121551758,1.2));
#2645 = CARTESIAN_POINT('',(0.5925,-1.475,0.725));
#2646 = CARTESIAN_POINT('',(0.559121551758,-1.408243103516,1.2));
#2647 = ADVANCED_FACE('',(#2648),#2659,.T.);
#2648 = FACE_BOUND('',#2649,.T.);
#2649 = EDGE_LOOP('',(#2650,#2651,#2652,#2653));
#2650 = ORIENTED_EDGE('',*,*,#2432,.T.);
#2651 = ORIENTED_EDGE('',*,*,#1956,.T.);
#2652 = ORIENTED_EDGE('',*,*,#2524,.F.);
#2653 = ORIENTED_EDGE('',*,*,#2654,.F.);
#2654 = EDGE_CURVE('',#2425,#2517,#2655,.T.);
#2655 = LINE('',#2656,#2657);
#2656 = CARTESIAN_POINT('',(0.946201938253,0.2,0.518412044417));
#2657 = VECTOR('',#2658,1.);
#2658 = DIRECTION('',(1.110223024625E-16,-1.,0.));
#2659 = CYLINDRICAL_SURFACE('',#2660,0.25);
#2660 = AXIS2_PLACEMENT_3D('',#2661,#2662,#2663);
#2661 = CARTESIAN_POINT('',(0.7,0.2,0.475));
#2662 = DIRECTION('',(-1.110223024625E-16,1.,0.));
#2663 = DIRECTION('',(0.984807753012,1.093356242223E-16,0.173648177667)
  );
#2664 = ADVANCED_FACE('',(#2665),#2671,.F.);
#2665 = FACE_BOUND('',#2666,.F.);
#2666 = EDGE_LOOP('',(#2667,#2668,#2669,#2670));
#2667 = ORIENTED_EDGE('',*,*,#1998,.T.);
#2668 = ORIENTED_EDGE('',*,*,#2622,.T.);
#2669 = ORIENTED_EDGE('',*,*,#2584,.F.);
#2670 = ORIENTED_EDGE('',*,*,#2636,.F.);
#2671 = B_SPLINE_SURFACE_WITH_KNOTS('',1,1,(
    (#2672,#2673)
    ,(#2674,#2675
    )),.UNSPECIFIED.,.F.,.F.,.F.,(2,2),(2,2),(0.,1.185),(0.,1.),
  .PIECEWISE_BEZIER_KNOTS.);
#2672 = CARTESIAN_POINT('',(0.5925,-1.475,0.725));
#2673 = CARTESIAN_POINT('',(0.559121551758,-1.408243103516,1.2));
#2674 = CARTESIAN_POINT('',(-0.5925,-1.475,0.725));
#2675 = CARTESIAN_POINT('',(-0.559121551758,-1.408243103516,1.2));
#2676 = ADVANCED_FACE('',(#2677),#2688,.T.);
#2677 = FACE_BOUND('',#2678,.T.);
#2678 = EDGE_LOOP('',(#2679,#2680,#2681,#2682));
#2679 = ORIENTED_EDGE('',*,*,#2081,.T.);
#2680 = ORIENTED_EDGE('',*,*,#2557,.T.);
#2681 = ORIENTED_EDGE('',*,*,#2173,.F.);
#2682 = ORIENTED_EDGE('',*,*,#2683,.F.);
#2683 = EDGE_CURVE('',#2074,#2166,#2684,.T.);
#2684 = LINE('',#2685,#2686);
#2685 = CARTESIAN_POINT('',(-0.946201938253,-1.15,0.518412044417));
#2686 = VECTOR('',#2687,1.);
#2687 = DIRECTION('',(1.144237745222E-17,1.,0.));
#2688 = CYLINDRICAL_SURFACE('',#2689,0.25);
#2689 = AXIS2_PLACEMENT_3D('',#2690,#2691,#2692);
#2690 = CARTESIAN_POINT('',(-0.7,-1.15,0.475));
#2691 = DIRECTION('',(-1.144237745222E-17,-1.,0.));
#2692 = DIRECTION('',(-0.984807753012,1.126854202784E-17,0.173648177667)
  );
#2693 = ADVANCED_FACE('',(#2694),#2705,.F.);
#2694 = FACE_BOUND('',#2695,.F.);
#2695 = EDGE_LOOP('',(#2696,#2702,#2703,#2704));
#2696 = ORIENTED_EDGE('',*,*,#2697,.T.);
#2697 = EDGE_CURVE('',#2065,#2157,#2698,.T.);
#2698 = LINE('',#2699,#2700);
#2699 = CARTESIAN_POINT('',(-0.991192795358,-1.15,0.232635182233));
#2700 = VECTOR('',#2701,1.);
#2701 = DIRECTION('',(1.144237745222E-17,1.,0.));
#2702 = ORIENTED_EDGE('',*,*,#2165,.T.);
#2703 = ORIENTED_EDGE('',*,*,#2683,.F.);
#2704 = ORIENTED_EDGE('',*,*,#2073,.F.);
#2705 = PLANE('',#2706);
#2706 = AXIS2_PLACEMENT_3D('',#2707,#2708,#2709);
#2707 = CARTESIAN_POINT('',(-0.991192795358,-1.15,0.232635182233));
#2708 = DIRECTION('',(0.987833053268,-1.130315865527E-17,-0.155518033909
    ));
#2709 = DIRECTION('',(0.155518033909,-1.779496044609E-18,0.987833053268)
  );
#2710 = ADVANCED_FACE('',(#2711),#2722,.F.);
#2711 = FACE_BOUND('',#2712,.F.);
#2712 = EDGE_LOOP('',(#2713,#2719,#2720,#2721));
#2713 = ORIENTED_EDGE('',*,*,#2714,.T.);
#2714 = EDGE_CURVE('',#2057,#2149,#2715,.T.);
#2715 = LINE('',#2716,#2717);
#2716 = CARTESIAN_POINT('',(-1.089673570659,-1.15,0.15));
#2717 = VECTOR('',#2718,1.);
#2718 = DIRECTION('',(1.144237745222E-17,1.,0.));
#2719 = ORIENTED_EDGE('',*,*,#2156,.T.);
#2720 = ORIENTED_EDGE('',*,*,#2697,.F.);
#2721 = ORIENTED_EDGE('',*,*,#2064,.F.);
#2722 = CYLINDRICAL_SURFACE('',#2723,0.1);
#2723 = AXIS2_PLACEMENT_3D('',#2724,#2725,#2726);
#2724 = CARTESIAN_POINT('',(-1.089673570659,-1.15,0.25));
#2725 = DIRECTION('',(-1.144237745222E-17,-1.,0.));
#2726 = DIRECTION('',(-2.22044604925E-15,2.540718180781E-32,-1.));
#2727 = ADVANCED_FACE('',(#2728),#2739,.F.);
#2728 = FACE_BOUND('',#2729,.F.);
#2729 = EDGE_LOOP('',(#2730,#2736,#2737,#2738));
#2730 = ORIENTED_EDGE('',*,*,#2731,.T.);
#2731 = EDGE_CURVE('',#2049,#2141,#2732,.T.);
#2732 = LINE('',#2733,#2734);
#2733 = CARTESIAN_POINT('',(-1.25,-1.15,0.15));
#2734 = VECTOR('',#2735,1.);
#2735 = DIRECTION('',(1.144237745222E-17,1.,0.));
#2736 = ORIENTED_EDGE('',*,*,#2148,.T.);
#2737 = ORIENTED_EDGE('',*,*,#2714,.F.);
#2738 = ORIENTED_EDGE('',*,*,#2056,.F.);
#2739 = PLANE('',#2740);
#2740 = AXIS2_PLACEMENT_3D('',#2741,#2742,#2743);
#2741 = CARTESIAN_POINT('',(-1.25,-1.15,0.15));
#2742 = DIRECTION('',(0.,0.,-1.));
#2743 = DIRECTION('',(1.,-1.144237745222E-17,0.));
#2744 = ADVANCED_FACE('',(#2745),#2756,.F.);
#2745 = FACE_BOUND('',#2746,.F.);
#2746 = EDGE_LOOP('',(#2747,#2753,#2754,#2755));
#2747 = ORIENTED_EDGE('',*,*,#2748,.T.);
#2748 = EDGE_CURVE('',#2041,#2133,#2749,.T.);
#2749 = LINE('',#2750,#2751);
#2750 = CARTESIAN_POINT('',(-1.25,-1.15,5.551115123126E-17));
#2751 = VECTOR('',#2752,1.);
#2752 = DIRECTION('',(1.144237745222E-17,1.,0.));
#2753 = ORIENTED_EDGE('',*,*,#2140,.T.);
#2754 = ORIENTED_EDGE('',*,*,#2731,.F.);
#2755 = ORIENTED_EDGE('',*,*,#2048,.F.);
#2756 = PLANE('',#2757);
#2757 = AXIS2_PLACEMENT_3D('',#2758,#2759,#2760);
#2758 = CARTESIAN_POINT('',(-1.25,-1.15,5.551115123126E-17));
#2759 = DIRECTION('',(1.,-1.144237745222E-17,0.));
#2760 = DIRECTION('',(0.,0.,1.));
#2761 = ADVANCED_FACE('',(#2762),#2773,.F.);
#2762 = FACE_BOUND('',#2763,.F.);
#2763 = EDGE_LOOP('',(#2764,#2770,#2771,#2772));
#2764 = ORIENTED_EDGE('',*,*,#2765,.T.);
#2765 = EDGE_CURVE('',#2032,#2124,#2766,.T.);
#2766 = LINE('',#2767,#2768);
#2767 = CARTESIAN_POINT('',(-1.089673570659,-1.15,5.551115123126E-17));
#2768 = VECTOR('',#2769,1.);
#2769 = DIRECTION('',(1.144237745222E-17,1.,0.));
#2770 = ORIENTED_EDGE('',*,*,#2132,.T.);
#2771 = ORIENTED_EDGE('',*,*,#2748,.F.);
#2772 = ORIENTED_EDGE('',*,*,#2040,.F.);
#2773 = PLANE('',#2774);
#2774 = AXIS2_PLACEMENT_3D('',#2775,#2776,#2777);
#2775 = CARTESIAN_POINT('',(-1.089673570659,-1.15,5.551115123126E-17));
#2776 = DIRECTION('',(0.,0.,1.));
#2777 = DIRECTION('',(-1.,1.144237745222E-17,0.));
#2778 = ADVANCED_FACE('',(#2779),#2785,.T.);
#2779 = FACE_BOUND('',#2780,.T.);
#2780 = EDGE_LOOP('',(#2781,#2782,#2783,#2784));
#2781 = ORIENTED_EDGE('',*,*,#2031,.T.);
#2782 = ORIENTED_EDGE('',*,*,#2765,.T.);
#2783 = ORIENTED_EDGE('',*,*,#2123,.F.);
#2784 = ORIENTED_EDGE('',*,*,#2105,.F.);
#2785 = CYLINDRICAL_SURFACE('',#2786,0.25);
#2786 = AXIS2_PLACEMENT_3D('',#2787,#2788,#2789);
#2787 = CARTESIAN_POINT('',(-1.089673570659,-1.15,0.25));
#2788 = DIRECTION('',(-1.144237745222E-17,-1.,0.));
#2789 = DIRECTION('',(0.984807753012,-1.126854202784E-17,-0.173648177667
    ));
#2790 = ADVANCED_FACE('',(#2791),#2802,.F.);
#2791 = FACE_BOUND('',#2792,.F.);
#2792 = EDGE_LOOP('',(#2793,#2799,#2800,#2801));
#2793 = ORIENTED_EDGE('',*,*,#2794,.T.);
#2794 = EDGE_CURVE('',#2249,#2341,#2795,.T.);
#2795 = LINE('',#2796,#2797);
#2796 = CARTESIAN_POINT('',(-0.991192795358,0.75,0.232635182233));
#2797 = VECTOR('',#2798,1.);
#2798 = DIRECTION('',(1.144237745222E-17,1.,0.));
#2799 = ORIENTED_EDGE('',*,*,#2349,.T.);
#2800 = ORIENTED_EDGE('',*,*,#2542,.F.);
#2801 = ORIENTED_EDGE('',*,*,#2257,.F.);
#2802 = PLANE('',#2803);
#2803 = AXIS2_PLACEMENT_3D('',#2804,#2805,#2806);
#2804 = CARTESIAN_POINT('',(-0.991192795358,0.75,0.232635182233));
#2805 = DIRECTION('',(0.987833053268,-1.130315865527E-17,-0.155518033909
    ));
#2806 = DIRECTION('',(0.155518033909,-1.779496044609E-18,0.987833053268)
  );
#2807 = ADVANCED_FACE('',(#2808),#2819,.F.);
#2808 = FACE_BOUND('',#2809,.F.);
#2809 = EDGE_LOOP('',(#2810,#2816,#2817,#2818));
#2810 = ORIENTED_EDGE('',*,*,#2811,.T.);
#2811 = EDGE_CURVE('',#2241,#2333,#2812,.T.);
#2812 = LINE('',#2813,#2814);
#2813 = CARTESIAN_POINT('',(-1.089673570659,0.75,0.15));
#2814 = VECTOR('',#2815,1.);
#2815 = DIRECTION('',(1.144237745222E-17,1.,0.));
#2816 = ORIENTED_EDGE('',*,*,#2340,.T.);
#2817 = ORIENTED_EDGE('',*,*,#2794,.F.);
#2818 = ORIENTED_EDGE('',*,*,#2248,.F.);
#2819 = CYLINDRICAL_SURFACE('',#2820,0.1);
#2820 = AXIS2_PLACEMENT_3D('',#2821,#2822,#2823);
#2821 = CARTESIAN_POINT('',(-1.089673570659,0.75,0.25));
#2822 = DIRECTION('',(-1.144237745222E-17,-1.,0.));
#2823 = DIRECTION('',(-2.22044604925E-15,2.540718180781E-32,-1.));
#2824 = ADVANCED_FACE('',(#2825),#2836,.F.);
#2825 = FACE_BOUND('',#2826,.F.);
#2826 = EDGE_LOOP('',(#2827,#2833,#2834,#2835));
#2827 = ORIENTED_EDGE('',*,*,#2828,.T.);
#2828 = EDGE_CURVE('',#2233,#2325,#2829,.T.);
#2829 = LINE('',#2830,#2831);
#2830 = CARTESIAN_POINT('',(-1.25,0.75,0.15));
#2831 = VECTOR('',#2832,1.);
#2832 = DIRECTION('',(1.144237745222E-17,1.,0.));
#2833 = ORIENTED_EDGE('',*,*,#2332,.T.);
#2834 = ORIENTED_EDGE('',*,*,#2811,.F.);
#2835 = ORIENTED_EDGE('',*,*,#2240,.F.);
#2836 = PLANE('',#2837);
#2837 = AXIS2_PLACEMENT_3D('',#2838,#2839,#2840);
#2838 = CARTESIAN_POINT('',(-1.25,0.75,0.15));
#2839 = DIRECTION('',(0.,0.,-1.));
#2840 = DIRECTION('',(1.,-1.144237745222E-17,0.));
#2841 = ADVANCED_FACE('',(#2842),#2853,.F.);
#2842 = FACE_BOUND('',#2843,.F.);
#2843 = EDGE_LOOP('',(#2844,#2850,#2851,#2852));
#2844 = ORIENTED_EDGE('',*,*,#2845,.T.);
#2845 = EDGE_CURVE('',#2225,#2317,#2846,.T.);
#2846 = LINE('',#2847,#2848);
#2847 = CARTESIAN_POINT('',(-1.25,0.75,5.551115123126E-17));
#2848 = VECTOR('',#2849,1.);
#2849 = DIRECTION('',(1.144237745222E-17,1.,0.));
#2850 = ORIENTED_EDGE('',*,*,#2324,.T.);
#2851 = ORIENTED_EDGE('',*,*,#2828,.F.);
#2852 = ORIENTED_EDGE('',*,*,#2232,.F.);
#2853 = PLANE('',#2854);
#2854 = AXIS2_PLACEMENT_3D('',#2855,#2856,#2857);
#2855 = CARTESIAN_POINT('',(-1.25,0.75,5.551115123126E-17));
#2856 = DIRECTION('',(1.,-1.144237745222E-17,0.));
#2857 = DIRECTION('',(0.,0.,1.));
#2858 = ADVANCED_FACE('',(#2859),#2870,.F.);
#2859 = FACE_BOUND('',#2860,.F.);
#2860 = EDGE_LOOP('',(#2861,#2867,#2868,#2869));
#2861 = ORIENTED_EDGE('',*,*,#2862,.T.);
#2862 = EDGE_CURVE('',#2216,#2308,#2863,.T.);
#2863 = LINE('',#2864,#2865);
#2864 = CARTESIAN_POINT('',(-1.089673570659,0.75,5.551115123126E-17));
#2865 = VECTOR('',#2866,1.);
#2866 = DIRECTION('',(1.144237745222E-17,1.,0.));
#2867 = ORIENTED_EDGE('',*,*,#2316,.T.);
#2868 = ORIENTED_EDGE('',*,*,#2845,.F.);
#2869 = ORIENTED_EDGE('',*,*,#2224,.F.);
#2870 = PLANE('',#2871);
#2871 = AXIS2_PLACEMENT_3D('',#2872,#2873,#2874);
#2872 = CARTESIAN_POINT('',(-1.089673570659,0.75,5.551115123126E-17));
#2873 = DIRECTION('',(0.,0.,1.));
#2874 = DIRECTION('',(-1.,1.144237745222E-17,0.));
#2875 = ADVANCED_FACE('',(#2876),#2882,.T.);
#2876 = FACE_BOUND('',#2877,.T.);
#2877 = EDGE_LOOP('',(#2878,#2879,#2880,#2881));
#2878 = ORIENTED_EDGE('',*,*,#2215,.T.);
#2879 = ORIENTED_EDGE('',*,*,#2862,.T.);
#2880 = ORIENTED_EDGE('',*,*,#2307,.F.);
#2881 = ORIENTED_EDGE('',*,*,#2289,.F.);
#2882 = CYLINDRICAL_SURFACE('',#2883,0.25);
#2883 = AXIS2_PLACEMENT_3D('',#2884,#2885,#2886);
#2884 = CARTESIAN_POINT('',(-1.089673570659,0.75,0.25));
#2885 = DIRECTION('',(-1.144237745222E-17,-1.,0.));
#2886 = DIRECTION('',(0.984807753012,-1.126854202784E-17,-0.173648177667
    ));
#2887 = ADVANCED_FACE('',(#2888),#2899,.F.);
#2888 = FACE_BOUND('',#2889,.F.);
#2889 = EDGE_LOOP('',(#2890,#2896,#2897,#2898));
#2890 = ORIENTED_EDGE('',*,*,#2891,.T.);
#2891 = EDGE_CURVE('',#2416,#2508,#2892,.T.);
#2892 = LINE('',#2893,#2894);
#2893 = CARTESIAN_POINT('',(0.991192795358,0.2,0.232635182233));
#2894 = VECTOR('',#2895,1.);
#2895 = DIRECTION('',(1.110223024625E-16,-1.,0.));
#2896 = ORIENTED_EDGE('',*,*,#2516,.T.);
#2897 = ORIENTED_EDGE('',*,*,#2654,.F.);
#2898 = ORIENTED_EDGE('',*,*,#2424,.F.);
#2899 = PLANE('',#2900);
#2900 = AXIS2_PLACEMENT_3D('',#2901,#2902,#2903);
#2901 = CARTESIAN_POINT('',(0.991192795358,0.2,0.232635182233));
#2902 = DIRECTION('',(-0.987833053268,-1.096715000224E-16,
    -0.155518033909));
#2903 = DIRECTION('',(-0.155518033909,-1.726597019897E-17,0.987833053268
    ));
#2904 = ADVANCED_FACE('',(#2905),#2916,.F.);
#2905 = FACE_BOUND('',#2906,.F.);
#2906 = EDGE_LOOP('',(#2907,#2913,#2914,#2915));
#2907 = ORIENTED_EDGE('',*,*,#2908,.T.);
#2908 = EDGE_CURVE('',#2408,#2500,#2909,.T.);
#2909 = LINE('',#2910,#2911);
#2910 = CARTESIAN_POINT('',(1.089673570659,0.2,0.15));
#2911 = VECTOR('',#2912,1.);
#2912 = DIRECTION('',(1.110223024625E-16,-1.,0.));
#2913 = ORIENTED_EDGE('',*,*,#2507,.T.);
#2914 = ORIENTED_EDGE('',*,*,#2891,.F.);
#2915 = ORIENTED_EDGE('',*,*,#2415,.F.);
#2916 = CYLINDRICAL_SURFACE('',#2917,0.1);
#2917 = AXIS2_PLACEMENT_3D('',#2918,#2919,#2920);
#2918 = CARTESIAN_POINT('',(1.089673570659,0.2,0.25));
#2919 = DIRECTION('',(-1.110223024625E-16,1.,0.));
#2920 = DIRECTION('',(2.22044604925E-15,2.465190328815E-31,-1.));
#2921 = ADVANCED_FACE('',(#2922),#2933,.F.);
#2922 = FACE_BOUND('',#2923,.F.);
#2923 = EDGE_LOOP('',(#2924,#2930,#2931,#2932));
#2924 = ORIENTED_EDGE('',*,*,#2925,.T.);
#2925 = EDGE_CURVE('',#2400,#2492,#2926,.T.);
#2926 = LINE('',#2927,#2928);
#2927 = CARTESIAN_POINT('',(1.25,0.2,0.15));
#2928 = VECTOR('',#2929,1.);
#2929 = DIRECTION('',(1.110223024625E-16,-1.,0.));
#2930 = ORIENTED_EDGE('',*,*,#2499,.T.);
#2931 = ORIENTED_EDGE('',*,*,#2908,.F.);
#2932 = ORIENTED_EDGE('',*,*,#2407,.F.);
#2933 = PLANE('',#2934);
#2934 = AXIS2_PLACEMENT_3D('',#2935,#2936,#2937);
#2935 = CARTESIAN_POINT('',(1.25,0.2,0.15));
#2936 = DIRECTION('',(0.,0.,-1.));
#2937 = DIRECTION('',(-1.,-1.110223024625E-16,-0.));
#2938 = ADVANCED_FACE('',(#2939),#2950,.F.);
#2939 = FACE_BOUND('',#2940,.F.);
#2940 = EDGE_LOOP('',(#2941,#2947,#2948,#2949));
#2941 = ORIENTED_EDGE('',*,*,#2942,.T.);
#2942 = EDGE_CURVE('',#2392,#2484,#2943,.T.);
#2943 = LINE('',#2944,#2945);
#2944 = CARTESIAN_POINT('',(1.25,0.2,5.551115123126E-17));
#2945 = VECTOR('',#2946,1.);
#2946 = DIRECTION('',(1.110223024625E-16,-1.,0.));
#2947 = ORIENTED_EDGE('',*,*,#2491,.T.);
#2948 = ORIENTED_EDGE('',*,*,#2925,.F.);
#2949 = ORIENTED_EDGE('',*,*,#2399,.F.);
#2950 = PLANE('',#2951);
#2951 = AXIS2_PLACEMENT_3D('',#2952,#2953,#2954);
#2952 = CARTESIAN_POINT('',(1.25,0.2,5.551115123126E-17));
#2953 = DIRECTION('',(-1.,-1.110223024625E-16,0.));
#2954 = DIRECTION('',(0.,0.,1.));
#2955 = ADVANCED_FACE('',(#2956),#2967,.F.);
#2956 = FACE_BOUND('',#2957,.F.);
#2957 = EDGE_LOOP('',(#2958,#2964,#2965,#2966));
#2958 = ORIENTED_EDGE('',*,*,#2959,.T.);
#2959 = EDGE_CURVE('',#2383,#2475,#2960,.T.);
#2960 = LINE('',#2961,#2962);
#2961 = CARTESIAN_POINT('',(1.089673570659,0.2,5.551115123126E-17));
#2962 = VECTOR('',#2963,1.);
#2963 = DIRECTION('',(1.110223024625E-16,-1.,0.));
#2964 = ORIENTED_EDGE('',*,*,#2483,.T.);
#2965 = ORIENTED_EDGE('',*,*,#2942,.F.);
#2966 = ORIENTED_EDGE('',*,*,#2391,.F.);
#2967 = PLANE('',#2968);
#2968 = AXIS2_PLACEMENT_3D('',#2969,#2970,#2971);
#2969 = CARTESIAN_POINT('',(1.089673570659,0.2,5.551115123126E-17));
#2970 = DIRECTION('',(0.,0.,1.));
#2971 = DIRECTION('',(1.,1.110223024625E-16,-0.));
#2972 = ADVANCED_FACE('',(#2973),#2979,.T.);
#2973 = FACE_BOUND('',#2974,.T.);
#2974 = EDGE_LOOP('',(#2975,#2976,#2977,#2978));
#2975 = ORIENTED_EDGE('',*,*,#2382,.T.);
#2976 = ORIENTED_EDGE('',*,*,#2959,.T.);
#2977 = ORIENTED_EDGE('',*,*,#2474,.F.);
#2978 = ORIENTED_EDGE('',*,*,#2456,.F.);
#2979 = CYLINDRICAL_SURFACE('',#2980,0.25);
#2980 = AXIS2_PLACEMENT_3D('',#2981,#2982,#2983);
#2981 = CARTESIAN_POINT('',(1.089673570659,0.2,0.25));
#2982 = DIRECTION('',(-1.110223024625E-16,1.,0.));
#2983 = DIRECTION('',(-0.984807753012,-1.093356242223E-16,
    -0.173648177667));
#2984 = ADVANCED_FACE('',(#2985),#2988,.F.);
#2985 = FACE_BOUND('',#2986,.T.);
#2986 = EDGE_LOOP('',(#2987));
#2987 = ORIENTED_EDGE('',*,*,#2602,.F.);
#2988 = PLANE('',#2989);
#2989 = AXIS2_PLACEMENT_3D('',#2990,#2991,#2992);
#2990 = CARTESIAN_POINT('',(-0.428243103516,1.228243103516,1.2));
#2991 = DIRECTION('',(0.,0.,-1.));
#2992 = DIRECTION('',(1.110223024625E-16,-1.,0.));
#2993 = ( GEOMETRIC_REPRESENTATION_CONTEXT(3) 
GLOBAL_UNCERTAINTY_ASSIGNED_CONTEXT((#2997)) 
GLOBAL_UNIT_ASSIGNED_CONTEXT((#2994,#2995,#2996)) REPRESENTATION_CONTEXT
('Context #1','3D Context with UNIT and UNCERTAINTY') );
#2994 = ( LENGTH_UNIT() NAMED_UNIT(*) SI_UNIT(.MILLI.,.METRE.) );
#2995 = ( NAMED_UNIT(*) PLANE_ANGLE_UNIT() SI_UNIT($,.RADIAN.) );
#2996 = ( NAMED_UNIT(*) SI_UNIT($,.STERADIAN.) SOLID_ANGLE_UNIT() );
#2997 = UNCERTAINTY_MEASURE_WITH_UNIT(LENGTH_MEASURE(1.E-07),#2994,
  'distance_accuracy_value','confusion accuracy');
#2998 = SHAPE_DEFINITION_REPRESENTATION(#2999,#1010);
#2999 = PRODUCT_DEFINITION_SHAPE('','',#3000);
#3000 = PRODUCT_DEFINITION('design','',#3001,#3004);
#3001 = PRODUCT_DEFINITION_FORMATION('','',#3002);
#3002 = PRODUCT('SOT-23','SOT-23','',(#3003));
#3003 = PRODUCT_CONTEXT('',#2,'mechanical');
#3004 = PRODUCT_DEFINITION_CONTEXT('part definition',#2,'design');
#3005 = CONTEXT_DEPENDENT_SHAPE_REPRESENTATION(#3006,#3008);
#3006 = ( REPRESENTATION_RELATIONSHIP('','',#1010,#10) 
REPRESENTATION_RELATIONSHIP_WITH_TRANSFORMATION(#3007) 
SHAPE_REPRESENTATION_RELATIONSHIP() );
#3007 = ITEM_DEFINED_TRANSFORMATION('','',#11,#19);
#3008 = PRODUCT_DEFINITION_SHAPE('Placement','Placement of an item',
  #3009);
#3009 = NEXT_ASSEMBLY_USAGE_OCCURRENCE('2','','',#5,#3000,$);
#3010 = PRODUCT_RELATED_PRODUCT_CATEGORY('part',$,(#3002));
#3011 = ADVANCED_BREP_SHAPE_REPRESENTATION('',(#11,#3012),#3802);
#3012 = MANIFOLD_SOLID_BREP('',#3013);
#3013 = CLOSED_SHELL('',(#3014,#3054,#3137,#3162,#3187,#3254,#3271,#3288
    ,#3337,#3354,#3371,#3420,#3437,#3506,#3537,#3561,#3630,#3654,#3671,
    #3688,#3705,#3722,#3739,#3756,#3773,#3790));
#3014 = ADVANCED_FACE('',(#3015),#3049,.F.);
#3015 = FACE_BOUND('',#3016,.F.);
#3016 = EDGE_LOOP('',(#3017,#3027,#3035,#3043));
#3017 = ORIENTED_EDGE('',*,*,#3018,.F.);
#3018 = EDGE_CURVE('',#3019,#3021,#3023,.T.);
#3019 = VERTEX_POINT('',#3020);
#3020 = CARTESIAN_POINT('',(-0.8,-0.4,4.5E-02));
#3021 = VERTEX_POINT('',#3022);
#3022 = CARTESIAN_POINT('',(-0.8,-0.4,0.405));
#3023 = LINE('',#3024,#3025);
#3024 = CARTESIAN_POINT('',(-0.8,-0.4,0.));
#3025 = VECTOR('',#3026,1.);
#3026 = DIRECTION('',(0.,0.,1.));
#3027 = ORIENTED_EDGE('',*,*,#3028,.T.);
#3028 = EDGE_CURVE('',#3019,#3029,#3031,.T.);
#3029 = VERTEX_POINT('',#3030);
#3030 = CARTESIAN_POINT('',(-0.8,0.4,4.5E-02));
#3031 = LINE('',#3032,#3033);
#3032 = CARTESIAN_POINT('',(-0.8,-0.4,4.5E-02));
#3033 = VECTOR('',#3034,1.);
#3034 = DIRECTION('',(0.,1.,0.));
#3035 = ORIENTED_EDGE('',*,*,#3036,.T.);
#3036 = EDGE_CURVE('',#3029,#3037,#3039,.T.);
#3037 = VERTEX_POINT('',#3038);
#3038 = CARTESIAN_POINT('',(-0.8,0.4,0.405));
#3039 = LINE('',#3040,#3041);
#3040 = CARTESIAN_POINT('',(-0.8,0.4,0.));
#3041 = VECTOR('',#3042,1.);
#3042 = DIRECTION('',(0.,0.,1.));
#3043 = ORIENTED_EDGE('',*,*,#3044,.F.);
#3044 = EDGE_CURVE('',#3021,#3037,#3045,.T.);
#3045 = LINE('',#3046,#3047);
#3046 = CARTESIAN_POINT('',(-0.8,-0.4,0.405));
#3047 = VECTOR('',#3048,1.);
#3048 = DIRECTION('',(0.,1.,0.));
#3049 = PLANE('',#3050);
#3050 = AXIS2_PLACEMENT_3D('',#3051,#3052,#3053);
#3051 = CARTESIAN_POINT('',(-0.8,-0.4,0.));
#3052 = DIRECTION('',(1.,0.,0.));
#3053 = DIRECTION('',(0.,0.,1.));
#3054 = ADVANCED_FACE('',(#3055),#3132,.F.);
#3055 = FACE_BOUND('',#3056,.F.);
#3056 = EDGE_LOOP('',(#3057,#3067,#3074,#3075,#3084,#3092,#3101,#3109,
    #3117,#3125));
#3057 = ORIENTED_EDGE('',*,*,#3058,.F.);
#3058 = EDGE_CURVE('',#3059,#3061,#3063,.T.);
#3059 = VERTEX_POINT('',#3060);
#3060 = CARTESIAN_POINT('',(-0.755,-0.4,-2.775557561563E-17));
#3061 = VERTEX_POINT('',#3062);
#3062 = CARTESIAN_POINT('',(-0.545,-0.4,-2.775557561563E-17));
#3063 = LINE('',#3064,#3065);
#3064 = CARTESIAN_POINT('',(-0.8,-0.4,0.));
#3065 = VECTOR('',#3066,1.);
#3066 = DIRECTION('',(1.,0.,0.));
#3067 = ORIENTED_EDGE('',*,*,#3068,.F.);
#3068 = EDGE_CURVE('',#3019,#3059,#3069,.T.);
#3069 = CIRCLE('',#3070,4.5E-02);
#3070 = AXIS2_PLACEMENT_3D('',#3071,#3072,#3073);
#3071 = CARTESIAN_POINT('',(-0.755,-0.4,4.5E-02));
#3072 = DIRECTION('',(0.,-1.,0.));
#3073 = DIRECTION('',(0.,0.,1.));
#3074 = ORIENTED_EDGE('',*,*,#3018,.T.);
#3075 = ORIENTED_EDGE('',*,*,#3076,.T.);
#3076 = EDGE_CURVE('',#3021,#3077,#3079,.T.);
#3077 = VERTEX_POINT('',#3078);
#3078 = CARTESIAN_POINT('',(-0.755,-0.4,0.45));
#3079 = CIRCLE('',#3080,4.5E-02);
#3080 = AXIS2_PLACEMENT_3D('',#3081,#3082,#3083);
#3081 = CARTESIAN_POINT('',(-0.755,-0.4,0.405));
#3082 = DIRECTION('',(0.,1.,0.));
#3083 = DIRECTION('',(0.,-0.,1.));
#3084 = ORIENTED_EDGE('',*,*,#3085,.T.);
#3085 = EDGE_CURVE('',#3077,#3086,#3088,.T.);
#3086 = VERTEX_POINT('',#3087);
#3087 = CARTESIAN_POINT('',(-0.545,-0.4,0.45));
#3088 = LINE('',#3089,#3090);
#3089 = CARTESIAN_POINT('',(-0.8,-0.4,0.45));
#3090 = VECTOR('',#3091,1.);
#3091 = DIRECTION('',(1.,0.,0.));
#3092 = ORIENTED_EDGE('',*,*,#3093,.F.);
#3093 = EDGE_CURVE('',#3094,#3086,#3096,.T.);
#3094 = VERTEX_POINT('',#3095);
#3095 = CARTESIAN_POINT('',(-0.5,-0.4,0.405));
#3096 = CIRCLE('',#3097,4.5E-02);
#3097 = AXIS2_PLACEMENT_3D('',#3098,#3099,#3100);
#3098 = CARTESIAN_POINT('',(-0.545,-0.4,0.405));
#3099 = DIRECTION('',(0.,-1.,0.));
#3100 = DIRECTION('',(0.,0.,1.));
#3101 = ORIENTED_EDGE('',*,*,#3102,.F.);
#3102 = EDGE_CURVE('',#3103,#3094,#3105,.T.);
#3103 = VERTEX_POINT('',#3104);
#3104 = CARTESIAN_POINT('',(-0.755,-0.4,0.405));
#3105 = LINE('',#3106,#3107);
#3106 = CARTESIAN_POINT('',(-0.755,-0.4,0.405));
#3107 = VECTOR('',#3108,1.);
#3108 = DIRECTION('',(1.,0.,0.));
#3109 = ORIENTED_EDGE('',*,*,#3110,.F.);
#3110 = EDGE_CURVE('',#3111,#3103,#3113,.T.);
#3111 = VERTEX_POINT('',#3112);
#3112 = CARTESIAN_POINT('',(-0.755,-0.4,4.5E-02));
#3113 = LINE('',#3114,#3115);
#3114 = CARTESIAN_POINT('',(-0.755,-0.4,4.5E-02));
#3115 = VECTOR('',#3116,1.);
#3116 = DIRECTION('',(0.,0.,1.));
#3117 = ORIENTED_EDGE('',*,*,#3118,.T.);
#3118 = EDGE_CURVE('',#3111,#3119,#3121,.T.);
#3119 = VERTEX_POINT('',#3120);
#3120 = CARTESIAN_POINT('',(-0.5,-0.4,4.5E-02));
#3121 = LINE('',#3122,#3123);
#3122 = CARTESIAN_POINT('',(-0.755,-0.4,4.5E-02));
#3123 = VECTOR('',#3124,1.);
#3124 = DIRECTION('',(1.,0.,0.));
#3125 = ORIENTED_EDGE('',*,*,#3126,.T.);
#3126 = EDGE_CURVE('',#3119,#3061,#3127,.T.);
#3127 = CIRCLE('',#3128,4.5E-02);
#3128 = AXIS2_PLACEMENT_3D('',#3129,#3130,#3131);
#3129 = CARTESIAN_POINT('',(-0.545,-0.4,4.5E-02));
#3130 = DIRECTION('',(0.,1.,0.));
#3131 = DIRECTION('',(0.,-0.,1.));
#3132 = PLANE('',#3133);
#3133 = AXIS2_PLACEMENT_3D('',#3134,#3135,#3136);
#3134 = CARTESIAN_POINT('',(-0.8,-0.4,0.));
#3135 = DIRECTION('',(0.,1.,0.));
#3136 = DIRECTION('',(0.,-0.,1.));
#3137 = ADVANCED_FACE('',(#3138),#3157,.T.);
#3138 = FACE_BOUND('',#3139,.T.);
#3139 = EDGE_LOOP('',(#3140,#3141,#3150,#3156));
#3140 = ORIENTED_EDGE('',*,*,#3028,.T.);
#3141 = ORIENTED_EDGE('',*,*,#3142,.T.);
#3142 = EDGE_CURVE('',#3029,#3143,#3145,.T.);
#3143 = VERTEX_POINT('',#3144);
#3144 = CARTESIAN_POINT('',(-0.755,0.4,-2.775557561563E-17));
#3145 = CIRCLE('',#3146,4.5E-02);
#3146 = AXIS2_PLACEMENT_3D('',#3147,#3148,#3149);
#3147 = CARTESIAN_POINT('',(-0.755,0.4,4.5E-02));
#3148 = DIRECTION('',(0.,-1.,0.));
#3149 = DIRECTION('',(0.,0.,1.));
#3150 = ORIENTED_EDGE('',*,*,#3151,.F.);
#3151 = EDGE_CURVE('',#3059,#3143,#3152,.T.);
#3152 = LINE('',#3153,#3154);
#3153 = CARTESIAN_POINT('',(-0.755,-0.4,-2.775557561563E-17));
#3154 = VECTOR('',#3155,1.);
#3155 = DIRECTION('',(0.,1.,0.));
#3156 = ORIENTED_EDGE('',*,*,#3068,.F.);
#3157 = CYLINDRICAL_SURFACE('',#3158,4.5E-02);
#3158 = AXIS2_PLACEMENT_3D('',#3159,#3160,#3161);
#3159 = CARTESIAN_POINT('',(-0.755,-0.4,4.5E-02));
#3160 = DIRECTION('',(0.,1.,0.));
#3161 = DIRECTION('',(-1.,0.,0.));
#3162 = ADVANCED_FACE('',(#3163),#3182,.T.);
#3163 = FACE_BOUND('',#3164,.T.);
#3164 = EDGE_LOOP('',(#3165,#3166,#3174,#3181));
#3165 = ORIENTED_EDGE('',*,*,#3076,.T.);
#3166 = ORIENTED_EDGE('',*,*,#3167,.T.);
#3167 = EDGE_CURVE('',#3077,#3168,#3170,.T.);
#3168 = VERTEX_POINT('',#3169);
#3169 = CARTESIAN_POINT('',(-0.755,0.4,0.45));
#3170 = LINE('',#3171,#3172);
#3171 = CARTESIAN_POINT('',(-0.755,-0.4,0.45));
#3172 = VECTOR('',#3173,1.);
#3173 = DIRECTION('',(0.,1.,0.));
#3174 = ORIENTED_EDGE('',*,*,#3175,.F.);
#3175 = EDGE_CURVE('',#3037,#3168,#3176,.T.);
#3176 = CIRCLE('',#3177,4.5E-02);
#3177 = AXIS2_PLACEMENT_3D('',#3178,#3179,#3180);
#3178 = CARTESIAN_POINT('',(-0.755,0.4,0.405));
#3179 = DIRECTION('',(0.,1.,0.));
#3180 = DIRECTION('',(0.,-0.,1.));
#3181 = ORIENTED_EDGE('',*,*,#3044,.F.);
#3182 = CYLINDRICAL_SURFACE('',#3183,4.5E-02);
#3183 = AXIS2_PLACEMENT_3D('',#3184,#3185,#3186);
#3184 = CARTESIAN_POINT('',(-0.755,-0.4,0.405));
#3185 = DIRECTION('',(0.,1.,0.));
#3186 = DIRECTION('',(-1.,0.,0.));
#3187 = ADVANCED_FACE('',(#3188),#3249,.T.);
#3188 = FACE_BOUND('',#3189,.T.);
#3189 = EDGE_LOOP('',(#3190,#3198,#3199,#3200,#3201,#3209,#3218,#3226,
    #3234,#3242));
#3190 = ORIENTED_EDGE('',*,*,#3191,.F.);
#3191 = EDGE_CURVE('',#3143,#3192,#3194,.T.);
#3192 = VERTEX_POINT('',#3193);
#3193 = CARTESIAN_POINT('',(-0.545,0.4,-2.775557561563E-17));
#3194 = LINE('',#3195,#3196);
#3195 = CARTESIAN_POINT('',(-0.8,0.4,0.));
#3196 = VECTOR('',#3197,1.);
#3197 = DIRECTION('',(1.,0.,0.));
#3198 = ORIENTED_EDGE('',*,*,#3142,.F.);
#3199 = ORIENTED_EDGE('',*,*,#3036,.T.);
#3200 = ORIENTED_EDGE('',*,*,#3175,.T.);
#3201 = ORIENTED_EDGE('',*,*,#3202,.T.);
#3202 = EDGE_CURVE('',#3168,#3203,#3205,.T.);
#3203 = VERTEX_POINT('',#3204);
#3204 = CARTESIAN_POINT('',(-0.545,0.4,0.45));
#3205 = LINE('',#3206,#3207);
#3206 = CARTESIAN_POINT('',(-0.8,0.4,0.45));
#3207 = VECTOR('',#3208,1.);
#3208 = DIRECTION('',(1.,0.,0.));
#3209 = ORIENTED_EDGE('',*,*,#3210,.F.);
#3210 = EDGE_CURVE('',#3211,#3203,#3213,.T.);
#3211 = VERTEX_POINT('',#3212);
#3212 = CARTESIAN_POINT('',(-0.5,0.4,0.405));
#3213 = CIRCLE('',#3214,4.5E-02);
#3214 = AXIS2_PLACEMENT_3D('',#3215,#3216,#3217);
#3215 = CARTESIAN_POINT('',(-0.545,0.4,0.405));
#3216 = DIRECTION('',(0.,-1.,0.));
#3217 = DIRECTION('',(0.,0.,1.));
#3218 = ORIENTED_EDGE('',*,*,#3219,.F.);
#3219 = EDGE_CURVE('',#3220,#3211,#3222,.T.);
#3220 = VERTEX_POINT('',#3221);
#3221 = CARTESIAN_POINT('',(-0.755,0.4,0.405));
#3222 = LINE('',#3223,#3224);
#3223 = CARTESIAN_POINT('',(-0.755,0.4,0.405));
#3224 = VECTOR('',#3225,1.);
#3225 = DIRECTION('',(1.,0.,0.));
#3226 = ORIENTED_EDGE('',*,*,#3227,.F.);
#3227 = EDGE_CURVE('',#3228,#3220,#3230,.T.);
#3228 = VERTEX_POINT('',#3229);
#3229 = CARTESIAN_POINT('',(-0.755,0.4,4.5E-02));
#3230 = LINE('',#3231,#3232);
#3231 = CARTESIAN_POINT('',(-0.755,0.4,4.5E-02));
#3232 = VECTOR('',#3233,1.);
#3233 = DIRECTION('',(0.,0.,1.));
#3234 = ORIENTED_EDGE('',*,*,#3235,.T.);
#3235 = EDGE_CURVE('',#3228,#3236,#3238,.T.);
#3236 = VERTEX_POINT('',#3237);
#3237 = CARTESIAN_POINT('',(-0.5,0.4,4.5E-02));
#3238 = LINE('',#3239,#3240);
#3239 = CARTESIAN_POINT('',(-0.755,0.4,4.5E-02));
#3240 = VECTOR('',#3241,1.);
#3241 = DIRECTION('',(1.,0.,0.));
#3242 = ORIENTED_EDGE('',*,*,#3243,.T.);
#3243 = EDGE_CURVE('',#3236,#3192,#3244,.T.);
#3244 = CIRCLE('',#3245,4.5E-02);
#3245 = AXIS2_PLACEMENT_3D('',#3246,#3247,#3248);
#3246 = CARTESIAN_POINT('',(-0.545,0.4,4.5E-02));
#3247 = DIRECTION('',(0.,1.,0.));
#3248 = DIRECTION('',(0.,-0.,1.));
#3249 = PLANE('',#3250);
#3250 = AXIS2_PLACEMENT_3D('',#3251,#3252,#3253);
#3251 = CARTESIAN_POINT('',(-0.8,0.4,0.));
#3252 = DIRECTION('',(0.,1.,0.));
#3253 = DIRECTION('',(0.,-0.,1.));
#3254 = ADVANCED_FACE('',(#3255),#3266,.F.);
#3255 = FACE_BOUND('',#3256,.F.);
#3256 = EDGE_LOOP('',(#3257,#3258,#3259,#3260));
#3257 = ORIENTED_EDGE('',*,*,#3191,.F.);
#3258 = ORIENTED_EDGE('',*,*,#3151,.F.);
#3259 = ORIENTED_EDGE('',*,*,#3058,.T.);
#3260 = ORIENTED_EDGE('',*,*,#3261,.T.);
#3261 = EDGE_CURVE('',#3061,#3192,#3262,.T.);
#3262 = LINE('',#3263,#3264);
#3263 = CARTESIAN_POINT('',(-0.545,-0.4,-2.775557561563E-17));
#3264 = VECTOR('',#3265,1.);
#3265 = DIRECTION('',(0.,1.,0.));
#3266 = PLANE('',#3267);
#3267 = AXIS2_PLACEMENT_3D('',#3268,#3269,#3270);
#3268 = CARTESIAN_POINT('',(-0.8,-0.4,0.));
#3269 = DIRECTION('',(0.,0.,1.));
#3270 = DIRECTION('',(1.,0.,-0.));
#3271 = ADVANCED_FACE('',(#3272),#3283,.T.);
#3272 = FACE_BOUND('',#3273,.T.);
#3273 = EDGE_LOOP('',(#3274,#3275,#3276,#3277));
#3274 = ORIENTED_EDGE('',*,*,#3126,.T.);
#3275 = ORIENTED_EDGE('',*,*,#3261,.T.);
#3276 = ORIENTED_EDGE('',*,*,#3243,.F.);
#3277 = ORIENTED_EDGE('',*,*,#3278,.F.);
#3278 = EDGE_CURVE('',#3119,#3236,#3279,.T.);
#3279 = LINE('',#3280,#3281);
#3280 = CARTESIAN_POINT('',(-0.5,-0.4,4.5E-02));
#3281 = VECTOR('',#3282,1.);
#3282 = DIRECTION('',(0.,1.,0.));
#3283 = CYLINDRICAL_SURFACE('',#3284,4.5E-02);
#3284 = AXIS2_PLACEMENT_3D('',#3285,#3286,#3287);
#3285 = CARTESIAN_POINT('',(-0.545,-0.4,4.5E-02));
#3286 = DIRECTION('',(0.,1.,0.));
#3287 = DIRECTION('',(1.,0.,0.));
#3288 = ADVANCED_FACE('',(#3289),#3332,.F.);
#3289 = FACE_BOUND('',#3290,.F.);
#3290 = EDGE_LOOP('',(#3291,#3292,#3293,#3294,#3302,#3310,#3318,#3326));
#3291 = ORIENTED_EDGE('',*,*,#3118,.F.);
#3292 = ORIENTED_EDGE('',*,*,#3110,.T.);
#3293 = ORIENTED_EDGE('',*,*,#3102,.T.);
#3294 = ORIENTED_EDGE('',*,*,#3295,.T.);
#3295 = EDGE_CURVE('',#3094,#3296,#3298,.T.);
#3296 = VERTEX_POINT('',#3297);
#3297 = CARTESIAN_POINT('',(0.5,-0.4,0.405));
#3298 = LINE('',#3299,#3300);
#3299 = CARTESIAN_POINT('',(-0.5,-0.4,0.405));
#3300 = VECTOR('',#3301,1.);
#3301 = DIRECTION('',(1.,0.,0.));
#3302 = ORIENTED_EDGE('',*,*,#3303,.T.);
#3303 = EDGE_CURVE('',#3296,#3304,#3306,.T.);
#3304 = VERTEX_POINT('',#3305);
#3305 = CARTESIAN_POINT('',(0.755,-0.4,0.405));
#3306 = LINE('',#3307,#3308);
#3307 = CARTESIAN_POINT('',(-0.755,-0.4,0.405));
#3308 = VECTOR('',#3309,1.);
#3309 = DIRECTION('',(1.,0.,0.));
#3310 = ORIENTED_EDGE('',*,*,#3311,.F.);
#3311 = EDGE_CURVE('',#3312,#3304,#3314,.T.);
#3312 = VERTEX_POINT('',#3313);
#3313 = CARTESIAN_POINT('',(0.755,-0.4,4.5E-02));
#3314 = LINE('',#3315,#3316);
#3315 = CARTESIAN_POINT('',(0.755,-0.4,4.5E-02));
#3316 = VECTOR('',#3317,1.);
#3317 = DIRECTION('',(0.,0.,1.));
#3318 = ORIENTED_EDGE('',*,*,#3319,.F.);
#3319 = EDGE_CURVE('',#3320,#3312,#3322,.T.);
#3320 = VERTEX_POINT('',#3321);
#3321 = CARTESIAN_POINT('',(0.5,-0.4,4.5E-02));
#3322 = LINE('',#3323,#3324);
#3323 = CARTESIAN_POINT('',(-0.755,-0.4,4.5E-02));
#3324 = VECTOR('',#3325,1.);
#3325 = DIRECTION('',(1.,0.,0.));
#3326 = ORIENTED_EDGE('',*,*,#3327,.F.);
#3327 = EDGE_CURVE('',#3119,#3320,#3328,.T.);
#3328 = LINE('',#3329,#3330);
#3329 = CARTESIAN_POINT('',(-0.755,-0.4,4.5E-02));
#3330 = VECTOR('',#3331,1.);
#3331 = DIRECTION('',(1.,0.,0.));
#3332 = PLANE('',#3333);
#3333 = AXIS2_PLACEMENT_3D('',#3334,#3335,#3336);
#3334 = CARTESIAN_POINT('',(-0.755,-0.4,4.5E-02));
#3335 = DIRECTION('',(0.,1.,0.));
#3336 = DIRECTION('',(0.,-0.,1.));
#3337 = ADVANCED_FACE('',(#3338),#3349,.T.);
#3338 = FACE_BOUND('',#3339,.T.);
#3339 = EDGE_LOOP('',(#3340,#3341,#3342,#3343));
#3340 = ORIENTED_EDGE('',*,*,#3202,.F.);
#3341 = ORIENTED_EDGE('',*,*,#3167,.F.);
#3342 = ORIENTED_EDGE('',*,*,#3085,.T.);
#3343 = ORIENTED_EDGE('',*,*,#3344,.T.);
#3344 = EDGE_CURVE('',#3086,#3203,#3345,.T.);
#3345 = LINE('',#3346,#3347);
#3346 = CARTESIAN_POINT('',(-0.545,-0.4,0.45));
#3347 = VECTOR('',#3348,1.);
#3348 = DIRECTION('',(0.,1.,0.));
#3349 = PLANE('',#3350);
#3350 = AXIS2_PLACEMENT_3D('',#3351,#3352,#3353);
#3351 = CARTESIAN_POINT('',(-0.8,-0.4,0.45));
#3352 = DIRECTION('',(0.,0.,1.));
#3353 = DIRECTION('',(1.,0.,-0.));
#3354 = ADVANCED_FACE('',(#3355),#3366,.T.);
#3355 = FACE_BOUND('',#3356,.T.);
#3356 = EDGE_LOOP('',(#3357,#3363,#3364,#3365));
#3357 = ORIENTED_EDGE('',*,*,#3358,.T.);
#3358 = EDGE_CURVE('',#3094,#3211,#3359,.T.);
#3359 = LINE('',#3360,#3361);
#3360 = CARTESIAN_POINT('',(-0.5,-0.4,0.405));
#3361 = VECTOR('',#3362,1.);
#3362 = DIRECTION('',(0.,1.,0.));
#3363 = ORIENTED_EDGE('',*,*,#3210,.T.);
#3364 = ORIENTED_EDGE('',*,*,#3344,.F.);
#3365 = ORIENTED_EDGE('',*,*,#3093,.F.);
#3366 = CYLINDRICAL_SURFACE('',#3367,4.5E-02);
#3367 = AXIS2_PLACEMENT_3D('',#3368,#3369,#3370);
#3368 = CARTESIAN_POINT('',(-0.545,-0.4,0.405));
#3369 = DIRECTION('',(0.,1.,0.));
#3370 = DIRECTION('',(1.,0.,0.));
#3371 = ADVANCED_FACE('',(#3372),#3415,.T.);
#3372 = FACE_BOUND('',#3373,.T.);
#3373 = EDGE_LOOP('',(#3374,#3375,#3376,#3377,#3385,#3393,#3401,#3409));
#3374 = ORIENTED_EDGE('',*,*,#3235,.F.);
#3375 = ORIENTED_EDGE('',*,*,#3227,.T.);
#3376 = ORIENTED_EDGE('',*,*,#3219,.T.);
#3377 = ORIENTED_EDGE('',*,*,#3378,.T.);
#3378 = EDGE_CURVE('',#3211,#3379,#3381,.T.);
#3379 = VERTEX_POINT('',#3380);
#3380 = CARTESIAN_POINT('',(0.5,0.4,0.405));
#3381 = LINE('',#3382,#3383);
#3382 = CARTESIAN_POINT('',(-0.5,0.4,0.405));
#3383 = VECTOR('',#3384,1.);
#3384 = DIRECTION('',(1.,0.,0.));
#3385 = ORIENTED_EDGE('',*,*,#3386,.T.);
#3386 = EDGE_CURVE('',#3379,#3387,#3389,.T.);
#3387 = VERTEX_POINT('',#3388);
#3388 = CARTESIAN_POINT('',(0.755,0.4,0.405));
#3389 = LINE('',#3390,#3391);
#3390 = CARTESIAN_POINT('',(-0.755,0.4,0.405));
#3391 = VECTOR('',#3392,1.);
#3392 = DIRECTION('',(1.,0.,0.));
#3393 = ORIENTED_EDGE('',*,*,#3394,.F.);
#3394 = EDGE_CURVE('',#3395,#3387,#3397,.T.);
#3395 = VERTEX_POINT('',#3396);
#3396 = CARTESIAN_POINT('',(0.755,0.4,4.5E-02));
#3397 = LINE('',#3398,#3399);
#3398 = CARTESIAN_POINT('',(0.755,0.4,4.5E-02));
#3399 = VECTOR('',#3400,1.);
#3400 = DIRECTION('',(0.,0.,1.));
#3401 = ORIENTED_EDGE('',*,*,#3402,.F.);
#3402 = EDGE_CURVE('',#3403,#3395,#3405,.T.);
#3403 = VERTEX_POINT('',#3404);
#3404 = CARTESIAN_POINT('',(0.5,0.4,4.5E-02));
#3405 = LINE('',#3406,#3407);
#3406 = CARTESIAN_POINT('',(-0.755,0.4,4.5E-02));
#3407 = VECTOR('',#3408,1.);
#3408 = DIRECTION('',(1.,0.,0.));
#3409 = ORIENTED_EDGE('',*,*,#3410,.F.);
#3410 = EDGE_CURVE('',#3236,#3403,#3411,.T.);
#3411 = LINE('',#3412,#3413);
#3412 = CARTESIAN_POINT('',(-0.755,0.4,4.5E-02));
#3413 = VECTOR('',#3414,1.);
#3414 = DIRECTION('',(1.,0.,0.));
#3415 = PLANE('',#3416);
#3416 = AXIS2_PLACEMENT_3D('',#3417,#3418,#3419);
#3417 = CARTESIAN_POINT('',(-0.755,0.4,4.5E-02));
#3418 = DIRECTION('',(0.,1.,0.));
#3419 = DIRECTION('',(0.,-0.,1.));
#3420 = ADVANCED_FACE('',(#3421),#3432,.F.);
#3421 = FACE_BOUND('',#3422,.F.);
#3422 = EDGE_LOOP('',(#3423,#3424,#3425,#3431));
#3423 = ORIENTED_EDGE('',*,*,#3278,.F.);
#3424 = ORIENTED_EDGE('',*,*,#3327,.T.);
#3425 = ORIENTED_EDGE('',*,*,#3426,.T.);
#3426 = EDGE_CURVE('',#3320,#3403,#3427,.T.);
#3427 = LINE('',#3428,#3429);
#3428 = CARTESIAN_POINT('',(0.5,-0.4,4.5E-02));
#3429 = VECTOR('',#3430,1.);
#3430 = DIRECTION('',(0.,1.,0.));
#3431 = ORIENTED_EDGE('',*,*,#3410,.F.);
#3432 = PLANE('',#3433);
#3433 = AXIS2_PLACEMENT_3D('',#3434,#3435,#3436);
#3434 = CARTESIAN_POINT('',(-0.755,-0.4,4.5E-02));
#3435 = DIRECTION('',(0.,0.,1.));
#3436 = DIRECTION('',(1.,0.,-0.));
#3437 = ADVANCED_FACE('',(#3438),#3501,.F.);
#3438 = FACE_BOUND('',#3439,.F.);
#3439 = EDGE_LOOP('',(#3440,#3450,#3457,#3458,#3459,#3460,#3469,#3477,
    #3486,#3494));
#3440 = ORIENTED_EDGE('',*,*,#3441,.F.);
#3441 = EDGE_CURVE('',#3442,#3444,#3446,.T.);
#3442 = VERTEX_POINT('',#3443);
#3443 = CARTESIAN_POINT('',(0.545,-0.4,-2.775557561563E-17));
#3444 = VERTEX_POINT('',#3445);
#3445 = CARTESIAN_POINT('',(0.755,-0.4,-2.775557561563E-17));
#3446 = LINE('',#3447,#3448);
#3447 = CARTESIAN_POINT('',(0.5,-0.4,0.));
#3448 = VECTOR('',#3449,1.);
#3449 = DIRECTION('',(1.,0.,0.));
#3450 = ORIENTED_EDGE('',*,*,#3451,.F.);
#3451 = EDGE_CURVE('',#3320,#3442,#3452,.T.);
#3452 = CIRCLE('',#3453,4.5E-02);
#3453 = AXIS2_PLACEMENT_3D('',#3454,#3455,#3456);
#3454 = CARTESIAN_POINT('',(0.545,-0.4,4.5E-02));
#3455 = DIRECTION('',(0.,-1.,0.));
#3456 = DIRECTION('',(0.,0.,1.));
#3457 = ORIENTED_EDGE('',*,*,#3319,.T.);
#3458 = ORIENTED_EDGE('',*,*,#3311,.T.);
#3459 = ORIENTED_EDGE('',*,*,#3303,.F.);
#3460 = ORIENTED_EDGE('',*,*,#3461,.T.);
#3461 = EDGE_CURVE('',#3296,#3462,#3464,.T.);
#3462 = VERTEX_POINT('',#3463);
#3463 = CARTESIAN_POINT('',(0.545,-0.4,0.45));
#3464 = CIRCLE('',#3465,4.5E-02);
#3465 = AXIS2_PLACEMENT_3D('',#3466,#3467,#3468);
#3466 = CARTESIAN_POINT('',(0.545,-0.4,0.405));
#3467 = DIRECTION('',(0.,1.,0.));
#3468 = DIRECTION('',(0.,-0.,1.));
#3469 = ORIENTED_EDGE('',*,*,#3470,.T.);
#3470 = EDGE_CURVE('',#3462,#3471,#3473,.T.);
#3471 = VERTEX_POINT('',#3472);
#3472 = CARTESIAN_POINT('',(0.755,-0.4,0.45));
#3473 = LINE('',#3474,#3475);
#3474 = CARTESIAN_POINT('',(0.5,-0.4,0.45));
#3475 = VECTOR('',#3476,1.);
#3476 = DIRECTION('',(1.,0.,0.));
#3477 = ORIENTED_EDGE('',*,*,#3478,.F.);
#3478 = EDGE_CURVE('',#3479,#3471,#3481,.T.);
#3479 = VERTEX_POINT('',#3480);
#3480 = CARTESIAN_POINT('',(0.8,-0.4,0.405));
#3481 = CIRCLE('',#3482,4.5E-02);
#3482 = AXIS2_PLACEMENT_3D('',#3483,#3484,#3485);
#3483 = CARTESIAN_POINT('',(0.755,-0.4,0.405));
#3484 = DIRECTION('',(0.,-1.,0.));
#3485 = DIRECTION('',(0.,0.,1.));
#3486 = ORIENTED_EDGE('',*,*,#3487,.F.);
#3487 = EDGE_CURVE('',#3488,#3479,#3490,.T.);
#3488 = VERTEX_POINT('',#3489);
#3489 = CARTESIAN_POINT('',(0.8,-0.4,4.5E-02));
#3490 = LINE('',#3491,#3492);
#3491 = CARTESIAN_POINT('',(0.8,-0.4,0.));
#3492 = VECTOR('',#3493,1.);
#3493 = DIRECTION('',(0.,0.,1.));
#3494 = ORIENTED_EDGE('',*,*,#3495,.T.);
#3495 = EDGE_CURVE('',#3488,#3444,#3496,.T.);
#3496 = CIRCLE('',#3497,4.5E-02);
#3497 = AXIS2_PLACEMENT_3D('',#3498,#3499,#3500);
#3498 = CARTESIAN_POINT('',(0.755,-0.4,4.5E-02));
#3499 = DIRECTION('',(0.,1.,0.));
#3500 = DIRECTION('',(0.,-0.,1.));
#3501 = PLANE('',#3502);
#3502 = AXIS2_PLACEMENT_3D('',#3503,#3504,#3505);
#3503 = CARTESIAN_POINT('',(0.5,-0.4,0.));
#3504 = DIRECTION('',(0.,1.,0.));
#3505 = DIRECTION('',(0.,-0.,1.));
#3506 = ADVANCED_FACE('',(#3507),#3532,.F.);
#3507 = FACE_BOUND('',#3508,.F.);
#3508 = EDGE_LOOP('',(#3509,#3510,#3518,#3526));
#3509 = ORIENTED_EDGE('',*,*,#3295,.F.);
#3510 = ORIENTED_EDGE('',*,*,#3511,.T.);
#3511 = EDGE_CURVE('',#3094,#3512,#3514,.T.);
#3512 = VERTEX_POINT('',#3513);
#3513 = CARTESIAN_POINT('',(-0.5,-0.4,0.45));
#3514 = LINE('',#3515,#3516);
#3515 = CARTESIAN_POINT('',(-0.5,-0.4,0.405));
#3516 = VECTOR('',#3517,1.);
#3517 = DIRECTION('',(0.,0.,1.));
#3518 = ORIENTED_EDGE('',*,*,#3519,.T.);
#3519 = EDGE_CURVE('',#3512,#3520,#3522,.T.);
#3520 = VERTEX_POINT('',#3521);
#3521 = CARTESIAN_POINT('',(0.5,-0.4,0.45));
#3522 = LINE('',#3523,#3524);
#3523 = CARTESIAN_POINT('',(-0.5,-0.4,0.45));
#3524 = VECTOR('',#3525,1.);
#3525 = DIRECTION('',(1.,0.,0.));
#3526 = ORIENTED_EDGE('',*,*,#3527,.F.);
#3527 = EDGE_CURVE('',#3296,#3520,#3528,.T.);
#3528 = LINE('',#3529,#3530);
#3529 = CARTESIAN_POINT('',(0.5,-0.4,0.405));
#3530 = VECTOR('',#3531,1.);
#3531 = DIRECTION('',(0.,0.,1.));
#3532 = PLANE('',#3533);
#3533 = AXIS2_PLACEMENT_3D('',#3534,#3535,#3536);
#3534 = CARTESIAN_POINT('',(-0.5,-0.4,0.405));
#3535 = DIRECTION('',(0.,1.,0.));
#3536 = DIRECTION('',(0.,-0.,1.));
#3537 = ADVANCED_FACE('',(#3538),#3556,.F.);
#3538 = FACE_BOUND('',#3539,.F.);
#3539 = EDGE_LOOP('',(#3540,#3541,#3542,#3550));
#3540 = ORIENTED_EDGE('',*,*,#3511,.F.);
#3541 = ORIENTED_EDGE('',*,*,#3358,.T.);
#3542 = ORIENTED_EDGE('',*,*,#3543,.T.);
#3543 = EDGE_CURVE('',#3211,#3544,#3546,.T.);
#3544 = VERTEX_POINT('',#3545);
#3545 = CARTESIAN_POINT('',(-0.5,0.4,0.45));
#3546 = LINE('',#3547,#3548);
#3547 = CARTESIAN_POINT('',(-0.5,0.4,0.405));
#3548 = VECTOR('',#3549,1.);
#3549 = DIRECTION('',(0.,0.,1.));
#3550 = ORIENTED_EDGE('',*,*,#3551,.F.);
#3551 = EDGE_CURVE('',#3512,#3544,#3552,.T.);
#3552 = LINE('',#3553,#3554);
#3553 = CARTESIAN_POINT('',(-0.5,-0.4,0.45));
#3554 = VECTOR('',#3555,1.);
#3555 = DIRECTION('',(0.,1.,0.));
#3556 = PLANE('',#3557);
#3557 = AXIS2_PLACEMENT_3D('',#3558,#3559,#3560);
#3558 = CARTESIAN_POINT('',(-0.5,-0.4,0.405));
#3559 = DIRECTION('',(1.,0.,0.));
#3560 = DIRECTION('',(0.,0.,1.));
#3561 = ADVANCED_FACE('',(#3562),#3625,.T.);
#3562 = FACE_BOUND('',#3563,.T.);
#3563 = EDGE_LOOP('',(#3564,#3574,#3581,#3582,#3583,#3584,#3593,#3601,
    #3610,#3618));
#3564 = ORIENTED_EDGE('',*,*,#3565,.F.);
#3565 = EDGE_CURVE('',#3566,#3568,#3570,.T.);
#3566 = VERTEX_POINT('',#3567);
#3567 = CARTESIAN_POINT('',(0.545,0.4,-2.775557561563E-17));
#3568 = VERTEX_POINT('',#3569);
#3569 = CARTESIAN_POINT('',(0.755,0.4,-2.775557561563E-17));
#3570 = LINE('',#3571,#3572);
#3571 = CARTESIAN_POINT('',(0.5,0.4,0.));
#3572 = VECTOR('',#3573,1.);
#3573 = DIRECTION('',(1.,0.,0.));
#3574 = ORIENTED_EDGE('',*,*,#3575,.F.);
#3575 = EDGE_CURVE('',#3403,#3566,#3576,.T.);
#3576 = CIRCLE('',#3577,4.5E-02);
#3577 = AXIS2_PLACEMENT_3D('',#3578,#3579,#3580);
#3578 = CARTESIAN_POINT('',(0.545,0.4,4.5E-02));
#3579 = DIRECTION('',(0.,-1.,0.));
#3580 = DIRECTION('',(0.,0.,1.));
#3581 = ORIENTED_EDGE('',*,*,#3402,.T.);
#3582 = ORIENTED_EDGE('',*,*,#3394,.T.);
#3583 = ORIENTED_EDGE('',*,*,#3386,.F.);
#3584 = ORIENTED_EDGE('',*,*,#3585,.T.);
#3585 = EDGE_CURVE('',#3379,#3586,#3588,.T.);
#3586 = VERTEX_POINT('',#3587);
#3587 = CARTESIAN_POINT('',(0.545,0.4,0.45));
#3588 = CIRCLE('',#3589,4.5E-02);
#3589 = AXIS2_PLACEMENT_3D('',#3590,#3591,#3592);
#3590 = CARTESIAN_POINT('',(0.545,0.4,0.405));
#3591 = DIRECTION('',(0.,1.,0.));
#3592 = DIRECTION('',(0.,-0.,1.));
#3593 = ORIENTED_EDGE('',*,*,#3594,.T.);
#3594 = EDGE_CURVE('',#3586,#3595,#3597,.T.);
#3595 = VERTEX_POINT('',#3596);
#3596 = CARTESIAN_POINT('',(0.755,0.4,0.45));
#3597 = LINE('',#3598,#3599);
#3598 = CARTESIAN_POINT('',(0.5,0.4,0.45));
#3599 = VECTOR('',#3600,1.);
#3600 = DIRECTION('',(1.,0.,0.));
#3601 = ORIENTED_EDGE('',*,*,#3602,.F.);
#3602 = EDGE_CURVE('',#3603,#3595,#3605,.T.);
#3603 = VERTEX_POINT('',#3604);
#3604 = CARTESIAN_POINT('',(0.8,0.4,0.405));
#3605 = CIRCLE('',#3606,4.5E-02);
#3606 = AXIS2_PLACEMENT_3D('',#3607,#3608,#3609);
#3607 = CARTESIAN_POINT('',(0.755,0.4,0.405));
#3608 = DIRECTION('',(0.,-1.,0.));
#3609 = DIRECTION('',(0.,0.,1.));
#3610 = ORIENTED_EDGE('',*,*,#3611,.F.);
#3611 = EDGE_CURVE('',#3612,#3603,#3614,.T.);
#3612 = VERTEX_POINT('',#3613);
#3613 = CARTESIAN_POINT('',(0.8,0.4,4.5E-02));
#3614 = LINE('',#3615,#3616);
#3615 = CARTESIAN_POINT('',(0.8,0.4,0.));
#3616 = VECTOR('',#3617,1.);
#3617 = DIRECTION('',(0.,0.,1.));
#3618 = ORIENTED_EDGE('',*,*,#3619,.T.);
#3619 = EDGE_CURVE('',#3612,#3568,#3620,.T.);
#3620 = CIRCLE('',#3621,4.5E-02);
#3621 = AXIS2_PLACEMENT_3D('',#3622,#3623,#3624);
#3622 = CARTESIAN_POINT('',(0.755,0.4,4.5E-02));
#3623 = DIRECTION('',(0.,1.,0.));
#3624 = DIRECTION('',(0.,-0.,1.));
#3625 = PLANE('',#3626);
#3626 = AXIS2_PLACEMENT_3D('',#3627,#3628,#3629);
#3627 = CARTESIAN_POINT('',(0.5,0.4,0.));
#3628 = DIRECTION('',(0.,1.,0.));
#3629 = DIRECTION('',(0.,-0.,1.));
#3630 = ADVANCED_FACE('',(#3631),#3649,.T.);
#3631 = FACE_BOUND('',#3632,.T.);
#3632 = EDGE_LOOP('',(#3633,#3634,#3635,#3643));
#3633 = ORIENTED_EDGE('',*,*,#3378,.F.);
#3634 = ORIENTED_EDGE('',*,*,#3543,.T.);
#3635 = ORIENTED_EDGE('',*,*,#3636,.T.);
#3636 = EDGE_CURVE('',#3544,#3637,#3639,.T.);
#3637 = VERTEX_POINT('',#3638);
#3638 = CARTESIAN_POINT('',(0.5,0.4,0.45));
#3639 = LINE('',#3640,#3641);
#3640 = CARTESIAN_POINT('',(-0.5,0.4,0.45));
#3641 = VECTOR('',#3642,1.);
#3642 = DIRECTION('',(1.,0.,0.));
#3643 = ORIENTED_EDGE('',*,*,#3644,.F.);
#3644 = EDGE_CURVE('',#3379,#3637,#3645,.T.);
#3645 = LINE('',#3646,#3647);
#3646 = CARTESIAN_POINT('',(0.5,0.4,0.405));
#3647 = VECTOR('',#3648,1.);
#3648 = DIRECTION('',(0.,0.,1.));
#3649 = PLANE('',#3650);
#3650 = AXIS2_PLACEMENT_3D('',#3651,#3652,#3653);
#3651 = CARTESIAN_POINT('',(-0.5,0.4,0.405));
#3652 = DIRECTION('',(0.,1.,0.));
#3653 = DIRECTION('',(0.,-0.,1.));
#3654 = ADVANCED_FACE('',(#3655),#3666,.T.);
#3655 = FACE_BOUND('',#3656,.T.);
#3656 = EDGE_LOOP('',(#3657,#3658,#3659,#3665));
#3657 = ORIENTED_EDGE('',*,*,#3426,.T.);
#3658 = ORIENTED_EDGE('',*,*,#3575,.T.);
#3659 = ORIENTED_EDGE('',*,*,#3660,.F.);
#3660 = EDGE_CURVE('',#3442,#3566,#3661,.T.);
#3661 = LINE('',#3662,#3663);
#3662 = CARTESIAN_POINT('',(0.545,-0.4,-2.775557561563E-17));
#3663 = VECTOR('',#3664,1.);
#3664 = DIRECTION('',(0.,1.,0.));
#3665 = ORIENTED_EDGE('',*,*,#3451,.F.);
#3666 = CYLINDRICAL_SURFACE('',#3667,4.5E-02);
#3667 = AXIS2_PLACEMENT_3D('',#3668,#3669,#3670);
#3668 = CARTESIAN_POINT('',(0.545,-0.4,4.5E-02));
#3669 = DIRECTION('',(0.,1.,0.));
#3670 = DIRECTION('',(-1.,0.,0.));
#3671 = ADVANCED_FACE('',(#3672),#3683,.F.);
#3672 = FACE_BOUND('',#3673,.F.);
#3673 = EDGE_LOOP('',(#3674,#3675,#3676,#3677));
#3674 = ORIENTED_EDGE('',*,*,#3565,.F.);
#3675 = ORIENTED_EDGE('',*,*,#3660,.F.);
#3676 = ORIENTED_EDGE('',*,*,#3441,.T.);
#3677 = ORIENTED_EDGE('',*,*,#3678,.T.);
#3678 = EDGE_CURVE('',#3444,#3568,#3679,.T.);
#3679 = LINE('',#3680,#3681);
#3680 = CARTESIAN_POINT('',(0.755,-0.4,-2.775557561563E-17));
#3681 = VECTOR('',#3682,1.);
#3682 = DIRECTION('',(0.,1.,0.));
#3683 = PLANE('',#3684);
#3684 = AXIS2_PLACEMENT_3D('',#3685,#3686,#3687);
#3685 = CARTESIAN_POINT('',(0.5,-0.4,0.));
#3686 = DIRECTION('',(0.,0.,1.));
#3687 = DIRECTION('',(1.,0.,-0.));
#3688 = ADVANCED_FACE('',(#3689),#3700,.T.);
#3689 = FACE_BOUND('',#3690,.T.);
#3690 = EDGE_LOOP('',(#3691,#3692,#3693,#3694));
#3691 = ORIENTED_EDGE('',*,*,#3495,.T.);
#3692 = ORIENTED_EDGE('',*,*,#3678,.T.);
#3693 = ORIENTED_EDGE('',*,*,#3619,.F.);
#3694 = ORIENTED_EDGE('',*,*,#3695,.F.);
#3695 = EDGE_CURVE('',#3488,#3612,#3696,.T.);
#3696 = LINE('',#3697,#3698);
#3697 = CARTESIAN_POINT('',(0.8,-0.4,4.5E-02));
#3698 = VECTOR('',#3699,1.);
#3699 = DIRECTION('',(0.,1.,0.));
#3700 = CYLINDRICAL_SURFACE('',#3701,4.5E-02);
#3701 = AXIS2_PLACEMENT_3D('',#3702,#3703,#3704);
#3702 = CARTESIAN_POINT('',(0.755,-0.4,4.5E-02));
#3703 = DIRECTION('',(0.,1.,0.));
#3704 = DIRECTION('',(1.,0.,0.));
#3705 = ADVANCED_FACE('',(#3706),#3717,.T.);
#3706 = FACE_BOUND('',#3707,.T.);
#3707 = EDGE_LOOP('',(#3708,#3709,#3710,#3711));
#3708 = ORIENTED_EDGE('',*,*,#3487,.F.);
#3709 = ORIENTED_EDGE('',*,*,#3695,.T.);
#3710 = ORIENTED_EDGE('',*,*,#3611,.T.);
#3711 = ORIENTED_EDGE('',*,*,#3712,.F.);
#3712 = EDGE_CURVE('',#3479,#3603,#3713,.T.);
#3713 = LINE('',#3714,#3715);
#3714 = CARTESIAN_POINT('',(0.8,-0.4,0.405));
#3715 = VECTOR('',#3716,1.);
#3716 = DIRECTION('',(0.,1.,0.));
#3717 = PLANE('',#3718);
#3718 = AXIS2_PLACEMENT_3D('',#3719,#3720,#3721);
#3719 = CARTESIAN_POINT('',(0.8,-0.4,0.));
#3720 = DIRECTION('',(1.,0.,0.));
#3721 = DIRECTION('',(0.,0.,1.));
#3722 = ADVANCED_FACE('',(#3723),#3734,.T.);
#3723 = FACE_BOUND('',#3724,.T.);
#3724 = EDGE_LOOP('',(#3725,#3726,#3727,#3733));
#3725 = ORIENTED_EDGE('',*,*,#3712,.T.);
#3726 = ORIENTED_EDGE('',*,*,#3602,.T.);
#3727 = ORIENTED_EDGE('',*,*,#3728,.F.);
#3728 = EDGE_CURVE('',#3471,#3595,#3729,.T.);
#3729 = LINE('',#3730,#3731);
#3730 = CARTESIAN_POINT('',(0.755,-0.4,0.45));
#3731 = VECTOR('',#3732,1.);
#3732 = DIRECTION('',(0.,1.,0.));
#3733 = ORIENTED_EDGE('',*,*,#3478,.F.);
#3734 = CYLINDRICAL_SURFACE('',#3735,4.5E-02);
#3735 = AXIS2_PLACEMENT_3D('',#3736,#3737,#3738);
#3736 = CARTESIAN_POINT('',(0.755,-0.4,0.405));
#3737 = DIRECTION('',(0.,1.,0.));
#3738 = DIRECTION('',(1.,0.,0.));
#3739 = ADVANCED_FACE('',(#3740),#3751,.T.);
#3740 = FACE_BOUND('',#3741,.T.);
#3741 = EDGE_LOOP('',(#3742,#3743,#3749,#3750));
#3742 = ORIENTED_EDGE('',*,*,#3594,.F.);
#3743 = ORIENTED_EDGE('',*,*,#3744,.F.);
#3744 = EDGE_CURVE('',#3462,#3586,#3745,.T.);
#3745 = LINE('',#3746,#3747);
#3746 = CARTESIAN_POINT('',(0.545,-0.4,0.45));
#3747 = VECTOR('',#3748,1.);
#3748 = DIRECTION('',(0.,1.,0.));
#3749 = ORIENTED_EDGE('',*,*,#3470,.T.);
#3750 = ORIENTED_EDGE('',*,*,#3728,.T.);
#3751 = PLANE('',#3752);
#3752 = AXIS2_PLACEMENT_3D('',#3753,#3754,#3755);
#3753 = CARTESIAN_POINT('',(0.5,-0.4,0.45));
#3754 = DIRECTION('',(0.,0.,1.));
#3755 = DIRECTION('',(1.,0.,-0.));
#3756 = ADVANCED_FACE('',(#3757),#3768,.T.);
#3757 = FACE_BOUND('',#3758,.T.);
#3758 = EDGE_LOOP('',(#3759,#3760,#3761,#3762));
#3759 = ORIENTED_EDGE('',*,*,#3461,.T.);
#3760 = ORIENTED_EDGE('',*,*,#3744,.T.);
#3761 = ORIENTED_EDGE('',*,*,#3585,.F.);
#3762 = ORIENTED_EDGE('',*,*,#3763,.F.);
#3763 = EDGE_CURVE('',#3296,#3379,#3764,.T.);
#3764 = LINE('',#3765,#3766);
#3765 = CARTESIAN_POINT('',(0.5,-0.4,0.405));
#3766 = VECTOR('',#3767,1.);
#3767 = DIRECTION('',(0.,1.,0.));
#3768 = CYLINDRICAL_SURFACE('',#3769,4.5E-02);
#3769 = AXIS2_PLACEMENT_3D('',#3770,#3771,#3772);
#3770 = CARTESIAN_POINT('',(0.545,-0.4,0.405));
#3771 = DIRECTION('',(0.,1.,0.));
#3772 = DIRECTION('',(-1.,0.,0.));
#3773 = ADVANCED_FACE('',(#3774),#3785,.T.);
#3774 = FACE_BOUND('',#3775,.T.);
#3775 = EDGE_LOOP('',(#3776,#3777,#3778,#3779));
#3776 = ORIENTED_EDGE('',*,*,#3527,.F.);
#3777 = ORIENTED_EDGE('',*,*,#3763,.T.);
#3778 = ORIENTED_EDGE('',*,*,#3644,.T.);
#3779 = ORIENTED_EDGE('',*,*,#3780,.F.);
#3780 = EDGE_CURVE('',#3520,#3637,#3781,.T.);
#3781 = LINE('',#3782,#3783);
#3782 = CARTESIAN_POINT('',(0.5,-0.4,0.45));
#3783 = VECTOR('',#3784,1.);
#3784 = DIRECTION('',(0.,1.,0.));
#3785 = PLANE('',#3786);
#3786 = AXIS2_PLACEMENT_3D('',#3787,#3788,#3789);
#3787 = CARTESIAN_POINT('',(0.5,-0.4,0.405));
#3788 = DIRECTION('',(1.,0.,0.));
#3789 = DIRECTION('',(0.,0.,1.));
#3790 = ADVANCED_FACE('',(#3791),#3797,.T.);
#3791 = FACE_BOUND('',#3792,.T.);
#3792 = EDGE_LOOP('',(#3793,#3794,#3795,#3796));
#3793 = ORIENTED_EDGE('',*,*,#3551,.F.);
#3794 = ORIENTED_EDGE('',*,*,#3519,.T.);
#3795 = ORIENTED_EDGE('',*,*,#3780,.T.);
#3796 = ORIENTED_EDGE('',*,*,#3636,.F.);
#3797 = PLANE('',#3798);
#3798 = AXIS2_PLACEMENT_3D('',#3799,#3800,#3801);
#3799 = CARTESIAN_POINT('',(-0.5,-0.4,0.45));
#3800 = DIRECTION('',(0.,0.,1.));
#3801 = DIRECTION('',(1.,0.,-0.));
#3802 = ( GEOMETRIC_REPRESENTATION_CONTEXT(3) 
GLOBAL_UNCERTAINTY_ASSIGNED_CONTEXT((#3806)) 
GLOBAL_UNIT_ASSIGNED_CONTEXT((#3803,#3804,#3805)) REPRESENTATION_CONTEXT
('Context #1','3D Context with UNIT and UNCERTAINTY') );
#3803 = ( LENGTH_UNIT() NAMED_UNIT(*) SI_UNIT(.MILLI.,.METRE.) );
#3804 = ( NAMED_UNIT(*) PLANE_ANGLE_UNIT() SI_UNIT($,.RADIAN.) );
#3805 = ( NAMED_UNIT(*) SI_UNIT($,.STERADIAN.) SOLID_ANGLE_UNIT() );
#3806 = UNCERTAINTY_MEASURE_WITH_UNIT(LENGTH_MEASURE(1.E-07),#3803,
  'distance_accuracy_value','confusion accuracy');
#3807 = SHAPE_DEFINITION_REPRESENTATION(#3808,#3011);
#3808 = PRODUCT_DEFINITION_SHAPE('','',#3809);
#3809 = PRODUCT_DEFINITION('design','',#3810,#3813);
#3810 = PRODUCT_DEFINITION_FORMATION('','',#3811);
#3811 = PRODUCT('R_0603_1608Metric','R_0603_1608Metric','',(#3812));
#3812 = PRODUCT_CONTEXT('',#2,'mechanical');
#3813 = PRODUCT_DEFINITION_CONTEXT('part definition',#2,'design');
#3814 = CONTEXT_DEPENDENT_SHAPE_REPRESENTATION(#3815,#3817);
#3815 = ( REPRESENTATION_RELATIONSHIP('','',#3011,#10) 
REPRESENTATION_RELATIONSHIP_WITH_TRANSFORMATION(#3816) 
SHAPE_REPRESENTATION_RELATIONSHIP() );
#3816 = ITEM_DEFINED_TRANSFORMATION('','',#11,#23);
#3817 = PRODUCT_DEFINITION_SHAPE('Placement','Placement of an item',
  #3818);
#3818 = NEXT_ASSEMBLY_USAGE_OCCURRENCE('3','','',#5,#3809,$);
#3819 = PRODUCT_RELATED_PRODUCT_CATEGORY('part',$,(#3811));
#3820 = ADVANCED_BREP_SHAPE_REPRESENTATION('',(#11,#3821),#4611);
#3821 = MANIFOLD_SOLID_BREP('',#3822);
#3822 = CLOSED_SHELL('',(#3823,#3863,#3946,#3971,#3996,#4063,#4080,#4097
    ,#4146,#4168,#4180,#4229,#4246,#4315,#4346,#4370,#4439,#4463,#4480,
    #4497,#4514,#4531,#4548,#4565,#4582,#4599));
#3823 = ADVANCED_FACE('',(#3824),#3858,.F.);
#3824 = FACE_BOUND('',#3825,.F.);
#3825 = EDGE_LOOP('',(#3826,#3836,#3844,#3852));
#3826 = ORIENTED_EDGE('',*,*,#3827,.F.);
#3827 = EDGE_CURVE('',#3828,#3830,#3832,.T.);
#3828 = VERTEX_POINT('',#3829);
#3829 = CARTESIAN_POINT('',(-1.6,-0.8,5.5E-02));
#3830 = VERTEX_POINT('',#3831);
#3831 = CARTESIAN_POINT('',(-1.6,-0.8,0.495));
#3832 = LINE('',#3833,#3834);
#3833 = CARTESIAN_POINT('',(-1.6,-0.8,0.));
#3834 = VECTOR('',#3835,1.);
#3835 = DIRECTION('',(0.,0.,1.));
#3836 = ORIENTED_EDGE('',*,*,#3837,.T.);
#3837 = EDGE_CURVE('',#3828,#3838,#3840,.T.);
#3838 = VERTEX_POINT('',#3839);
#3839 = CARTESIAN_POINT('',(-1.6,0.8,5.5E-02));
#3840 = LINE('',#3841,#3842);
#3841 = CARTESIAN_POINT('',(-1.6,-0.8,5.5E-02));
#3842 = VECTOR('',#3843,1.);
#3843 = DIRECTION('',(0.,1.,0.));
#3844 = ORIENTED_EDGE('',*,*,#3845,.T.);
#3845 = EDGE_CURVE('',#3838,#3846,#3848,.T.);
#3846 = VERTEX_POINT('',#3847);
#3847 = CARTESIAN_POINT('',(-1.6,0.8,0.495));
#3848 = LINE('',#3849,#3850);
#3849 = CARTESIAN_POINT('',(-1.6,0.8,0.));
#3850 = VECTOR('',#3851,1.);
#3851 = DIRECTION('',(0.,0.,1.));
#3852 = ORIENTED_EDGE('',*,*,#3853,.F.);
#3853 = EDGE_CURVE('',#3830,#3846,#3854,.T.);
#3854 = LINE('',#3855,#3856);
#3855 = CARTESIAN_POINT('',(-1.6,-0.8,0.495));
#3856 = VECTOR('',#3857,1.);
#3857 = DIRECTION('',(0.,1.,0.));
#3858 = PLANE('',#3859);
#3859 = AXIS2_PLACEMENT_3D('',#3860,#3861,#3862);
#3860 = CARTESIAN_POINT('',(-1.6,-0.8,0.));
#3861 = DIRECTION('',(1.,0.,0.));
#3862 = DIRECTION('',(0.,0.,1.));
#3863 = ADVANCED_FACE('',(#3864),#3941,.F.);
#3864 = FACE_BOUND('',#3865,.F.);
#3865 = EDGE_LOOP('',(#3866,#3876,#3883,#3884,#3893,#3901,#3910,#3918,
    #3926,#3934));
#3866 = ORIENTED_EDGE('',*,*,#3867,.F.);
#3867 = EDGE_CURVE('',#3868,#3870,#3872,.T.);
#3868 = VERTEX_POINT('',#3869);
#3869 = CARTESIAN_POINT('',(-1.545,-0.8,0.));
#3870 = VERTEX_POINT('',#3871);
#3871 = CARTESIAN_POINT('',(-1.155,-0.8,0.));
#3872 = LINE('',#3873,#3874);
#3873 = CARTESIAN_POINT('',(-1.6,-0.8,0.));
#3874 = VECTOR('',#3875,1.);
#3875 = DIRECTION('',(1.,0.,0.));
#3876 = ORIENTED_EDGE('',*,*,#3877,.F.);
#3877 = EDGE_CURVE('',#3828,#3868,#3878,.T.);
#3878 = CIRCLE('',#3879,5.5E-02);
#3879 = AXIS2_PLACEMENT_3D('',#3880,#3881,#3882);
#3880 = CARTESIAN_POINT('',(-1.545,-0.8,5.5E-02));
#3881 = DIRECTION('',(0.,-1.,0.));
#3882 = DIRECTION('',(0.,0.,1.));
#3883 = ORIENTED_EDGE('',*,*,#3827,.T.);
#3884 = ORIENTED_EDGE('',*,*,#3885,.T.);
#3885 = EDGE_CURVE('',#3830,#3886,#3888,.T.);
#3886 = VERTEX_POINT('',#3887);
#3887 = CARTESIAN_POINT('',(-1.545,-0.8,0.55));
#3888 = CIRCLE('',#3889,5.5E-02);
#3889 = AXIS2_PLACEMENT_3D('',#3890,#3891,#3892);
#3890 = CARTESIAN_POINT('',(-1.545,-0.8,0.495));
#3891 = DIRECTION('',(0.,1.,0.));
#3892 = DIRECTION('',(0.,-0.,1.));
#3893 = ORIENTED_EDGE('',*,*,#3894,.T.);
#3894 = EDGE_CURVE('',#3886,#3895,#3897,.T.);
#3895 = VERTEX_POINT('',#3896);
#3896 = CARTESIAN_POINT('',(-1.155,-0.8,0.55));
#3897 = LINE('',#3898,#3899);
#3898 = CARTESIAN_POINT('',(-1.6,-0.8,0.55));
#3899 = VECTOR('',#3900,1.);
#3900 = DIRECTION('',(1.,0.,0.));
#3901 = ORIENTED_EDGE('',*,*,#3902,.F.);
#3902 = EDGE_CURVE('',#3903,#3895,#3905,.T.);
#3903 = VERTEX_POINT('',#3904);
#3904 = CARTESIAN_POINT('',(-1.1,-0.8,0.495));
#3905 = CIRCLE('',#3906,5.5E-02);
#3906 = AXIS2_PLACEMENT_3D('',#3907,#3908,#3909);
#3907 = CARTESIAN_POINT('',(-1.155,-0.8,0.495));
#3908 = DIRECTION('',(0.,-1.,0.));
#3909 = DIRECTION('',(0.,0.,1.));
#3910 = ORIENTED_EDGE('',*,*,#3911,.F.);
#3911 = EDGE_CURVE('',#3912,#3903,#3914,.T.);
#3912 = VERTEX_POINT('',#3913);
#3913 = CARTESIAN_POINT('',(-1.545,-0.8,0.495));
#3914 = LINE('',#3915,#3916);
#3915 = CARTESIAN_POINT('',(-1.545,-0.8,0.495));
#3916 = VECTOR('',#3917,1.);
#3917 = DIRECTION('',(1.,0.,0.));
#3918 = ORIENTED_EDGE('',*,*,#3919,.F.);
#3919 = EDGE_CURVE('',#3920,#3912,#3922,.T.);
#3920 = VERTEX_POINT('',#3921);
#3921 = CARTESIAN_POINT('',(-1.545,-0.8,5.5E-02));
#3922 = LINE('',#3923,#3924);
#3923 = CARTESIAN_POINT('',(-1.545,-0.8,5.5E-02));
#3924 = VECTOR('',#3925,1.);
#3925 = DIRECTION('',(0.,0.,1.));
#3926 = ORIENTED_EDGE('',*,*,#3927,.T.);
#3927 = EDGE_CURVE('',#3920,#3928,#3930,.T.);
#3928 = VERTEX_POINT('',#3929);
#3929 = CARTESIAN_POINT('',(-1.1,-0.8,5.5E-02));
#3930 = LINE('',#3931,#3932);
#3931 = CARTESIAN_POINT('',(-1.545,-0.8,5.5E-02));
#3932 = VECTOR('',#3933,1.);
#3933 = DIRECTION('',(1.,0.,0.));
#3934 = ORIENTED_EDGE('',*,*,#3935,.T.);
#3935 = EDGE_CURVE('',#3928,#3870,#3936,.T.);
#3936 = CIRCLE('',#3937,5.5E-02);
#3937 = AXIS2_PLACEMENT_3D('',#3938,#3939,#3940);
#3938 = CARTESIAN_POINT('',(-1.155,-0.8,5.5E-02));
#3939 = DIRECTION('',(0.,1.,0.));
#3940 = DIRECTION('',(0.,-0.,1.));
#3941 = PLANE('',#3942);
#3942 = AXIS2_PLACEMENT_3D('',#3943,#3944,#3945);
#3943 = CARTESIAN_POINT('',(-1.6,-0.8,0.));
#3944 = DIRECTION('',(0.,1.,0.));
#3945 = DIRECTION('',(0.,-0.,1.));
#3946 = ADVANCED_FACE('',(#3947),#3966,.T.);
#3947 = FACE_BOUND('',#3948,.T.);
#3948 = EDGE_LOOP('',(#3949,#3950,#3959,#3965));
#3949 = ORIENTED_EDGE('',*,*,#3837,.T.);
#3950 = ORIENTED_EDGE('',*,*,#3951,.T.);
#3951 = EDGE_CURVE('',#3838,#3952,#3954,.T.);
#3952 = VERTEX_POINT('',#3953);
#3953 = CARTESIAN_POINT('',(-1.545,0.8,0.));
#3954 = CIRCLE('',#3955,5.5E-02);
#3955 = AXIS2_PLACEMENT_3D('',#3956,#3957,#3958);
#3956 = CARTESIAN_POINT('',(-1.545,0.8,5.5E-02));
#3957 = DIRECTION('',(0.,-1.,0.));
#3958 = DIRECTION('',(0.,0.,1.));
#3959 = ORIENTED_EDGE('',*,*,#3960,.F.);
#3960 = EDGE_CURVE('',#3868,#3952,#3961,.T.);
#3961 = LINE('',#3962,#3963);
#3962 = CARTESIAN_POINT('',(-1.545,-0.8,0.));
#3963 = VECTOR('',#3964,1.);
#3964 = DIRECTION('',(0.,1.,0.));
#3965 = ORIENTED_EDGE('',*,*,#3877,.F.);
#3966 = CYLINDRICAL_SURFACE('',#3967,5.5E-02);
#3967 = AXIS2_PLACEMENT_3D('',#3968,#3969,#3970);
#3968 = CARTESIAN_POINT('',(-1.545,-0.8,5.5E-02));
#3969 = DIRECTION('',(0.,1.,0.));
#3970 = DIRECTION('',(-1.,0.,0.));
#3971 = ADVANCED_FACE('',(#3972),#3991,.T.);
#3972 = FACE_BOUND('',#3973,.T.);
#3973 = EDGE_LOOP('',(#3974,#3975,#3983,#3990));
#3974 = ORIENTED_EDGE('',*,*,#3885,.T.);
#3975 = ORIENTED_EDGE('',*,*,#3976,.T.);
#3976 = EDGE_CURVE('',#3886,#3977,#3979,.T.);
#3977 = VERTEX_POINT('',#3978);
#3978 = CARTESIAN_POINT('',(-1.545,0.8,0.55));
#3979 = LINE('',#3980,#3981);
#3980 = CARTESIAN_POINT('',(-1.545,-0.8,0.55));
#3981 = VECTOR('',#3982,1.);
#3982 = DIRECTION('',(0.,1.,0.));
#3983 = ORIENTED_EDGE('',*,*,#3984,.F.);
#3984 = EDGE_CURVE('',#3846,#3977,#3985,.T.);
#3985 = CIRCLE('',#3986,5.5E-02);
#3986 = AXIS2_PLACEMENT_3D('',#3987,#3988,#3989);
#3987 = CARTESIAN_POINT('',(-1.545,0.8,0.495));
#3988 = DIRECTION('',(0.,1.,0.));
#3989 = DIRECTION('',(0.,-0.,1.));
#3990 = ORIENTED_EDGE('',*,*,#3853,.F.);
#3991 = CYLINDRICAL_SURFACE('',#3992,5.5E-02);
#3992 = AXIS2_PLACEMENT_3D('',#3993,#3994,#3995);
#3993 = CARTESIAN_POINT('',(-1.545,-0.8,0.495));
#3994 = DIRECTION('',(0.,1.,0.));
#3995 = DIRECTION('',(-1.,0.,0.));
#3996 = ADVANCED_FACE('',(#3997),#4058,.T.);
#3997 = FACE_BOUND('',#3998,.T.);
#3998 = EDGE_LOOP('',(#3999,#4007,#4008,#4009,#4010,#4018,#4027,#4035,
    #4043,#4051));
#3999 = ORIENTED_EDGE('',*,*,#4000,.F.);
#4000 = EDGE_CURVE('',#3952,#4001,#4003,.T.);
#4001 = VERTEX_POINT('',#4002);
#4002 = CARTESIAN_POINT('',(-1.155,0.8,0.));
#4003 = LINE('',#4004,#4005);
#4004 = CARTESIAN_POINT('',(-1.6,0.8,0.));
#4005 = VECTOR('',#4006,1.);
#4006 = DIRECTION('',(1.,0.,0.));
#4007 = ORIENTED_EDGE('',*,*,#3951,.F.);
#4008 = ORIENTED_EDGE('',*,*,#3845,.T.);
#4009 = ORIENTED_EDGE('',*,*,#3984,.T.);
#4010 = ORIENTED_EDGE('',*,*,#4011,.T.);
#4011 = EDGE_CURVE('',#3977,#4012,#4014,.T.);
#4012 = VERTEX_POINT('',#4013);
#4013 = CARTESIAN_POINT('',(-1.155,0.8,0.55));
#4014 = LINE('',#4015,#4016);
#4015 = CARTESIAN_POINT('',(-1.6,0.8,0.55));
#4016 = VECTOR('',#4017,1.);
#4017 = DIRECTION('',(1.,0.,0.));
#4018 = ORIENTED_EDGE('',*,*,#4019,.F.);
#4019 = EDGE_CURVE('',#4020,#4012,#4022,.T.);
#4020 = VERTEX_POINT('',#4021);
#4021 = CARTESIAN_POINT('',(-1.1,0.8,0.495));
#4022 = CIRCLE('',#4023,5.5E-02);
#4023 = AXIS2_PLACEMENT_3D('',#4024,#4025,#4026);
#4024 = CARTESIAN_POINT('',(-1.155,0.8,0.495));
#4025 = DIRECTION('',(0.,-1.,0.));
#4026 = DIRECTION('',(0.,0.,1.));
#4027 = ORIENTED_EDGE('',*,*,#4028,.F.);
#4028 = EDGE_CURVE('',#4029,#4020,#4031,.T.);
#4029 = VERTEX_POINT('',#4030);
#4030 = CARTESIAN_POINT('',(-1.545,0.8,0.495));
#4031 = LINE('',#4032,#4033);
#4032 = CARTESIAN_POINT('',(-1.545,0.8,0.495));
#4033 = VECTOR('',#4034,1.);
#4034 = DIRECTION('',(1.,0.,0.));
#4035 = ORIENTED_EDGE('',*,*,#4036,.F.);
#4036 = EDGE_CURVE('',#4037,#4029,#4039,.T.);
#4037 = VERTEX_POINT('',#4038);
#4038 = CARTESIAN_POINT('',(-1.545,0.8,5.5E-02));
#4039 = LINE('',#4040,#4041);
#4040 = CARTESIAN_POINT('',(-1.545,0.8,5.5E-02));
#4041 = VECTOR('',#4042,1.);
#4042 = DIRECTION('',(0.,0.,1.));
#4043 = ORIENTED_EDGE('',*,*,#4044,.T.);
#4044 = EDGE_CURVE('',#4037,#4045,#4047,.T.);
#4045 = VERTEX_POINT('',#4046);
#4046 = CARTESIAN_POINT('',(-1.1,0.8,5.5E-02));
#4047 = LINE('',#4048,#4049);
#4048 = CARTESIAN_POINT('',(-1.545,0.8,5.5E-02));
#4049 = VECTOR('',#4050,1.);
#4050 = DIRECTION('',(1.,0.,0.));
#4051 = ORIENTED_EDGE('',*,*,#4052,.T.);
#4052 = EDGE_CURVE('',#4045,#4001,#4053,.T.);
#4053 = CIRCLE('',#4054,5.5E-02);
#4054 = AXIS2_PLACEMENT_3D('',#4055,#4056,#4057);
#4055 = CARTESIAN_POINT('',(-1.155,0.8,5.5E-02));
#4056 = DIRECTION('',(0.,1.,0.));
#4057 = DIRECTION('',(0.,-0.,1.));
#4058 = PLANE('',#4059);
#4059 = AXIS2_PLACEMENT_3D('',#4060,#4061,#4062);
#4060 = CARTESIAN_POINT('',(-1.6,0.8,0.));
#4061 = DIRECTION('',(0.,1.,0.));
#4062 = DIRECTION('',(0.,-0.,1.));
#4063 = ADVANCED_FACE('',(#4064),#4075,.F.);
#4064 = FACE_BOUND('',#4065,.F.);
#4065 = EDGE_LOOP('',(#4066,#4067,#4068,#4069));
#4066 = ORIENTED_EDGE('',*,*,#4000,.F.);
#4067 = ORIENTED_EDGE('',*,*,#3960,.F.);
#4068 = ORIENTED_EDGE('',*,*,#3867,.T.);
#4069 = ORIENTED_EDGE('',*,*,#4070,.T.);
#4070 = EDGE_CURVE('',#3870,#4001,#4071,.T.);
#4071 = LINE('',#4072,#4073);
#4072 = CARTESIAN_POINT('',(-1.155,-0.8,0.));
#4073 = VECTOR('',#4074,1.);
#4074 = DIRECTION('',(0.,1.,0.));
#4075 = PLANE('',#4076);
#4076 = AXIS2_PLACEMENT_3D('',#4077,#4078,#4079);
#4077 = CARTESIAN_POINT('',(-1.6,-0.8,0.));
#4078 = DIRECTION('',(0.,0.,1.));
#4079 = DIRECTION('',(1.,0.,-0.));
#4080 = ADVANCED_FACE('',(#4081),#4092,.T.);
#4081 = FACE_BOUND('',#4082,.T.);
#4082 = EDGE_LOOP('',(#4083,#4084,#4085,#4086));
#4083 = ORIENTED_EDGE('',*,*,#3935,.T.);
#4084 = ORIENTED_EDGE('',*,*,#4070,.T.);
#4085 = ORIENTED_EDGE('',*,*,#4052,.F.);
#4086 = ORIENTED_EDGE('',*,*,#4087,.F.);
#4087 = EDGE_CURVE('',#3928,#4045,#4088,.T.);
#4088 = LINE('',#4089,#4090);
#4089 = CARTESIAN_POINT('',(-1.1,-0.8,5.5E-02));
#4090 = VECTOR('',#4091,1.);
#4091 = DIRECTION('',(0.,1.,0.));
#4092 = CYLINDRICAL_SURFACE('',#4093,5.5E-02);
#4093 = AXIS2_PLACEMENT_3D('',#4094,#4095,#4096);
#4094 = CARTESIAN_POINT('',(-1.155,-0.8,5.5E-02));
#4095 = DIRECTION('',(0.,1.,0.));
#4096 = DIRECTION('',(1.,0.,0.));
#4097 = ADVANCED_FACE('',(#4098),#4141,.F.);
#4098 = FACE_BOUND('',#4099,.F.);
#4099 = EDGE_LOOP('',(#4100,#4101,#4102,#4103,#4111,#4119,#4127,#4135));
#4100 = ORIENTED_EDGE('',*,*,#3927,.F.);
#4101 = ORIENTED_EDGE('',*,*,#3919,.T.);
#4102 = ORIENTED_EDGE('',*,*,#3911,.T.);
#4103 = ORIENTED_EDGE('',*,*,#4104,.T.);
#4104 = EDGE_CURVE('',#3903,#4105,#4107,.T.);
#4105 = VERTEX_POINT('',#4106);
#4106 = CARTESIAN_POINT('',(1.1,-0.8,0.495));
#4107 = LINE('',#4108,#4109);
#4108 = CARTESIAN_POINT('',(-1.1,-0.8,0.495));
#4109 = VECTOR('',#4110,1.);
#4110 = DIRECTION('',(1.,0.,0.));
#4111 = ORIENTED_EDGE('',*,*,#4112,.T.);
#4112 = EDGE_CURVE('',#4105,#4113,#4115,.T.);
#4113 = VERTEX_POINT('',#4114);
#4114 = CARTESIAN_POINT('',(1.545,-0.8,0.495));
#4115 = LINE('',#4116,#4117);
#4116 = CARTESIAN_POINT('',(-1.545,-0.8,0.495));
#4117 = VECTOR('',#4118,1.);
#4118 = DIRECTION('',(1.,0.,0.));
#4119 = ORIENTED_EDGE('',*,*,#4120,.F.);
#4120 = EDGE_CURVE('',#4121,#4113,#4123,.T.);
#4121 = VERTEX_POINT('',#4122);
#4122 = CARTESIAN_POINT('',(1.545,-0.8,5.5E-02));
#4123 = LINE('',#4124,#4125);
#4124 = CARTESIAN_POINT('',(1.545,-0.8,5.5E-02));
#4125 = VECTOR('',#4126,1.);
#4126 = DIRECTION('',(0.,0.,1.));
#4127 = ORIENTED_EDGE('',*,*,#4128,.F.);
#4128 = EDGE_CURVE('',#4129,#4121,#4131,.T.);
#4129 = VERTEX_POINT('',#4130);
#4130 = CARTESIAN_POINT('',(1.1,-0.8,5.5E-02));
#4131 = LINE('',#4132,#4133);
#4132 = CARTESIAN_POINT('',(-1.545,-0.8,5.5E-02));
#4133 = VECTOR('',#4134,1.);
#4134 = DIRECTION('',(1.,0.,0.));
#4135 = ORIENTED_EDGE('',*,*,#4136,.F.);
#4136 = EDGE_CURVE('',#3928,#4129,#4137,.T.);
#4137 = LINE('',#4138,#4139);
#4138 = CARTESIAN_POINT('',(-1.545,-0.8,5.5E-02));
#4139 = VECTOR('',#4140,1.);
#4140 = DIRECTION('',(1.,0.,0.));
#4141 = PLANE('',#4142);
#4142 = AXIS2_PLACEMENT_3D('',#4143,#4144,#4145);
#4143 = CARTESIAN_POINT('',(-1.545,-0.8,5.5E-02));
#4144 = DIRECTION('',(0.,1.,0.));
#4145 = DIRECTION('',(0.,-0.,1.));
#4146 = ADVANCED_FACE('',(#4147),#4163,.T.);
#4147 = FACE_BOUND('',#4148,.T.);
#4148 = EDGE_LOOP('',(#4149,#4155,#4156,#4162));
#4149 = ORIENTED_EDGE('',*,*,#4150,.T.);
#4150 = EDGE_CURVE('',#3903,#4020,#4151,.T.);
#4151 = LINE('',#4152,#4153);
#4152 = CARTESIAN_POINT('',(-1.1,-0.8,0.495));
#4153 = VECTOR('',#4154,1.);
#4154 = DIRECTION('',(0.,1.,0.));
#4155 = ORIENTED_EDGE('',*,*,#4019,.T.);
#4156 = ORIENTED_EDGE('',*,*,#4157,.F.);
#4157 = EDGE_CURVE('',#3895,#4012,#4158,.T.);
#4158 = LINE('',#4159,#4160);
#4159 = CARTESIAN_POINT('',(-1.155,-0.8,0.55));
#4160 = VECTOR('',#4161,1.);
#4161 = DIRECTION('',(0.,1.,0.));
#4162 = ORIENTED_EDGE('',*,*,#3902,.F.);
#4163 = CYLINDRICAL_SURFACE('',#4164,5.5E-02);
#4164 = AXIS2_PLACEMENT_3D('',#4165,#4166,#4167);
#4165 = CARTESIAN_POINT('',(-1.155,-0.8,0.495));
#4166 = DIRECTION('',(0.,1.,0.));
#4167 = DIRECTION('',(1.,0.,0.));
#4168 = ADVANCED_FACE('',(#4169),#4175,.T.);
#4169 = FACE_BOUND('',#4170,.T.);
#4170 = EDGE_LOOP('',(#4171,#4172,#4173,#4174));
#4171 = ORIENTED_EDGE('',*,*,#4011,.F.);
#4172 = ORIENTED_EDGE('',*,*,#3976,.F.);
#4173 = ORIENTED_EDGE('',*,*,#3894,.T.);
#4174 = ORIENTED_EDGE('',*,*,#4157,.T.);
#4175 = PLANE('',#4176);
#4176 = AXIS2_PLACEMENT_3D('',#4177,#4178,#4179);
#4177 = CARTESIAN_POINT('',(-1.6,-0.8,0.55));
#4178 = DIRECTION('',(0.,0.,1.));
#4179 = DIRECTION('',(1.,0.,-0.));
#4180 = ADVANCED_FACE('',(#4181),#4224,.T.);
#4181 = FACE_BOUND('',#4182,.T.);
#4182 = EDGE_LOOP('',(#4183,#4184,#4185,#4186,#4194,#4202,#4210,#4218));
#4183 = ORIENTED_EDGE('',*,*,#4044,.F.);
#4184 = ORIENTED_EDGE('',*,*,#4036,.T.);
#4185 = ORIENTED_EDGE('',*,*,#4028,.T.);
#4186 = ORIENTED_EDGE('',*,*,#4187,.T.);
#4187 = EDGE_CURVE('',#4020,#4188,#4190,.T.);
#4188 = VERTEX_POINT('',#4189);
#4189 = CARTESIAN_POINT('',(1.1,0.8,0.495));
#4190 = LINE('',#4191,#4192);
#4191 = CARTESIAN_POINT('',(-1.1,0.8,0.495));
#4192 = VECTOR('',#4193,1.);
#4193 = DIRECTION('',(1.,0.,0.));
#4194 = ORIENTED_EDGE('',*,*,#4195,.T.);
#4195 = EDGE_CURVE('',#4188,#4196,#4198,.T.);
#4196 = VERTEX_POINT('',#4197);
#4197 = CARTESIAN_POINT('',(1.545,0.8,0.495));
#4198 = LINE('',#4199,#4200);
#4199 = CARTESIAN_POINT('',(-1.545,0.8,0.495));
#4200 = VECTOR('',#4201,1.);
#4201 = DIRECTION('',(1.,0.,0.));
#4202 = ORIENTED_EDGE('',*,*,#4203,.F.);
#4203 = EDGE_CURVE('',#4204,#4196,#4206,.T.);
#4204 = VERTEX_POINT('',#4205);
#4205 = CARTESIAN_POINT('',(1.545,0.8,5.5E-02));
#4206 = LINE('',#4207,#4208);
#4207 = CARTESIAN_POINT('',(1.545,0.8,5.5E-02));
#4208 = VECTOR('',#4209,1.);
#4209 = DIRECTION('',(0.,0.,1.));
#4210 = ORIENTED_EDGE('',*,*,#4211,.F.);
#4211 = EDGE_CURVE('',#4212,#4204,#4214,.T.);
#4212 = VERTEX_POINT('',#4213);
#4213 = CARTESIAN_POINT('',(1.1,0.8,5.5E-02));
#4214 = LINE('',#4215,#4216);
#4215 = CARTESIAN_POINT('',(-1.545,0.8,5.5E-02));
#4216 = VECTOR('',#4217,1.);
#4217 = DIRECTION('',(1.,0.,0.));
#4218 = ORIENTED_EDGE('',*,*,#4219,.F.);
#4219 = EDGE_CURVE('',#4045,#4212,#4220,.T.);
#4220 = LINE('',#4221,#4222);
#4221 = CARTESIAN_POINT('',(-1.545,0.8,5.5E-02));
#4222 = VECTOR('',#4223,1.);
#4223 = DIRECTION('',(1.,0.,0.));
#4224 = PLANE('',#4225);
#4225 = AXIS2_PLACEMENT_3D('',#4226,#4227,#4228);
#4226 = CARTESIAN_POINT('',(-1.545,0.8,5.5E-02));
#4227 = DIRECTION('',(0.,1.,0.));
#4228 = DIRECTION('',(0.,-0.,1.));
#4229 = ADVANCED_FACE('',(#4230),#4241,.F.);
#4230 = FACE_BOUND('',#4231,.F.);
#4231 = EDGE_LOOP('',(#4232,#4233,#4234,#4240));
#4232 = ORIENTED_EDGE('',*,*,#4087,.F.);
#4233 = ORIENTED_EDGE('',*,*,#4136,.T.);
#4234 = ORIENTED_EDGE('',*,*,#4235,.T.);
#4235 = EDGE_CURVE('',#4129,#4212,#4236,.T.);
#4236 = LINE('',#4237,#4238);
#4237 = CARTESIAN_POINT('',(1.1,-0.8,5.5E-02));
#4238 = VECTOR('',#4239,1.);
#4239 = DIRECTION('',(0.,1.,0.));
#4240 = ORIENTED_EDGE('',*,*,#4219,.F.);
#4241 = PLANE('',#4242);
#4242 = AXIS2_PLACEMENT_3D('',#4243,#4244,#4245);
#4243 = CARTESIAN_POINT('',(-1.545,-0.8,5.5E-02));
#4244 = DIRECTION('',(0.,0.,1.));
#4245 = DIRECTION('',(1.,0.,-0.));
#4246 = ADVANCED_FACE('',(#4247),#4310,.F.);
#4247 = FACE_BOUND('',#4248,.F.);
#4248 = EDGE_LOOP('',(#4249,#4259,#4266,#4267,#4268,#4269,#4278,#4286,
    #4295,#4303));
#4249 = ORIENTED_EDGE('',*,*,#4250,.F.);
#4250 = EDGE_CURVE('',#4251,#4253,#4255,.T.);
#4251 = VERTEX_POINT('',#4252);
#4252 = CARTESIAN_POINT('',(1.155,-0.8,0.));
#4253 = VERTEX_POINT('',#4254);
#4254 = CARTESIAN_POINT('',(1.545,-0.8,0.));
#4255 = LINE('',#4256,#4257);
#4256 = CARTESIAN_POINT('',(1.1,-0.8,0.));
#4257 = VECTOR('',#4258,1.);
#4258 = DIRECTION('',(1.,0.,0.));
#4259 = ORIENTED_EDGE('',*,*,#4260,.F.);
#4260 = EDGE_CURVE('',#4129,#4251,#4261,.T.);
#4261 = CIRCLE('',#4262,5.5E-02);
#4262 = AXIS2_PLACEMENT_3D('',#4263,#4264,#4265);
#4263 = CARTESIAN_POINT('',(1.155,-0.8,5.5E-02));
#4264 = DIRECTION('',(0.,-1.,0.));
#4265 = DIRECTION('',(0.,0.,1.));
#4266 = ORIENTED_EDGE('',*,*,#4128,.T.);
#4267 = ORIENTED_EDGE('',*,*,#4120,.T.);
#4268 = ORIENTED_EDGE('',*,*,#4112,.F.);
#4269 = ORIENTED_EDGE('',*,*,#4270,.T.);
#4270 = EDGE_CURVE('',#4105,#4271,#4273,.T.);
#4271 = VERTEX_POINT('',#4272);
#4272 = CARTESIAN_POINT('',(1.155,-0.8,0.55));
#4273 = CIRCLE('',#4274,5.5E-02);
#4274 = AXIS2_PLACEMENT_3D('',#4275,#4276,#4277);
#4275 = CARTESIAN_POINT('',(1.155,-0.8,0.495));
#4276 = DIRECTION('',(0.,1.,0.));
#4277 = DIRECTION('',(0.,-0.,1.));
#4278 = ORIENTED_EDGE('',*,*,#4279,.T.);
#4279 = EDGE_CURVE('',#4271,#4280,#4282,.T.);
#4280 = VERTEX_POINT('',#4281);
#4281 = CARTESIAN_POINT('',(1.545,-0.8,0.55));
#4282 = LINE('',#4283,#4284);
#4283 = CARTESIAN_POINT('',(1.1,-0.8,0.55));
#4284 = VECTOR('',#4285,1.);
#4285 = DIRECTION('',(1.,0.,0.));
#4286 = ORIENTED_EDGE('',*,*,#4287,.F.);
#4287 = EDGE_CURVE('',#4288,#4280,#4290,.T.);
#4288 = VERTEX_POINT('',#4289);
#4289 = CARTESIAN_POINT('',(1.6,-0.8,0.495));
#4290 = CIRCLE('',#4291,5.5E-02);
#4291 = AXIS2_PLACEMENT_3D('',#4292,#4293,#4294);
#4292 = CARTESIAN_POINT('',(1.545,-0.8,0.495));
#4293 = DIRECTION('',(0.,-1.,0.));
#4294 = DIRECTION('',(0.,0.,1.));
#4295 = ORIENTED_EDGE('',*,*,#4296,.F.);
#4296 = EDGE_CURVE('',#4297,#4288,#4299,.T.);
#4297 = VERTEX_POINT('',#4298);
#4298 = CARTESIAN_POINT('',(1.6,-0.8,5.5E-02));
#4299 = LINE('',#4300,#4301);
#4300 = CARTESIAN_POINT('',(1.6,-0.8,0.));
#4301 = VECTOR('',#4302,1.);
#4302 = DIRECTION('',(0.,0.,1.));
#4303 = ORIENTED_EDGE('',*,*,#4304,.T.);
#4304 = EDGE_CURVE('',#4297,#4253,#4305,.T.);
#4305 = CIRCLE('',#4306,5.5E-02);
#4306 = AXIS2_PLACEMENT_3D('',#4307,#4308,#4309);
#4307 = CARTESIAN_POINT('',(1.545,-0.8,5.5E-02));
#4308 = DIRECTION('',(0.,1.,0.));
#4309 = DIRECTION('',(0.,-0.,1.));
#4310 = PLANE('',#4311);
#4311 = AXIS2_PLACEMENT_3D('',#4312,#4313,#4314);
#4312 = CARTESIAN_POINT('',(1.1,-0.8,0.));
#4313 = DIRECTION('',(0.,1.,0.));
#4314 = DIRECTION('',(0.,-0.,1.));
#4315 = ADVANCED_FACE('',(#4316),#4341,.F.);
#4316 = FACE_BOUND('',#4317,.F.);
#4317 = EDGE_LOOP('',(#4318,#4319,#4327,#4335));
#4318 = ORIENTED_EDGE('',*,*,#4104,.F.);
#4319 = ORIENTED_EDGE('',*,*,#4320,.T.);
#4320 = EDGE_CURVE('',#3903,#4321,#4323,.T.);
#4321 = VERTEX_POINT('',#4322);
#4322 = CARTESIAN_POINT('',(-1.1,-0.8,0.55));
#4323 = LINE('',#4324,#4325);
#4324 = CARTESIAN_POINT('',(-1.1,-0.8,0.495));
#4325 = VECTOR('',#4326,1.);
#4326 = DIRECTION('',(0.,0.,1.));
#4327 = ORIENTED_EDGE('',*,*,#4328,.T.);
#4328 = EDGE_CURVE('',#4321,#4329,#4331,.T.);
#4329 = VERTEX_POINT('',#4330);
#4330 = CARTESIAN_POINT('',(1.1,-0.8,0.55));
#4331 = LINE('',#4332,#4333);
#4332 = CARTESIAN_POINT('',(-1.1,-0.8,0.55));
#4333 = VECTOR('',#4334,1.);
#4334 = DIRECTION('',(1.,0.,0.));
#4335 = ORIENTED_EDGE('',*,*,#4336,.F.);
#4336 = EDGE_CURVE('',#4105,#4329,#4337,.T.);
#4337 = LINE('',#4338,#4339);
#4338 = CARTESIAN_POINT('',(1.1,-0.8,0.495));
#4339 = VECTOR('',#4340,1.);
#4340 = DIRECTION('',(0.,0.,1.));
#4341 = PLANE('',#4342);
#4342 = AXIS2_PLACEMENT_3D('',#4343,#4344,#4345);
#4343 = CARTESIAN_POINT('',(-1.1,-0.8,0.495));
#4344 = DIRECTION('',(0.,1.,0.));
#4345 = DIRECTION('',(0.,-0.,1.));
#4346 = ADVANCED_FACE('',(#4347),#4365,.F.);
#4347 = FACE_BOUND('',#4348,.F.);
#4348 = EDGE_LOOP('',(#4349,#4350,#4351,#4359));
#4349 = ORIENTED_EDGE('',*,*,#4320,.F.);
#4350 = ORIENTED_EDGE('',*,*,#4150,.T.);
#4351 = ORIENTED_EDGE('',*,*,#4352,.T.);
#4352 = EDGE_CURVE('',#4020,#4353,#4355,.T.);
#4353 = VERTEX_POINT('',#4354);
#4354 = CARTESIAN_POINT('',(-1.1,0.8,0.55));
#4355 = LINE('',#4356,#4357);
#4356 = CARTESIAN_POINT('',(-1.1,0.8,0.495));
#4357 = VECTOR('',#4358,1.);
#4358 = DIRECTION('',(0.,0.,1.));
#4359 = ORIENTED_EDGE('',*,*,#4360,.F.);
#4360 = EDGE_CURVE('',#4321,#4353,#4361,.T.);
#4361 = LINE('',#4362,#4363);
#4362 = CARTESIAN_POINT('',(-1.1,-0.8,0.55));
#4363 = VECTOR('',#4364,1.);
#4364 = DIRECTION('',(0.,1.,0.));
#4365 = PLANE('',#4366);
#4366 = AXIS2_PLACEMENT_3D('',#4367,#4368,#4369);
#4367 = CARTESIAN_POINT('',(-1.1,-0.8,0.495));
#4368 = DIRECTION('',(1.,0.,0.));
#4369 = DIRECTION('',(0.,0.,1.));
#4370 = ADVANCED_FACE('',(#4371),#4434,.T.);
#4371 = FACE_BOUND('',#4372,.T.);
#4372 = EDGE_LOOP('',(#4373,#4383,#4390,#4391,#4392,#4393,#4402,#4410,
    #4419,#4427));
#4373 = ORIENTED_EDGE('',*,*,#4374,.F.);
#4374 = EDGE_CURVE('',#4375,#4377,#4379,.T.);
#4375 = VERTEX_POINT('',#4376);
#4376 = CARTESIAN_POINT('',(1.155,0.8,0.));
#4377 = VERTEX_POINT('',#4378);
#4378 = CARTESIAN_POINT('',(1.545,0.8,0.));
#4379 = LINE('',#4380,#4381);
#4380 = CARTESIAN_POINT('',(1.1,0.8,0.));
#4381 = VECTOR('',#4382,1.);
#4382 = DIRECTION('',(1.,0.,0.));
#4383 = ORIENTED_EDGE('',*,*,#4384,.F.);
#4384 = EDGE_CURVE('',#4212,#4375,#4385,.T.);
#4385 = CIRCLE('',#4386,5.5E-02);
#4386 = AXIS2_PLACEMENT_3D('',#4387,#4388,#4389);
#4387 = CARTESIAN_POINT('',(1.155,0.8,5.5E-02));
#4388 = DIRECTION('',(0.,-1.,0.));
#4389 = DIRECTION('',(0.,0.,1.));
#4390 = ORIENTED_EDGE('',*,*,#4211,.T.);
#4391 = ORIENTED_EDGE('',*,*,#4203,.T.);
#4392 = ORIENTED_EDGE('',*,*,#4195,.F.);
#4393 = ORIENTED_EDGE('',*,*,#4394,.T.);
#4394 = EDGE_CURVE('',#4188,#4395,#4397,.T.);
#4395 = VERTEX_POINT('',#4396);
#4396 = CARTESIAN_POINT('',(1.155,0.8,0.55));
#4397 = CIRCLE('',#4398,5.5E-02);
#4398 = AXIS2_PLACEMENT_3D('',#4399,#4400,#4401);
#4399 = CARTESIAN_POINT('',(1.155,0.8,0.495));
#4400 = DIRECTION('',(0.,1.,0.));
#4401 = DIRECTION('',(0.,-0.,1.));
#4402 = ORIENTED_EDGE('',*,*,#4403,.T.);
#4403 = EDGE_CURVE('',#4395,#4404,#4406,.T.);
#4404 = VERTEX_POINT('',#4405);
#4405 = CARTESIAN_POINT('',(1.545,0.8,0.55));
#4406 = LINE('',#4407,#4408);
#4407 = CARTESIAN_POINT('',(1.1,0.8,0.55));
#4408 = VECTOR('',#4409,1.);
#4409 = DIRECTION('',(1.,0.,0.));
#4410 = ORIENTED_EDGE('',*,*,#4411,.F.);
#4411 = EDGE_CURVE('',#4412,#4404,#4414,.T.);
#4412 = VERTEX_POINT('',#4413);
#4413 = CARTESIAN_POINT('',(1.6,0.8,0.495));
#4414 = CIRCLE('',#4415,5.5E-02);
#4415 = AXIS2_PLACEMENT_3D('',#4416,#4417,#4418);
#4416 = CARTESIAN_POINT('',(1.545,0.8,0.495));
#4417 = DIRECTION('',(0.,-1.,0.));
#4418 = DIRECTION('',(0.,0.,1.));
#4419 = ORIENTED_EDGE('',*,*,#4420,.F.);
#4420 = EDGE_CURVE('',#4421,#4412,#4423,.T.);
#4421 = VERTEX_POINT('',#4422);
#4422 = CARTESIAN_POINT('',(1.6,0.8,5.5E-02));
#4423 = LINE('',#4424,#4425);
#4424 = CARTESIAN_POINT('',(1.6,0.8,0.));
#4425 = VECTOR('',#4426,1.);
#4426 = DIRECTION('',(0.,0.,1.));
#4427 = ORIENTED_EDGE('',*,*,#4428,.T.);
#4428 = EDGE_CURVE('',#4421,#4377,#4429,.T.);
#4429 = CIRCLE('',#4430,5.5E-02);
#4430 = AXIS2_PLACEMENT_3D('',#4431,#4432,#4433);
#4431 = CARTESIAN_POINT('',(1.545,0.8,5.5E-02));
#4432 = DIRECTION('',(0.,1.,0.));
#4433 = DIRECTION('',(0.,-0.,1.));
#4434 = PLANE('',#4435);
#4435 = AXIS2_PLACEMENT_3D('',#4436,#4437,#4438);
#4436 = CARTESIAN_POINT('',(1.1,0.8,0.));
#4437 = DIRECTION('',(0.,1.,0.));
#4438 = DIRECTION('',(0.,-0.,1.));
#4439 = ADVANCED_FACE('',(#4440),#4458,.T.);
#4440 = FACE_BOUND('',#4441,.T.);
#4441 = EDGE_LOOP('',(#4442,#4443,#4444,#4452));
#4442 = ORIENTED_EDGE('',*,*,#4187,.F.);
#4443 = ORIENTED_EDGE('',*,*,#4352,.T.);
#4444 = ORIENTED_EDGE('',*,*,#4445,.T.);
#4445 = EDGE_CURVE('',#4353,#4446,#4448,.T.);
#4446 = VERTEX_POINT('',#4447);
#4447 = CARTESIAN_POINT('',(1.1,0.8,0.55));
#4448 = LINE('',#4449,#4450);
#4449 = CARTESIAN_POINT('',(-1.1,0.8,0.55));
#4450 = VECTOR('',#4451,1.);
#4451 = DIRECTION('',(1.,0.,0.));
#4452 = ORIENTED_EDGE('',*,*,#4453,.F.);
#4453 = EDGE_CURVE('',#4188,#4446,#4454,.T.);
#4454 = LINE('',#4455,#4456);
#4455 = CARTESIAN_POINT('',(1.1,0.8,0.495));
#4456 = VECTOR('',#4457,1.);
#4457 = DIRECTION('',(0.,0.,1.));
#4458 = PLANE('',#4459);
#4459 = AXIS2_PLACEMENT_3D('',#4460,#4461,#4462);
#4460 = CARTESIAN_POINT('',(-1.1,0.8,0.495));
#4461 = DIRECTION('',(0.,1.,0.));
#4462 = DIRECTION('',(0.,-0.,1.));
#4463 = ADVANCED_FACE('',(#4464),#4475,.T.);
#4464 = FACE_BOUND('',#4465,.T.);
#4465 = EDGE_LOOP('',(#4466,#4467,#4468,#4474));
#4466 = ORIENTED_EDGE('',*,*,#4235,.T.);
#4467 = ORIENTED_EDGE('',*,*,#4384,.T.);
#4468 = ORIENTED_EDGE('',*,*,#4469,.F.);
#4469 = EDGE_CURVE('',#4251,#4375,#4470,.T.);
#4470 = LINE('',#4471,#4472);
#4471 = CARTESIAN_POINT('',(1.155,-0.8,0.));
#4472 = VECTOR('',#4473,1.);
#4473 = DIRECTION('',(0.,1.,0.));
#4474 = ORIENTED_EDGE('',*,*,#4260,.F.);
#4475 = CYLINDRICAL_SURFACE('',#4476,5.5E-02);
#4476 = AXIS2_PLACEMENT_3D('',#4477,#4478,#4479);
#4477 = CARTESIAN_POINT('',(1.155,-0.8,5.5E-02));
#4478 = DIRECTION('',(0.,1.,0.));
#4479 = DIRECTION('',(-1.,0.,0.));
#4480 = ADVANCED_FACE('',(#4481),#4492,.F.);
#4481 = FACE_BOUND('',#4482,.F.);
#4482 = EDGE_LOOP('',(#4483,#4484,#4485,#4486));
#4483 = ORIENTED_EDGE('',*,*,#4374,.F.);
#4484 = ORIENTED_EDGE('',*,*,#4469,.F.);
#4485 = ORIENTED_EDGE('',*,*,#4250,.T.);
#4486 = ORIENTED_EDGE('',*,*,#4487,.T.);
#4487 = EDGE_CURVE('',#4253,#4377,#4488,.T.);
#4488 = LINE('',#4489,#4490);
#4489 = CARTESIAN_POINT('',(1.545,-0.8,0.));
#4490 = VECTOR('',#4491,1.);
#4491 = DIRECTION('',(0.,1.,0.));
#4492 = PLANE('',#4493);
#4493 = AXIS2_PLACEMENT_3D('',#4494,#4495,#4496);
#4494 = CARTESIAN_POINT('',(1.1,-0.8,0.));
#4495 = DIRECTION('',(0.,0.,1.));
#4496 = DIRECTION('',(1.,0.,-0.));
#4497 = ADVANCED_FACE('',(#4498),#4509,.T.);
#4498 = FACE_BOUND('',#4499,.T.);
#4499 = EDGE_LOOP('',(#4500,#4501,#4502,#4503));
#4500 = ORIENTED_EDGE('',*,*,#4304,.T.);
#4501 = ORIENTED_EDGE('',*,*,#4487,.T.);
#4502 = ORIENTED_EDGE('',*,*,#4428,.F.);
#4503 = ORIENTED_EDGE('',*,*,#4504,.F.);
#4504 = EDGE_CURVE('',#4297,#4421,#4505,.T.);
#4505 = LINE('',#4506,#4507);
#4506 = CARTESIAN_POINT('',(1.6,-0.8,5.5E-02));
#4507 = VECTOR('',#4508,1.);
#4508 = DIRECTION('',(0.,1.,0.));
#4509 = CYLINDRICAL_SURFACE('',#4510,5.5E-02);
#4510 = AXIS2_PLACEMENT_3D('',#4511,#4512,#4513);
#4511 = CARTESIAN_POINT('',(1.545,-0.8,5.5E-02));
#4512 = DIRECTION('',(0.,1.,0.));
#4513 = DIRECTION('',(1.,0.,0.));
#4514 = ADVANCED_FACE('',(#4515),#4526,.T.);
#4515 = FACE_BOUND('',#4516,.T.);
#4516 = EDGE_LOOP('',(#4517,#4518,#4519,#4520));
#4517 = ORIENTED_EDGE('',*,*,#4296,.F.);
#4518 = ORIENTED_EDGE('',*,*,#4504,.T.);
#4519 = ORIENTED_EDGE('',*,*,#4420,.T.);
#4520 = ORIENTED_EDGE('',*,*,#4521,.F.);
#4521 = EDGE_CURVE('',#4288,#4412,#4522,.T.);
#4522 = LINE('',#4523,#4524);
#4523 = CARTESIAN_POINT('',(1.6,-0.8,0.495));
#4524 = VECTOR('',#4525,1.);
#4525 = DIRECTION('',(0.,1.,0.));
#4526 = PLANE('',#4527);
#4527 = AXIS2_PLACEMENT_3D('',#4528,#4529,#4530);
#4528 = CARTESIAN_POINT('',(1.6,-0.8,0.));
#4529 = DIRECTION('',(1.,0.,0.));
#4530 = DIRECTION('',(0.,0.,1.));
#4531 = ADVANCED_FACE('',(#4532),#4543,.T.);
#4532 = FACE_BOUND('',#4533,.T.);
#4533 = EDGE_LOOP('',(#4534,#4535,#4536,#4542));
#4534 = ORIENTED_EDGE('',*,*,#4521,.T.);
#4535 = ORIENTED_EDGE('',*,*,#4411,.T.);
#4536 = ORIENTED_EDGE('',*,*,#4537,.F.);
#4537 = EDGE_CURVE('',#4280,#4404,#4538,.T.);
#4538 = LINE('',#4539,#4540);
#4539 = CARTESIAN_POINT('',(1.545,-0.8,0.55));
#4540 = VECTOR('',#4541,1.);
#4541 = DIRECTION('',(0.,1.,0.));
#4542 = ORIENTED_EDGE('',*,*,#4287,.F.);
#4543 = CYLINDRICAL_SURFACE('',#4544,5.5E-02);
#4544 = AXIS2_PLACEMENT_3D('',#4545,#4546,#4547);
#4545 = CARTESIAN_POINT('',(1.545,-0.8,0.495));
#4546 = DIRECTION('',(0.,1.,0.));
#4547 = DIRECTION('',(1.,0.,0.));
#4548 = ADVANCED_FACE('',(#4549),#4560,.T.);
#4549 = FACE_BOUND('',#4550,.T.);
#4550 = EDGE_LOOP('',(#4551,#4552,#4558,#4559));
#4551 = ORIENTED_EDGE('',*,*,#4403,.F.);
#4552 = ORIENTED_EDGE('',*,*,#4553,.F.);
#4553 = EDGE_CURVE('',#4271,#4395,#4554,.T.);
#4554 = LINE('',#4555,#4556);
#4555 = CARTESIAN_POINT('',(1.155,-0.8,0.55));
#4556 = VECTOR('',#4557,1.);
#4557 = DIRECTION('',(0.,1.,0.));
#4558 = ORIENTED_EDGE('',*,*,#4279,.T.);
#4559 = ORIENTED_EDGE('',*,*,#4537,.T.);
#4560 = PLANE('',#4561);
#4561 = AXIS2_PLACEMENT_3D('',#4562,#4563,#4564);
#4562 = CARTESIAN_POINT('',(1.1,-0.8,0.55));
#4563 = DIRECTION('',(0.,0.,1.));
#4564 = DIRECTION('',(1.,0.,-0.));
#4565 = ADVANCED_FACE('',(#4566),#4577,.T.);
#4566 = FACE_BOUND('',#4567,.T.);
#4567 = EDGE_LOOP('',(#4568,#4569,#4570,#4571));
#4568 = ORIENTED_EDGE('',*,*,#4270,.T.);
#4569 = ORIENTED_EDGE('',*,*,#4553,.T.);
#4570 = ORIENTED_EDGE('',*,*,#4394,.F.);
#4571 = ORIENTED_EDGE('',*,*,#4572,.F.);
#4572 = EDGE_CURVE('',#4105,#4188,#4573,.T.);
#4573 = LINE('',#4574,#4575);
#4574 = CARTESIAN_POINT('',(1.1,-0.8,0.495));
#4575 = VECTOR('',#4576,1.);
#4576 = DIRECTION('',(0.,1.,0.));
#4577 = CYLINDRICAL_SURFACE('',#4578,5.5E-02);
#4578 = AXIS2_PLACEMENT_3D('',#4579,#4580,#4581);
#4579 = CARTESIAN_POINT('',(1.155,-0.8,0.495));
#4580 = DIRECTION('',(0.,1.,0.));
#4581 = DIRECTION('',(-1.,0.,0.));
#4582 = ADVANCED_FACE('',(#4583),#4594,.T.);
#4583 = FACE_BOUND('',#4584,.T.);
#4584 = EDGE_LOOP('',(#4585,#4586,#4587,#4588));
#4585 = ORIENTED_EDGE('',*,*,#4336,.F.);
#4586 = ORIENTED_EDGE('',*,*,#4572,.T.);
#4587 = ORIENTED_EDGE('',*,*,#4453,.T.);
#4588 = ORIENTED_EDGE('',*,*,#4589,.F.);
#4589 = EDGE_CURVE('',#4329,#4446,#4590,.T.);
#4590 = LINE('',#4591,#4592);
#4591 = CARTESIAN_POINT('',(1.1,-0.8,0.55));
#4592 = VECTOR('',#4593,1.);
#4593 = DIRECTION('',(0.,1.,0.));
#4594 = PLANE('',#4595);
#4595 = AXIS2_PLACEMENT_3D('',#4596,#4597,#4598);
#4596 = CARTESIAN_POINT('',(1.1,-0.8,0.495));
#4597 = DIRECTION('',(1.,0.,0.));
#4598 = DIRECTION('',(0.,0.,1.));
#4599 = ADVANCED_FACE('',(#4600),#4606,.T.);
#4600 = FACE_BOUND('',#4601,.T.);
#4601 = EDGE_LOOP('',(#4602,#4603,#4604,#4605));
#4602 = ORIENTED_EDGE('',*,*,#4360,.F.);
#4603 = ORIENTED_EDGE('',*,*,#4328,.T.);
#4604 = ORIENTED_EDGE('',*,*,#4589,.T.);
#4605 = ORIENTED_EDGE('',*,*,#4445,.F.);
#4606 = PLANE('',#4607);
#4607 = AXIS2_PLACEMENT_3D('',#4608,#4609,#4610);
#4608 = CARTESIAN_POINT('',(-1.1,-0.8,0.55));
#4609 = DIRECTION('',(0.,0.,1.));
#4610 = DIRECTION('',(1.,0.,-0.));
#4611 = ( GEOMETRIC_REPRESENTATION_CONTEXT(3) 
GLOBAL_UNCERTAINTY_ASSIGNED_CONTEXT((#4615)) 
GLOBAL_UNIT_ASSIGNED_CONTEXT((#4612,#4613,#4614)) REPRESENTATION_CONTEXT
('Context #1','3D Context with UNIT and UNCERTAINTY') );
#4612 = ( LENGTH_UNIT() NAMED_UNIT(*) SI_UNIT(.MILLI.,.METRE.) );
#4613 = ( NAMED_UNIT(*) PLANE_ANGLE_UNIT() SI_UNIT($,.RADIAN.) );
#4614 = ( NAMED_UNIT(*) SI_UNIT($,.STERADIAN.) SOLID_ANGLE_UNIT() );
#4615 = UNCERTAINTY_MEASURE_WITH_UNIT(LENGTH_MEASURE(1.E-07),#4612,
  'distance_accuracy_value','confusion accuracy');
#4616 = SHAPE_DEFINITION_REPRESENTATION(#4617,#3820);
#4617 = PRODUCT_DEFINITION_SHAPE('','',#4618);
#4618 = PRODUCT_DEFINITION('design','',#4619,#4622);
#4619 = PRODUCT_DEFINITION_FORMATION('','',#4620);
#4620 = PRODUCT('Fuse_1206_3216Metric','Fuse_1206_3216Metric','',(#4621)
  );
#4621 = PRODUCT_CONTEXT('',#2,'mechanical');
#4622 = PRODUCT_DEFINITION_CONTEXT('part definition',#2,'design');
#4623 = CONTEXT_DEPENDENT_SHAPE_REPRESENTATION(#4624,#4626);
#4624 = ( REPRESENTATION_RELATIONSHIP('','',#3820,#10) 
REPRESENTATION_RELATIONSHIP_WITH_TRANSFORMATION(#4625) 
SHAPE_REPRESENTATION_RELATIONSHIP() );
#4625 = ITEM_DEFINED_TRANSFORMATION('','',#11,#27);
#4626 = PRODUCT_DEFINITION_SHAPE('Placement','Placement of an item',
  #4627);
#4627 = NEXT_ASSEMBLY_USAGE_OCCURRENCE('4','','',#5,#4618,$);
#4628 = PRODUCT_RELATED_PRODUCT_CATEGORY('part',$,(#4620));
#4629 = ADVANCED_BREP_SHAPE_REPRESENTATION('',(#11,#4630),#5420);
#4630 = MANIFOLD_SOLID_BREP('',#4631);
#4631 = CLOSED_SHELL('',(#4632,#4672,#4755,#4780,#4805,#4872,#4889,#4906
    ,#4955,#4972,#4989,#5038,#5055,#5124,#5155,#5179,#5248,#5272,#5289,
    #5306,#5323,#5340,#5357,#5374,#5391,#5408));
#4632 = ADVANCED_FACE('',(#4633),#4667,.F.);
#4633 = FACE_BOUND('',#4634,.F.);
#4634 = EDGE_LOOP('',(#4635,#4645,#4653,#4661));
#4635 = ORIENTED_EDGE('',*,*,#4636,.F.);
#4636 = EDGE_CURVE('',#4637,#4639,#4641,.T.);
#4637 = VERTEX_POINT('',#4638);
#4638 = CARTESIAN_POINT('',(-0.5,-0.25,3.5E-02));
#4639 = VERTEX_POINT('',#4640);
#4640 = CARTESIAN_POINT('',(-0.5,-0.25,0.315));
#4641 = LINE('',#4642,#4643);
#4642 = CARTESIAN_POINT('',(-0.5,-0.25,0.));
#4643 = VECTOR('',#4644,1.);
#4644 = DIRECTION('',(0.,0.,1.));
#4645 = ORIENTED_EDGE('',*,*,#4646,.T.);
#4646 = EDGE_CURVE('',#4637,#4647,#4649,.T.);
#4647 = VERTEX_POINT('',#4648);
#4648 = CARTESIAN_POINT('',(-0.5,0.25,3.5E-02));
#4649 = LINE('',#4650,#4651);
#4650 = CARTESIAN_POINT('',(-0.5,-0.25,3.5E-02));
#4651 = VECTOR('',#4652,1.);
#4652 = DIRECTION('',(0.,1.,0.));
#4653 = ORIENTED_EDGE('',*,*,#4654,.T.);
#4654 = EDGE_CURVE('',#4647,#4655,#4657,.T.);
#4655 = VERTEX_POINT('',#4656);
#4656 = CARTESIAN_POINT('',(-0.5,0.25,0.315));
#4657 = LINE('',#4658,#4659);
#4658 = CARTESIAN_POINT('',(-0.5,0.25,0.));
#4659 = VECTOR('',#4660,1.);
#4660 = DIRECTION('',(0.,0.,1.));
#4661 = ORIENTED_EDGE('',*,*,#4662,.F.);
#4662 = EDGE_CURVE('',#4639,#4655,#4663,.T.);
#4663 = LINE('',#4664,#4665);
#4664 = CARTESIAN_POINT('',(-0.5,-0.25,0.315));
#4665 = VECTOR('',#4666,1.);
#4666 = DIRECTION('',(0.,1.,0.));
#4667 = PLANE('',#4668);
#4668 = AXIS2_PLACEMENT_3D('',#4669,#4670,#4671);
#4669 = CARTESIAN_POINT('',(-0.5,-0.25,0.));
#4670 = DIRECTION('',(1.,0.,0.));
#4671 = DIRECTION('',(0.,0.,1.));
#4672 = ADVANCED_FACE('',(#4673),#4750,.F.);
#4673 = FACE_BOUND('',#4674,.F.);
#4674 = EDGE_LOOP('',(#4675,#4685,#4692,#4693,#4702,#4710,#4719,#4727,
    #4735,#4743));
#4675 = ORIENTED_EDGE('',*,*,#4676,.F.);
#4676 = EDGE_CURVE('',#4677,#4679,#4681,.T.);
#4677 = VERTEX_POINT('',#4678);
#4678 = CARTESIAN_POINT('',(-0.465,-0.25,-2.775557561563E-17));
#4679 = VERTEX_POINT('',#4680);
#4680 = CARTESIAN_POINT('',(-0.335,-0.25,-2.775557561563E-17));
#4681 = LINE('',#4682,#4683);
#4682 = CARTESIAN_POINT('',(-0.5,-0.25,0.));
#4683 = VECTOR('',#4684,1.);
#4684 = DIRECTION('',(1.,0.,0.));
#4685 = ORIENTED_EDGE('',*,*,#4686,.F.);
#4686 = EDGE_CURVE('',#4637,#4677,#4687,.T.);
#4687 = CIRCLE('',#4688,3.5E-02);
#4688 = AXIS2_PLACEMENT_3D('',#4689,#4690,#4691);
#4689 = CARTESIAN_POINT('',(-0.465,-0.25,3.5E-02));
#4690 = DIRECTION('',(0.,-1.,0.));
#4691 = DIRECTION('',(0.,0.,1.));
#4692 = ORIENTED_EDGE('',*,*,#4636,.T.);
#4693 = ORIENTED_EDGE('',*,*,#4694,.T.);
#4694 = EDGE_CURVE('',#4639,#4695,#4697,.T.);
#4695 = VERTEX_POINT('',#4696);
#4696 = CARTESIAN_POINT('',(-0.465,-0.25,0.35));
#4697 = CIRCLE('',#4698,3.5E-02);
#4698 = AXIS2_PLACEMENT_3D('',#4699,#4700,#4701);
#4699 = CARTESIAN_POINT('',(-0.465,-0.25,0.315));
#4700 = DIRECTION('',(0.,1.,0.));
#4701 = DIRECTION('',(0.,-0.,1.));
#4702 = ORIENTED_EDGE('',*,*,#4703,.T.);
#4703 = EDGE_CURVE('',#4695,#4704,#4706,.T.);
#4704 = VERTEX_POINT('',#4705);
#4705 = CARTESIAN_POINT('',(-0.335,-0.25,0.35));
#4706 = LINE('',#4707,#4708);
#4707 = CARTESIAN_POINT('',(-0.5,-0.25,0.35));
#4708 = VECTOR('',#4709,1.);
#4709 = DIRECTION('',(1.,0.,0.));
#4710 = ORIENTED_EDGE('',*,*,#4711,.F.);
#4711 = EDGE_CURVE('',#4712,#4704,#4714,.T.);
#4712 = VERTEX_POINT('',#4713);
#4713 = CARTESIAN_POINT('',(-0.3,-0.25,0.315));
#4714 = CIRCLE('',#4715,3.5E-02);
#4715 = AXIS2_PLACEMENT_3D('',#4716,#4717,#4718);
#4716 = CARTESIAN_POINT('',(-0.335,-0.25,0.315));
#4717 = DIRECTION('',(0.,-1.,0.));
#4718 = DIRECTION('',(0.,0.,1.));
#4719 = ORIENTED_EDGE('',*,*,#4720,.F.);
#4720 = EDGE_CURVE('',#4721,#4712,#4723,.T.);
#4721 = VERTEX_POINT('',#4722);
#4722 = CARTESIAN_POINT('',(-0.465,-0.25,0.315));
#4723 = LINE('',#4724,#4725);
#4724 = CARTESIAN_POINT('',(-0.465,-0.25,0.315));
#4725 = VECTOR('',#4726,1.);
#4726 = DIRECTION('',(1.,0.,0.));
#4727 = ORIENTED_EDGE('',*,*,#4728,.F.);
#4728 = EDGE_CURVE('',#4729,#4721,#4731,.T.);
#4729 = VERTEX_POINT('',#4730);
#4730 = CARTESIAN_POINT('',(-0.465,-0.25,3.5E-02));
#4731 = LINE('',#4732,#4733);
#4732 = CARTESIAN_POINT('',(-0.465,-0.25,3.5E-02));
#4733 = VECTOR('',#4734,1.);
#4734 = DIRECTION('',(0.,0.,1.));
#4735 = ORIENTED_EDGE('',*,*,#4736,.T.);
#4736 = EDGE_CURVE('',#4729,#4737,#4739,.T.);
#4737 = VERTEX_POINT('',#4738);
#4738 = CARTESIAN_POINT('',(-0.3,-0.25,3.5E-02));
#4739 = LINE('',#4740,#4741);
#4740 = CARTESIAN_POINT('',(-0.465,-0.25,3.5E-02));
#4741 = VECTOR('',#4742,1.);
#4742 = DIRECTION('',(1.,0.,0.));
#4743 = ORIENTED_EDGE('',*,*,#4744,.T.);
#4744 = EDGE_CURVE('',#4737,#4679,#4745,.T.);
#4745 = CIRCLE('',#4746,3.5E-02);
#4746 = AXIS2_PLACEMENT_3D('',#4747,#4748,#4749);
#4747 = CARTESIAN_POINT('',(-0.335,-0.25,3.5E-02));
#4748 = DIRECTION('',(0.,1.,0.));
#4749 = DIRECTION('',(0.,-0.,1.));
#4750 = PLANE('',#4751);
#4751 = AXIS2_PLACEMENT_3D('',#4752,#4753,#4754);
#4752 = CARTESIAN_POINT('',(-0.5,-0.25,0.));
#4753 = DIRECTION('',(0.,1.,0.));
#4754 = DIRECTION('',(0.,-0.,1.));
#4755 = ADVANCED_FACE('',(#4756),#4775,.T.);
#4756 = FACE_BOUND('',#4757,.T.);
#4757 = EDGE_LOOP('',(#4758,#4759,#4768,#4774));
#4758 = ORIENTED_EDGE('',*,*,#4646,.T.);
#4759 = ORIENTED_EDGE('',*,*,#4760,.T.);
#4760 = EDGE_CURVE('',#4647,#4761,#4763,.T.);
#4761 = VERTEX_POINT('',#4762);
#4762 = CARTESIAN_POINT('',(-0.465,0.25,-2.775557561563E-17));
#4763 = CIRCLE('',#4764,3.5E-02);
#4764 = AXIS2_PLACEMENT_3D('',#4765,#4766,#4767);
#4765 = CARTESIAN_POINT('',(-0.465,0.25,3.5E-02));
#4766 = DIRECTION('',(0.,-1.,0.));
#4767 = DIRECTION('',(0.,0.,1.));
#4768 = ORIENTED_EDGE('',*,*,#4769,.F.);
#4769 = EDGE_CURVE('',#4677,#4761,#4770,.T.);
#4770 = LINE('',#4771,#4772);
#4771 = CARTESIAN_POINT('',(-0.465,-0.25,-2.775557561563E-17));
#4772 = VECTOR('',#4773,1.);
#4773 = DIRECTION('',(0.,1.,0.));
#4774 = ORIENTED_EDGE('',*,*,#4686,.F.);
#4775 = CYLINDRICAL_SURFACE('',#4776,3.5E-02);
#4776 = AXIS2_PLACEMENT_3D('',#4777,#4778,#4779);
#4777 = CARTESIAN_POINT('',(-0.465,-0.25,3.5E-02));
#4778 = DIRECTION('',(0.,1.,0.));
#4779 = DIRECTION('',(-1.,0.,0.));
#4780 = ADVANCED_FACE('',(#4781),#4800,.T.);
#4781 = FACE_BOUND('',#4782,.T.);
#4782 = EDGE_LOOP('',(#4783,#4784,#4792,#4799));
#4783 = ORIENTED_EDGE('',*,*,#4694,.T.);
#4784 = ORIENTED_EDGE('',*,*,#4785,.T.);
#4785 = EDGE_CURVE('',#4695,#4786,#4788,.T.);
#4786 = VERTEX_POINT('',#4787);
#4787 = CARTESIAN_POINT('',(-0.465,0.25,0.35));
#4788 = LINE('',#4789,#4790);
#4789 = CARTESIAN_POINT('',(-0.465,-0.25,0.35));
#4790 = VECTOR('',#4791,1.);
#4791 = DIRECTION('',(0.,1.,0.));
#4792 = ORIENTED_EDGE('',*,*,#4793,.F.);
#4793 = EDGE_CURVE('',#4655,#4786,#4794,.T.);
#4794 = CIRCLE('',#4795,3.5E-02);
#4795 = AXIS2_PLACEMENT_3D('',#4796,#4797,#4798);
#4796 = CARTESIAN_POINT('',(-0.465,0.25,0.315));
#4797 = DIRECTION('',(0.,1.,0.));
#4798 = DIRECTION('',(0.,-0.,1.));
#4799 = ORIENTED_EDGE('',*,*,#4662,.F.);
#4800 = CYLINDRICAL_SURFACE('',#4801,3.5E-02);
#4801 = AXIS2_PLACEMENT_3D('',#4802,#4803,#4804);
#4802 = CARTESIAN_POINT('',(-0.465,-0.25,0.315));
#4803 = DIRECTION('',(0.,1.,0.));
#4804 = DIRECTION('',(-1.,0.,0.));
#4805 = ADVANCED_FACE('',(#4806),#4867,.T.);
#4806 = FACE_BOUND('',#4807,.T.);
#4807 = EDGE_LOOP('',(#4808,#4816,#4817,#4818,#4819,#4827,#4836,#4844,
    #4852,#4860));
#4808 = ORIENTED_EDGE('',*,*,#4809,.F.);
#4809 = EDGE_CURVE('',#4761,#4810,#4812,.T.);
#4810 = VERTEX_POINT('',#4811);
#4811 = CARTESIAN_POINT('',(-0.335,0.25,-2.775557561563E-17));
#4812 = LINE('',#4813,#4814);
#4813 = CARTESIAN_POINT('',(-0.5,0.25,0.));
#4814 = VECTOR('',#4815,1.);
#4815 = DIRECTION('',(1.,0.,0.));
#4816 = ORIENTED_EDGE('',*,*,#4760,.F.);
#4817 = ORIENTED_EDGE('',*,*,#4654,.T.);
#4818 = ORIENTED_EDGE('',*,*,#4793,.T.);
#4819 = ORIENTED_EDGE('',*,*,#4820,.T.);
#4820 = EDGE_CURVE('',#4786,#4821,#4823,.T.);
#4821 = VERTEX_POINT('',#4822);
#4822 = CARTESIAN_POINT('',(-0.335,0.25,0.35));
#4823 = LINE('',#4824,#4825);
#4824 = CARTESIAN_POINT('',(-0.5,0.25,0.35));
#4825 = VECTOR('',#4826,1.);
#4826 = DIRECTION('',(1.,0.,0.));
#4827 = ORIENTED_EDGE('',*,*,#4828,.F.);
#4828 = EDGE_CURVE('',#4829,#4821,#4831,.T.);
#4829 = VERTEX_POINT('',#4830);
#4830 = CARTESIAN_POINT('',(-0.3,0.25,0.315));
#4831 = CIRCLE('',#4832,3.5E-02);
#4832 = AXIS2_PLACEMENT_3D('',#4833,#4834,#4835);
#4833 = CARTESIAN_POINT('',(-0.335,0.25,0.315));
#4834 = DIRECTION('',(0.,-1.,0.));
#4835 = DIRECTION('',(0.,0.,1.));
#4836 = ORIENTED_EDGE('',*,*,#4837,.F.);
#4837 = EDGE_CURVE('',#4838,#4829,#4840,.T.);
#4838 = VERTEX_POINT('',#4839);
#4839 = CARTESIAN_POINT('',(-0.465,0.25,0.315));
#4840 = LINE('',#4841,#4842);
#4841 = CARTESIAN_POINT('',(-0.465,0.25,0.315));
#4842 = VECTOR('',#4843,1.);
#4843 = DIRECTION('',(1.,0.,0.));
#4844 = ORIENTED_EDGE('',*,*,#4845,.F.);
#4845 = EDGE_CURVE('',#4846,#4838,#4848,.T.);
#4846 = VERTEX_POINT('',#4847);
#4847 = CARTESIAN_POINT('',(-0.465,0.25,3.5E-02));
#4848 = LINE('',#4849,#4850);
#4849 = CARTESIAN_POINT('',(-0.465,0.25,3.5E-02));
#4850 = VECTOR('',#4851,1.);
#4851 = DIRECTION('',(0.,0.,1.));
#4852 = ORIENTED_EDGE('',*,*,#4853,.T.);
#4853 = EDGE_CURVE('',#4846,#4854,#4856,.T.);
#4854 = VERTEX_POINT('',#4855);
#4855 = CARTESIAN_POINT('',(-0.3,0.25,3.5E-02));
#4856 = LINE('',#4857,#4858);
#4857 = CARTESIAN_POINT('',(-0.465,0.25,3.5E-02));
#4858 = VECTOR('',#4859,1.);
#4859 = DIRECTION('',(1.,0.,0.));
#4860 = ORIENTED_EDGE('',*,*,#4861,.T.);
#4861 = EDGE_CURVE('',#4854,#4810,#4862,.T.);
#4862 = CIRCLE('',#4863,3.5E-02);
#4863 = AXIS2_PLACEMENT_3D('',#4864,#4865,#4866);
#4864 = CARTESIAN_POINT('',(-0.335,0.25,3.5E-02));
#4865 = DIRECTION('',(0.,1.,0.));
#4866 = DIRECTION('',(0.,-0.,1.));
#4867 = PLANE('',#4868);
#4868 = AXIS2_PLACEMENT_3D('',#4869,#4870,#4871);
#4869 = CARTESIAN_POINT('',(-0.5,0.25,0.));
#4870 = DIRECTION('',(0.,1.,0.));
#4871 = DIRECTION('',(0.,-0.,1.));
#4872 = ADVANCED_FACE('',(#4873),#4884,.F.);
#4873 = FACE_BOUND('',#4874,.F.);
#4874 = EDGE_LOOP('',(#4875,#4876,#4877,#4878));
#4875 = ORIENTED_EDGE('',*,*,#4809,.F.);
#4876 = ORIENTED_EDGE('',*,*,#4769,.F.);
#4877 = ORIENTED_EDGE('',*,*,#4676,.T.);
#4878 = ORIENTED_EDGE('',*,*,#4879,.T.);
#4879 = EDGE_CURVE('',#4679,#4810,#4880,.T.);
#4880 = LINE('',#4881,#4882);
#4881 = CARTESIAN_POINT('',(-0.335,-0.25,-2.775557561563E-17));
#4882 = VECTOR('',#4883,1.);
#4883 = DIRECTION('',(0.,1.,0.));
#4884 = PLANE('',#4885);
#4885 = AXIS2_PLACEMENT_3D('',#4886,#4887,#4888);
#4886 = CARTESIAN_POINT('',(-0.5,-0.25,0.));
#4887 = DIRECTION('',(0.,0.,1.));
#4888 = DIRECTION('',(1.,0.,-0.));
#4889 = ADVANCED_FACE('',(#4890),#4901,.T.);
#4890 = FACE_BOUND('',#4891,.T.);
#4891 = EDGE_LOOP('',(#4892,#4893,#4894,#4895));
#4892 = ORIENTED_EDGE('',*,*,#4744,.T.);
#4893 = ORIENTED_EDGE('',*,*,#4879,.T.);
#4894 = ORIENTED_EDGE('',*,*,#4861,.F.);
#4895 = ORIENTED_EDGE('',*,*,#4896,.F.);
#4896 = EDGE_CURVE('',#4737,#4854,#4897,.T.);
#4897 = LINE('',#4898,#4899);
#4898 = CARTESIAN_POINT('',(-0.3,-0.25,3.5E-02));
#4899 = VECTOR('',#4900,1.);
#4900 = DIRECTION('',(0.,1.,0.));
#4901 = CYLINDRICAL_SURFACE('',#4902,3.5E-02);
#4902 = AXIS2_PLACEMENT_3D('',#4903,#4904,#4905);
#4903 = CARTESIAN_POINT('',(-0.335,-0.25,3.5E-02));
#4904 = DIRECTION('',(0.,1.,0.));
#4905 = DIRECTION('',(1.,0.,0.));
#4906 = ADVANCED_FACE('',(#4907),#4950,.F.);
#4907 = FACE_BOUND('',#4908,.F.);
#4908 = EDGE_LOOP('',(#4909,#4910,#4911,#4912,#4920,#4928,#4936,#4944));
#4909 = ORIENTED_EDGE('',*,*,#4736,.F.);
#4910 = ORIENTED_EDGE('',*,*,#4728,.T.);
#4911 = ORIENTED_EDGE('',*,*,#4720,.T.);
#4912 = ORIENTED_EDGE('',*,*,#4913,.T.);
#4913 = EDGE_CURVE('',#4712,#4914,#4916,.T.);
#4914 = VERTEX_POINT('',#4915);
#4915 = CARTESIAN_POINT('',(0.3,-0.25,0.315));
#4916 = LINE('',#4917,#4918);
#4917 = CARTESIAN_POINT('',(-0.3,-0.25,0.315));
#4918 = VECTOR('',#4919,1.);
#4919 = DIRECTION('',(1.,0.,0.));
#4920 = ORIENTED_EDGE('',*,*,#4921,.T.);
#4921 = EDGE_CURVE('',#4914,#4922,#4924,.T.);
#4922 = VERTEX_POINT('',#4923);
#4923 = CARTESIAN_POINT('',(0.465,-0.25,0.315));
#4924 = LINE('',#4925,#4926);
#4925 = CARTESIAN_POINT('',(-0.465,-0.25,0.315));
#4926 = VECTOR('',#4927,1.);
#4927 = DIRECTION('',(1.,0.,0.));
#4928 = ORIENTED_EDGE('',*,*,#4929,.F.);
#4929 = EDGE_CURVE('',#4930,#4922,#4932,.T.);
#4930 = VERTEX_POINT('',#4931);
#4931 = CARTESIAN_POINT('',(0.465,-0.25,3.5E-02));
#4932 = LINE('',#4933,#4934);
#4933 = CARTESIAN_POINT('',(0.465,-0.25,3.5E-02));
#4934 = VECTOR('',#4935,1.);
#4935 = DIRECTION('',(0.,0.,1.));
#4936 = ORIENTED_EDGE('',*,*,#4937,.F.);
#4937 = EDGE_CURVE('',#4938,#4930,#4940,.T.);
#4938 = VERTEX_POINT('',#4939);
#4939 = CARTESIAN_POINT('',(0.3,-0.25,3.5E-02));
#4940 = LINE('',#4941,#4942);
#4941 = CARTESIAN_POINT('',(-0.465,-0.25,3.5E-02));
#4942 = VECTOR('',#4943,1.);
#4943 = DIRECTION('',(1.,0.,0.));
#4944 = ORIENTED_EDGE('',*,*,#4945,.F.);
#4945 = EDGE_CURVE('',#4737,#4938,#4946,.T.);
#4946 = LINE('',#4947,#4948);
#4947 = CARTESIAN_POINT('',(-0.465,-0.25,3.5E-02));
#4948 = VECTOR('',#4949,1.);
#4949 = DIRECTION('',(1.,0.,0.));
#4950 = PLANE('',#4951);
#4951 = AXIS2_PLACEMENT_3D('',#4952,#4953,#4954);
#4952 = CARTESIAN_POINT('',(-0.465,-0.25,3.5E-02));
#4953 = DIRECTION('',(0.,1.,0.));
#4954 = DIRECTION('',(0.,-0.,1.));
#4955 = ADVANCED_FACE('',(#4956),#4967,.T.);
#4956 = FACE_BOUND('',#4957,.T.);
#4957 = EDGE_LOOP('',(#4958,#4959,#4960,#4961));
#4958 = ORIENTED_EDGE('',*,*,#4820,.F.);
#4959 = ORIENTED_EDGE('',*,*,#4785,.F.);
#4960 = ORIENTED_EDGE('',*,*,#4703,.T.);
#4961 = ORIENTED_EDGE('',*,*,#4962,.T.);
#4962 = EDGE_CURVE('',#4704,#4821,#4963,.T.);
#4963 = LINE('',#4964,#4965);
#4964 = CARTESIAN_POINT('',(-0.335,-0.25,0.35));
#4965 = VECTOR('',#4966,1.);
#4966 = DIRECTION('',(0.,1.,0.));
#4967 = PLANE('',#4968);
#4968 = AXIS2_PLACEMENT_3D('',#4969,#4970,#4971);
#4969 = CARTESIAN_POINT('',(-0.5,-0.25,0.35));
#4970 = DIRECTION('',(0.,0.,1.));
#4971 = DIRECTION('',(1.,0.,-0.));
#4972 = ADVANCED_FACE('',(#4973),#4984,.T.);
#4973 = FACE_BOUND('',#4974,.T.);
#4974 = EDGE_LOOP('',(#4975,#4981,#4982,#4983));
#4975 = ORIENTED_EDGE('',*,*,#4976,.T.);
#4976 = EDGE_CURVE('',#4712,#4829,#4977,.T.);
#4977 = LINE('',#4978,#4979);
#4978 = CARTESIAN_POINT('',(-0.3,-0.25,0.315));
#4979 = VECTOR('',#4980,1.);
#4980 = DIRECTION('',(0.,1.,0.));
#4981 = ORIENTED_EDGE('',*,*,#4828,.T.);
#4982 = ORIENTED_EDGE('',*,*,#4962,.F.);
#4983 = ORIENTED_EDGE('',*,*,#4711,.F.);
#4984 = CYLINDRICAL_SURFACE('',#4985,3.5E-02);
#4985 = AXIS2_PLACEMENT_3D('',#4986,#4987,#4988);
#4986 = CARTESIAN_POINT('',(-0.335,-0.25,0.315));
#4987 = DIRECTION('',(0.,1.,0.));
#4988 = DIRECTION('',(1.,0.,0.));
#4989 = ADVANCED_FACE('',(#4990),#5033,.T.);
#4990 = FACE_BOUND('',#4991,.T.);
#4991 = EDGE_LOOP('',(#4992,#4993,#4994,#4995,#5003,#5011,#5019,#5027));
#4992 = ORIENTED_EDGE('',*,*,#4853,.F.);
#4993 = ORIENTED_EDGE('',*,*,#4845,.T.);
#4994 = ORIENTED_EDGE('',*,*,#4837,.T.);
#4995 = ORIENTED_EDGE('',*,*,#4996,.T.);
#4996 = EDGE_CURVE('',#4829,#4997,#4999,.T.);
#4997 = VERTEX_POINT('',#4998);
#4998 = CARTESIAN_POINT('',(0.3,0.25,0.315));
#4999 = LINE('',#5000,#5001);
#5000 = CARTESIAN_POINT('',(-0.3,0.25,0.315));
#5001 = VECTOR('',#5002,1.);
#5002 = DIRECTION('',(1.,0.,0.));
#5003 = ORIENTED_EDGE('',*,*,#5004,.T.);
#5004 = EDGE_CURVE('',#4997,#5005,#5007,.T.);
#5005 = VERTEX_POINT('',#5006);
#5006 = CARTESIAN_POINT('',(0.465,0.25,0.315));
#5007 = LINE('',#5008,#5009);
#5008 = CARTESIAN_POINT('',(-0.465,0.25,0.315));
#5009 = VECTOR('',#5010,1.);
#5010 = DIRECTION('',(1.,0.,0.));
#5011 = ORIENTED_EDGE('',*,*,#5012,.F.);
#5012 = EDGE_CURVE('',#5013,#5005,#5015,.T.);
#5013 = VERTEX_POINT('',#5014);
#5014 = CARTESIAN_POINT('',(0.465,0.25,3.5E-02));
#5015 = LINE('',#5016,#5017);
#5016 = CARTESIAN_POINT('',(0.465,0.25,3.5E-02));
#5017 = VECTOR('',#5018,1.);
#5018 = DIRECTION('',(0.,0.,1.));
#5019 = ORIENTED_EDGE('',*,*,#5020,.F.);
#5020 = EDGE_CURVE('',#5021,#5013,#5023,.T.);
#5021 = VERTEX_POINT('',#5022);
#5022 = CARTESIAN_POINT('',(0.3,0.25,3.5E-02));
#5023 = LINE('',#5024,#5025);
#5024 = CARTESIAN_POINT('',(-0.465,0.25,3.5E-02));
#5025 = VECTOR('',#5026,1.);
#5026 = DIRECTION('',(1.,0.,0.));
#5027 = ORIENTED_EDGE('',*,*,#5028,.F.);
#5028 = EDGE_CURVE('',#4854,#5021,#5029,.T.);
#5029 = LINE('',#5030,#5031);
#5030 = CARTESIAN_POINT('',(-0.465,0.25,3.5E-02));
#5031 = VECTOR('',#5032,1.);
#5032 = DIRECTION('',(1.,0.,0.));
#5033 = PLANE('',#5034);
#5034 = AXIS2_PLACEMENT_3D('',#5035,#5036,#5037);
#5035 = CARTESIAN_POINT('',(-0.465,0.25,3.5E-02));
#5036 = DIRECTION('',(0.,1.,0.));
#5037 = DIRECTION('',(0.,-0.,1.));
#5038 = ADVANCED_FACE('',(#5039),#5050,.F.);
#5039 = FACE_BOUND('',#5040,.F.);
#5040 = EDGE_LOOP('',(#5041,#5042,#5043,#5049));
#5041 = ORIENTED_EDGE('',*,*,#4896,.F.);
#5042 = ORIENTED_EDGE('',*,*,#4945,.T.);
#5043 = ORIENTED_EDGE('',*,*,#5044,.T.);
#5044 = EDGE_CURVE('',#4938,#5021,#5045,.T.);
#5045 = LINE('',#5046,#5047);
#5046 = CARTESIAN_POINT('',(0.3,-0.25,3.5E-02));
#5047 = VECTOR('',#5048,1.);
#5048 = DIRECTION('',(0.,1.,0.));
#5049 = ORIENTED_EDGE('',*,*,#5028,.F.);
#5050 = PLANE('',#5051);
#5051 = AXIS2_PLACEMENT_3D('',#5052,#5053,#5054);
#5052 = CARTESIAN_POINT('',(-0.465,-0.25,3.5E-02));
#5053 = DIRECTION('',(0.,0.,1.));
#5054 = DIRECTION('',(1.,0.,-0.));
#5055 = ADVANCED_FACE('',(#5056),#5119,.F.);
#5056 = FACE_BOUND('',#5057,.F.);
#5057 = EDGE_LOOP('',(#5058,#5068,#5075,#5076,#5077,#5078,#5087,#5095,
    #5104,#5112));
#5058 = ORIENTED_EDGE('',*,*,#5059,.F.);
#5059 = EDGE_CURVE('',#5060,#5062,#5064,.T.);
#5060 = VERTEX_POINT('',#5061);
#5061 = CARTESIAN_POINT('',(0.335,-0.25,-2.775557561563E-17));
#5062 = VERTEX_POINT('',#5063);
#5063 = CARTESIAN_POINT('',(0.465,-0.25,-2.775557561563E-17));
#5064 = LINE('',#5065,#5066);
#5065 = CARTESIAN_POINT('',(0.3,-0.25,0.));
#5066 = VECTOR('',#5067,1.);
#5067 = DIRECTION('',(1.,0.,0.));
#5068 = ORIENTED_EDGE('',*,*,#5069,.F.);
#5069 = EDGE_CURVE('',#4938,#5060,#5070,.T.);
#5070 = CIRCLE('',#5071,3.5E-02);
#5071 = AXIS2_PLACEMENT_3D('',#5072,#5073,#5074);
#5072 = CARTESIAN_POINT('',(0.335,-0.25,3.5E-02));
#5073 = DIRECTION('',(0.,-1.,0.));
#5074 = DIRECTION('',(0.,0.,1.));
#5075 = ORIENTED_EDGE('',*,*,#4937,.T.);
#5076 = ORIENTED_EDGE('',*,*,#4929,.T.);
#5077 = ORIENTED_EDGE('',*,*,#4921,.F.);
#5078 = ORIENTED_EDGE('',*,*,#5079,.T.);
#5079 = EDGE_CURVE('',#4914,#5080,#5082,.T.);
#5080 = VERTEX_POINT('',#5081);
#5081 = CARTESIAN_POINT('',(0.335,-0.25,0.35));
#5082 = CIRCLE('',#5083,3.5E-02);
#5083 = AXIS2_PLACEMENT_3D('',#5084,#5085,#5086);
#5084 = CARTESIAN_POINT('',(0.335,-0.25,0.315));
#5085 = DIRECTION('',(0.,1.,0.));
#5086 = DIRECTION('',(0.,-0.,1.));
#5087 = ORIENTED_EDGE('',*,*,#5088,.T.);
#5088 = EDGE_CURVE('',#5080,#5089,#5091,.T.);
#5089 = VERTEX_POINT('',#5090);
#5090 = CARTESIAN_POINT('',(0.465,-0.25,0.35));
#5091 = LINE('',#5092,#5093);
#5092 = CARTESIAN_POINT('',(0.3,-0.25,0.35));
#5093 = VECTOR('',#5094,1.);
#5094 = DIRECTION('',(1.,0.,0.));
#5095 = ORIENTED_EDGE('',*,*,#5096,.F.);
#5096 = EDGE_CURVE('',#5097,#5089,#5099,.T.);
#5097 = VERTEX_POINT('',#5098);
#5098 = CARTESIAN_POINT('',(0.5,-0.25,0.315));
#5099 = CIRCLE('',#5100,3.5E-02);
#5100 = AXIS2_PLACEMENT_3D('',#5101,#5102,#5103);
#5101 = CARTESIAN_POINT('',(0.465,-0.25,0.315));
#5102 = DIRECTION('',(0.,-1.,0.));
#5103 = DIRECTION('',(0.,0.,1.));
#5104 = ORIENTED_EDGE('',*,*,#5105,.F.);
#5105 = EDGE_CURVE('',#5106,#5097,#5108,.T.);
#5106 = VERTEX_POINT('',#5107);
#5107 = CARTESIAN_POINT('',(0.5,-0.25,3.5E-02));
#5108 = LINE('',#5109,#5110);
#5109 = CARTESIAN_POINT('',(0.5,-0.25,0.));
#5110 = VECTOR('',#5111,1.);
#5111 = DIRECTION('',(0.,0.,1.));
#5112 = ORIENTED_EDGE('',*,*,#5113,.T.);
#5113 = EDGE_CURVE('',#5106,#5062,#5114,.T.);
#5114 = CIRCLE('',#5115,3.5E-02);
#5115 = AXIS2_PLACEMENT_3D('',#5116,#5117,#5118);
#5116 = CARTESIAN_POINT('',(0.465,-0.25,3.5E-02));
#5117 = DIRECTION('',(0.,1.,0.));
#5118 = DIRECTION('',(0.,-0.,1.));
#5119 = PLANE('',#5120);
#5120 = AXIS2_PLACEMENT_3D('',#5121,#5122,#5123);
#5121 = CARTESIAN_POINT('',(0.3,-0.25,0.));
#5122 = DIRECTION('',(0.,1.,0.));
#5123 = DIRECTION('',(0.,-0.,1.));
#5124 = ADVANCED_FACE('',(#5125),#5150,.F.);
#5125 = FACE_BOUND('',#5126,.F.);
#5126 = EDGE_LOOP('',(#5127,#5128,#5136,#5144));
#5127 = ORIENTED_EDGE('',*,*,#4913,.F.);
#5128 = ORIENTED_EDGE('',*,*,#5129,.T.);
#5129 = EDGE_CURVE('',#4712,#5130,#5132,.T.);
#5130 = VERTEX_POINT('',#5131);
#5131 = CARTESIAN_POINT('',(-0.3,-0.25,0.35));
#5132 = LINE('',#5133,#5134);
#5133 = CARTESIAN_POINT('',(-0.3,-0.25,0.315));
#5134 = VECTOR('',#5135,1.);
#5135 = DIRECTION('',(0.,0.,1.));
#5136 = ORIENTED_EDGE('',*,*,#5137,.T.);
#5137 = EDGE_CURVE('',#5130,#5138,#5140,.T.);
#5138 = VERTEX_POINT('',#5139);
#5139 = CARTESIAN_POINT('',(0.3,-0.25,0.35));
#5140 = LINE('',#5141,#5142);
#5141 = CARTESIAN_POINT('',(-0.3,-0.25,0.35));
#5142 = VECTOR('',#5143,1.);
#5143 = DIRECTION('',(1.,0.,0.));
#5144 = ORIENTED_EDGE('',*,*,#5145,.F.);
#5145 = EDGE_CURVE('',#4914,#5138,#5146,.T.);
#5146 = LINE('',#5147,#5148);
#5147 = CARTESIAN_POINT('',(0.3,-0.25,0.315));
#5148 = VECTOR('',#5149,1.);
#5149 = DIRECTION('',(0.,0.,1.));
#5150 = PLANE('',#5151);
#5151 = AXIS2_PLACEMENT_3D('',#5152,#5153,#5154);
#5152 = CARTESIAN_POINT('',(-0.3,-0.25,0.315));
#5153 = DIRECTION('',(0.,1.,0.));
#5154 = DIRECTION('',(0.,-0.,1.));
#5155 = ADVANCED_FACE('',(#5156),#5174,.F.);
#5156 = FACE_BOUND('',#5157,.F.);
#5157 = EDGE_LOOP('',(#5158,#5159,#5160,#5168));
#5158 = ORIENTED_EDGE('',*,*,#5129,.F.);
#5159 = ORIENTED_EDGE('',*,*,#4976,.T.);
#5160 = ORIENTED_EDGE('',*,*,#5161,.T.);
#5161 = EDGE_CURVE('',#4829,#5162,#5164,.T.);
#5162 = VERTEX_POINT('',#5163);
#5163 = CARTESIAN_POINT('',(-0.3,0.25,0.35));
#5164 = LINE('',#5165,#5166);
#5165 = CARTESIAN_POINT('',(-0.3,0.25,0.315));
#5166 = VECTOR('',#5167,1.);
#5167 = DIRECTION('',(0.,0.,1.));
#5168 = ORIENTED_EDGE('',*,*,#5169,.F.);
#5169 = EDGE_CURVE('',#5130,#5162,#5170,.T.);
#5170 = LINE('',#5171,#5172);
#5171 = CARTESIAN_POINT('',(-0.3,-0.25,0.35));
#5172 = VECTOR('',#5173,1.);
#5173 = DIRECTION('',(0.,1.,0.));
#5174 = PLANE('',#5175);
#5175 = AXIS2_PLACEMENT_3D('',#5176,#5177,#5178);
#5176 = CARTESIAN_POINT('',(-0.3,-0.25,0.315));
#5177 = DIRECTION('',(1.,0.,0.));
#5178 = DIRECTION('',(0.,0.,1.));
#5179 = ADVANCED_FACE('',(#5180),#5243,.T.);
#5180 = FACE_BOUND('',#5181,.T.);
#5181 = EDGE_LOOP('',(#5182,#5192,#5199,#5200,#5201,#5202,#5211,#5219,
    #5228,#5236));
#5182 = ORIENTED_EDGE('',*,*,#5183,.F.);
#5183 = EDGE_CURVE('',#5184,#5186,#5188,.T.);
#5184 = VERTEX_POINT('',#5185);
#5185 = CARTESIAN_POINT('',(0.335,0.25,-2.775557561563E-17));
#5186 = VERTEX_POINT('',#5187);
#5187 = CARTESIAN_POINT('',(0.465,0.25,-2.775557561563E-17));
#5188 = LINE('',#5189,#5190);
#5189 = CARTESIAN_POINT('',(0.3,0.25,0.));
#5190 = VECTOR('',#5191,1.);
#5191 = DIRECTION('',(1.,0.,0.));
#5192 = ORIENTED_EDGE('',*,*,#5193,.F.);
#5193 = EDGE_CURVE('',#5021,#5184,#5194,.T.);
#5194 = CIRCLE('',#5195,3.5E-02);
#5195 = AXIS2_PLACEMENT_3D('',#5196,#5197,#5198);
#5196 = CARTESIAN_POINT('',(0.335,0.25,3.5E-02));
#5197 = DIRECTION('',(0.,-1.,0.));
#5198 = DIRECTION('',(0.,0.,1.));
#5199 = ORIENTED_EDGE('',*,*,#5020,.T.);
#5200 = ORIENTED_EDGE('',*,*,#5012,.T.);
#5201 = ORIENTED_EDGE('',*,*,#5004,.F.);
#5202 = ORIENTED_EDGE('',*,*,#5203,.T.);
#5203 = EDGE_CURVE('',#4997,#5204,#5206,.T.);
#5204 = VERTEX_POINT('',#5205);
#5205 = CARTESIAN_POINT('',(0.335,0.25,0.35));
#5206 = CIRCLE('',#5207,3.5E-02);
#5207 = AXIS2_PLACEMENT_3D('',#5208,#5209,#5210);
#5208 = CARTESIAN_POINT('',(0.335,0.25,0.315));
#5209 = DIRECTION('',(0.,1.,0.));
#5210 = DIRECTION('',(0.,-0.,1.));
#5211 = ORIENTED_EDGE('',*,*,#5212,.T.);
#5212 = EDGE_CURVE('',#5204,#5213,#5215,.T.);
#5213 = VERTEX_POINT('',#5214);
#5214 = CARTESIAN_POINT('',(0.465,0.25,0.35));
#5215 = LINE('',#5216,#5217);
#5216 = CARTESIAN_POINT('',(0.3,0.25,0.35));
#5217 = VECTOR('',#5218,1.);
#5218 = DIRECTION('',(1.,0.,0.));
#5219 = ORIENTED_EDGE('',*,*,#5220,.F.);
#5220 = EDGE_CURVE('',#5221,#5213,#5223,.T.);
#5221 = VERTEX_POINT('',#5222);
#5222 = CARTESIAN_POINT('',(0.5,0.25,0.315));
#5223 = CIRCLE('',#5224,3.5E-02);
#5224 = AXIS2_PLACEMENT_3D('',#5225,#5226,#5227);
#5225 = CARTESIAN_POINT('',(0.465,0.25,0.315));
#5226 = DIRECTION('',(0.,-1.,0.));
#5227 = DIRECTION('',(0.,0.,1.));
#5228 = ORIENTED_EDGE('',*,*,#5229,.F.);
#5229 = EDGE_CURVE('',#5230,#5221,#5232,.T.);
#5230 = VERTEX_POINT('',#5231);
#5231 = CARTESIAN_POINT('',(0.5,0.25,3.5E-02));
#5232 = LINE('',#5233,#5234);
#5233 = CARTESIAN_POINT('',(0.5,0.25,0.));
#5234 = VECTOR('',#5235,1.);
#5235 = DIRECTION('',(0.,0.,1.));
#5236 = ORIENTED_EDGE('',*,*,#5237,.T.);
#5237 = EDGE_CURVE('',#5230,#5186,#5238,.T.);
#5238 = CIRCLE('',#5239,3.5E-02);
#5239 = AXIS2_PLACEMENT_3D('',#5240,#5241,#5242);
#5240 = CARTESIAN_POINT('',(0.465,0.25,3.5E-02));
#5241 = DIRECTION('',(0.,1.,0.));
#5242 = DIRECTION('',(0.,-0.,1.));
#5243 = PLANE('',#5244);
#5244 = AXIS2_PLACEMENT_3D('',#5245,#5246,#5247);
#5245 = CARTESIAN_POINT('',(0.3,0.25,0.));
#5246 = DIRECTION('',(0.,1.,0.));
#5247 = DIRECTION('',(0.,-0.,1.));
#5248 = ADVANCED_FACE('',(#5249),#5267,.T.);
#5249 = FACE_BOUND('',#5250,.T.);
#5250 = EDGE_LOOP('',(#5251,#5252,#5253,#5261));
#5251 = ORIENTED_EDGE('',*,*,#4996,.F.);
#5252 = ORIENTED_EDGE('',*,*,#5161,.T.);
#5253 = ORIENTED_EDGE('',*,*,#5254,.T.);
#5254 = EDGE_CURVE('',#5162,#5255,#5257,.T.);
#5255 = VERTEX_POINT('',#5256);
#5256 = CARTESIAN_POINT('',(0.3,0.25,0.35));
#5257 = LINE('',#5258,#5259);
#5258 = CARTESIAN_POINT('',(-0.3,0.25,0.35));
#5259 = VECTOR('',#5260,1.);
#5260 = DIRECTION('',(1.,0.,0.));
#5261 = ORIENTED_EDGE('',*,*,#5262,.F.);
#5262 = EDGE_CURVE('',#4997,#5255,#5263,.T.);
#5263 = LINE('',#5264,#5265);
#5264 = CARTESIAN_POINT('',(0.3,0.25,0.315));
#5265 = VECTOR('',#5266,1.);
#5266 = DIRECTION('',(0.,0.,1.));
#5267 = PLANE('',#5268);
#5268 = AXIS2_PLACEMENT_3D('',#5269,#5270,#5271);
#5269 = CARTESIAN_POINT('',(-0.3,0.25,0.315));
#5270 = DIRECTION('',(0.,1.,0.));
#5271 = DIRECTION('',(0.,-0.,1.));
#5272 = ADVANCED_FACE('',(#5273),#5284,.T.);
#5273 = FACE_BOUND('',#5274,.T.);
#5274 = EDGE_LOOP('',(#5275,#5276,#5277,#5283));
#5275 = ORIENTED_EDGE('',*,*,#5044,.T.);
#5276 = ORIENTED_EDGE('',*,*,#5193,.T.);
#5277 = ORIENTED_EDGE('',*,*,#5278,.F.);
#5278 = EDGE_CURVE('',#5060,#5184,#5279,.T.);
#5279 = LINE('',#5280,#5281);
#5280 = CARTESIAN_POINT('',(0.335,-0.25,-2.775557561563E-17));
#5281 = VECTOR('',#5282,1.);
#5282 = DIRECTION('',(0.,1.,0.));
#5283 = ORIENTED_EDGE('',*,*,#5069,.F.);
#5284 = CYLINDRICAL_SURFACE('',#5285,3.5E-02);
#5285 = AXIS2_PLACEMENT_3D('',#5286,#5287,#5288);
#5286 = CARTESIAN_POINT('',(0.335,-0.25,3.5E-02));
#5287 = DIRECTION('',(0.,1.,0.));
#5288 = DIRECTION('',(-1.,0.,0.));
#5289 = ADVANCED_FACE('',(#5290),#5301,.F.);
#5290 = FACE_BOUND('',#5291,.F.);
#5291 = EDGE_LOOP('',(#5292,#5293,#5294,#5295));
#5292 = ORIENTED_EDGE('',*,*,#5183,.F.);
#5293 = ORIENTED_EDGE('',*,*,#5278,.F.);
#5294 = ORIENTED_EDGE('',*,*,#5059,.T.);
#5295 = ORIENTED_EDGE('',*,*,#5296,.T.);
#5296 = EDGE_CURVE('',#5062,#5186,#5297,.T.);
#5297 = LINE('',#5298,#5299);
#5298 = CARTESIAN_POINT('',(0.465,-0.25,-2.775557561563E-17));
#5299 = VECTOR('',#5300,1.);
#5300 = DIRECTION('',(0.,1.,0.));
#5301 = PLANE('',#5302);
#5302 = AXIS2_PLACEMENT_3D('',#5303,#5304,#5305);
#5303 = CARTESIAN_POINT('',(0.3,-0.25,0.));
#5304 = DIRECTION('',(0.,0.,1.));
#5305 = DIRECTION('',(1.,0.,-0.));
#5306 = ADVANCED_FACE('',(#5307),#5318,.T.);
#5307 = FACE_BOUND('',#5308,.T.);
#5308 = EDGE_LOOP('',(#5309,#5310,#5311,#5312));
#5309 = ORIENTED_EDGE('',*,*,#5113,.T.);
#5310 = ORIENTED_EDGE('',*,*,#5296,.T.);
#5311 = ORIENTED_EDGE('',*,*,#5237,.F.);
#5312 = ORIENTED_EDGE('',*,*,#5313,.F.);
#5313 = EDGE_CURVE('',#5106,#5230,#5314,.T.);
#5314 = LINE('',#5315,#5316);
#5315 = CARTESIAN_POINT('',(0.5,-0.25,3.5E-02));
#5316 = VECTOR('',#5317,1.);
#5317 = DIRECTION('',(0.,1.,0.));
#5318 = CYLINDRICAL_SURFACE('',#5319,3.5E-02);
#5319 = AXIS2_PLACEMENT_3D('',#5320,#5321,#5322);
#5320 = CARTESIAN_POINT('',(0.465,-0.25,3.5E-02));
#5321 = DIRECTION('',(0.,1.,0.));
#5322 = DIRECTION('',(1.,0.,0.));
#5323 = ADVANCED_FACE('',(#5324),#5335,.T.);
#5324 = FACE_BOUND('',#5325,.T.);
#5325 = EDGE_LOOP('',(#5326,#5327,#5328,#5329));
#5326 = ORIENTED_EDGE('',*,*,#5105,.F.);
#5327 = ORIENTED_EDGE('',*,*,#5313,.T.);
#5328 = ORIENTED_EDGE('',*,*,#5229,.T.);
#5329 = ORIENTED_EDGE('',*,*,#5330,.F.);
#5330 = EDGE_CURVE('',#5097,#5221,#5331,.T.);
#5331 = LINE('',#5332,#5333);
#5332 = CARTESIAN_POINT('',(0.5,-0.25,0.315));
#5333 = VECTOR('',#5334,1.);
#5334 = DIRECTION('',(0.,1.,0.));
#5335 = PLANE('',#5336);
#5336 = AXIS2_PLACEMENT_3D('',#5337,#5338,#5339);
#5337 = CARTESIAN_POINT('',(0.5,-0.25,0.));
#5338 = DIRECTION('',(1.,0.,0.));
#5339 = DIRECTION('',(0.,0.,1.));
#5340 = ADVANCED_FACE('',(#5341),#5352,.T.);
#5341 = FACE_BOUND('',#5342,.T.);
#5342 = EDGE_LOOP('',(#5343,#5344,#5345,#5351));
#5343 = ORIENTED_EDGE('',*,*,#5330,.T.);
#5344 = ORIENTED_EDGE('',*,*,#5220,.T.);
#5345 = ORIENTED_EDGE('',*,*,#5346,.F.);
#5346 = EDGE_CURVE('',#5089,#5213,#5347,.T.);
#5347 = LINE('',#5348,#5349);
#5348 = CARTESIAN_POINT('',(0.465,-0.25,0.35));
#5349 = VECTOR('',#5350,1.);
#5350 = DIRECTION('',(0.,1.,0.));
#5351 = ORIENTED_EDGE('',*,*,#5096,.F.);
#5352 = CYLINDRICAL_SURFACE('',#5353,3.5E-02);
#5353 = AXIS2_PLACEMENT_3D('',#5354,#5355,#5356);
#5354 = CARTESIAN_POINT('',(0.465,-0.25,0.315));
#5355 = DIRECTION('',(0.,1.,0.));
#5356 = DIRECTION('',(1.,0.,0.));
#5357 = ADVANCED_FACE('',(#5358),#5369,.T.);
#5358 = FACE_BOUND('',#5359,.T.);
#5359 = EDGE_LOOP('',(#5360,#5361,#5367,#5368));
#5360 = ORIENTED_EDGE('',*,*,#5212,.F.);
#5361 = ORIENTED_EDGE('',*,*,#5362,.F.);
#5362 = EDGE_CURVE('',#5080,#5204,#5363,.T.);
#5363 = LINE('',#5364,#5365);
#5364 = CARTESIAN_POINT('',(0.335,-0.25,0.35));
#5365 = VECTOR('',#5366,1.);
#5366 = DIRECTION('',(0.,1.,0.));
#5367 = ORIENTED_EDGE('',*,*,#5088,.T.);
#5368 = ORIENTED_EDGE('',*,*,#5346,.T.);
#5369 = PLANE('',#5370);
#5370 = AXIS2_PLACEMENT_3D('',#5371,#5372,#5373);
#5371 = CARTESIAN_POINT('',(0.3,-0.25,0.35));
#5372 = DIRECTION('',(0.,0.,1.));
#5373 = DIRECTION('',(1.,0.,-0.));
#5374 = ADVANCED_FACE('',(#5375),#5386,.T.);
#5375 = FACE_BOUND('',#5376,.T.);
#5376 = EDGE_LOOP('',(#5377,#5378,#5379,#5380));
#5377 = ORIENTED_EDGE('',*,*,#5079,.T.);
#5378 = ORIENTED_EDGE('',*,*,#5362,.T.);
#5379 = ORIENTED_EDGE('',*,*,#5203,.F.);
#5380 = ORIENTED_EDGE('',*,*,#5381,.F.);
#5381 = EDGE_CURVE('',#4914,#4997,#5382,.T.);
#5382 = LINE('',#5383,#5384);
#5383 = CARTESIAN_POINT('',(0.3,-0.25,0.315));
#5384 = VECTOR('',#5385,1.);
#5385 = DIRECTION('',(0.,1.,0.));
#5386 = CYLINDRICAL_SURFACE('',#5387,3.5E-02);
#5387 = AXIS2_PLACEMENT_3D('',#5388,#5389,#5390);
#5388 = CARTESIAN_POINT('',(0.335,-0.25,0.315));
#5389 = DIRECTION('',(0.,1.,0.));
#5390 = DIRECTION('',(-1.,0.,0.));
#5391 = ADVANCED_FACE('',(#5392),#5403,.T.);
#5392 = FACE_BOUND('',#5393,.T.);
#5393 = EDGE_LOOP('',(#5394,#5395,#5396,#5397));
#5394 = ORIENTED_EDGE('',*,*,#5145,.F.);
#5395 = ORIENTED_EDGE('',*,*,#5381,.T.);
#5396 = ORIENTED_EDGE('',*,*,#5262,.T.);
#5397 = ORIENTED_EDGE('',*,*,#5398,.F.);
#5398 = EDGE_CURVE('',#5138,#5255,#5399,.T.);
#5399 = LINE('',#5400,#5401);
#5400 = CARTESIAN_POINT('',(0.3,-0.25,0.35));
#5401 = VECTOR('',#5402,1.);
#5402 = DIRECTION('',(0.,1.,0.));
#5403 = PLANE('',#5404);
#5404 = AXIS2_PLACEMENT_3D('',#5405,#5406,#5407);
#5405 = CARTESIAN_POINT('',(0.3,-0.25,0.315));
#5406 = DIRECTION('',(1.,0.,0.));
#5407 = DIRECTION('',(0.,0.,1.));
#5408 = ADVANCED_FACE('',(#5409),#5415,.T.);
#5409 = FACE_BOUND('',#5410,.T.);
#5410 = EDGE_LOOP('',(#5411,#5412,#5413,#5414));
#5411 = ORIENTED_EDGE('',*,*,#5169,.F.);
#5412 = ORIENTED_EDGE('',*,*,#5137,.T.);
#5413 = ORIENTED_EDGE('',*,*,#5398,.T.);
#5414 = ORIENTED_EDGE('',*,*,#5254,.F.);
#5415 = PLANE('',#5416);
#5416 = AXIS2_PLACEMENT_3D('',#5417,#5418,#5419);
#5417 = CARTESIAN_POINT('',(-0.3,-0.25,0.35));
#5418 = DIRECTION('',(0.,0.,1.));
#5419 = DIRECTION('',(1.,0.,-0.));
#5420 = ( GEOMETRIC_REPRESENTATION_CONTEXT(3) 
GLOBAL_UNCERTAINTY_ASSIGNED_CONTEXT((#5424)) 
GLOBAL_UNIT_ASSIGNED_CONTEXT((#5421,#5422,#5423)) REPRESENTATION_CONTEXT
('Context #1','3D Context with UNIT and UNCERTAINTY') );
#5421 = ( LENGTH_UNIT() NAMED_UNIT(*) SI_UNIT(.MILLI.,.METRE.) );
#5422 = ( NAMED_UNIT(*) PLANE_ANGLE_UNIT() SI_UNIT($,.RADIAN.) );
#5423 = ( NAMED_UNIT(*) SI_UNIT($,.STERADIAN.) SOLID_ANGLE_UNIT() );
#5424 = UNCERTAINTY_MEASURE_WITH_UNIT(LENGTH_MEASURE(1.E-07),#5421,
  'distance_accuracy_value','confusion accuracy');
#5425 = SHAPE_DEFINITION_REPRESENTATION(#5426,#4629);
#5426 = PRODUCT_DEFINITION_SHAPE('','',#5427);
#5427 = PRODUCT_DEFINITION('design','',#5428,#5431);
#5428 = PRODUCT_DEFINITION_FORMATION('','',#5429);
#5429 = PRODUCT('R_0402_1005Metric','R_0402_1005Metric','',(#5430));
#5430 = PRODUCT_CONTEXT('',#2,'mechanical');
#5431 = PRODUCT_DEFINITION_CONTEXT('part definition',#2,'design');
#5432 = CONTEXT_DEPENDENT_SHAPE_REPRESENTATION(#5433,#5435);
#5433 = ( REPRESENTATION_RELATIONSHIP('','',#4629,#10) 
REPRESENTATION_RELATIONSHIP_WITH_TRANSFORMATION(#5434) 
SHAPE_REPRESENTATION_RELATIONSHIP() );
#5434 = ITEM_DEFINED_TRANSFORMATION('','',#11,#31);
#5435 = PRODUCT_DEFINITION_SHAPE('Placement','Placement of an item',
  #5436);
#5436 = NEXT_ASSEMBLY_USAGE_OCCURRENCE('5','','',#5,#5427,$);
#5437 = PRODUCT_RELATED_PRODUCT_CATEGORY('part',$,(#5429));
#5438 = CONTEXT_DEPENDENT_SHAPE_REPRESENTATION(#5439,#5441);
#5439 = ( REPRESENTATION_RELATIONSHIP('','',#4629,#10) 
REPRESENTATION_RELATIONSHIP_WITH_TRANSFORMATION(#5440) 
SHAPE_REPRESENTATION_RELATIONSHIP() );
#5440 = ITEM_DEFINED_TRANSFORMATION('','',#11,#35);
#5441 = PRODUCT_DEFINITION_SHAPE('Placement','Placement of an item',
  #5442);
#5442 = NEXT_ASSEMBLY_USAGE_OCCURRENCE('6','','',#5,#5427,$);
#5443 = CONTEXT_DEPENDENT_SHAPE_REPRESENTATION(#5444,#5446);
#5444 = ( REPRESENTATION_RELATIONSHIP('','',#137,#10) 
REPRESENTATION_RELATIONSHIP_WITH_TRANSFORMATION(#5445) 
SHAPE_REPRESENTATION_RELATIONSHIP() );
#5445 = ITEM_DEFINED_TRANSFORMATION('','',#11,#39);
#5446 = PRODUCT_DEFINITION_SHAPE('Placement','Placement of an item',
  #5447);
#5447 = NEXT_ASSEMBLY_USAGE_OCCURRENCE('7','','',#5,#999,$);
#5448 = CONTEXT_DEPENDENT_SHAPE_REPRESENTATION(#5449,#5451);
#5449 = ( REPRESENTATION_RELATIONSHIP('','',#137,#10) 
REPRESENTATION_RELATIONSHIP_WITH_TRANSFORMATION(#5450) 
SHAPE_REPRESENTATION_RELATIONSHIP() );
#5450 = ITEM_DEFINED_TRANSFORMATION('','',#11,#43);
#5451 = PRODUCT_DEFINITION_SHAPE('Placement','Placement of an item',
  #5452);
#5452 = NEXT_ASSEMBLY_USAGE_OCCURRENCE('8','','',#5,#999,$);
#5453 = CONTEXT_DEPENDENT_SHAPE_REPRESENTATION(#5454,#5456);
#5454 = ( REPRESENTATION_RELATIONSHIP('','',#137,#10) 
REPRESENTATION_RELATIONSHIP_WITH_TRANSFORMATION(#5455) 
SHAPE_REPRESENTATION_RELATIONSHIP() );
#5455 = ITEM_DEFINED_TRANSFORMATION('','',#11,#47);
#5456 = PRODUCT_DEFINITION_SHAPE('Placement','Placement of an item',
  #5457);
#5457 = NEXT_ASSEMBLY_USAGE_OCCURRENCE('9','','',#5,#999,$);
#5458 = CONTEXT_DEPENDENT_SHAPE_REPRESENTATION(#5459,#5461);
#5459 = ( REPRESENTATION_RELATIONSHIP('','',#137,#10) 
REPRESENTATION_RELATIONSHIP_WITH_TRANSFORMATION(#5460) 
SHAPE_REPRESENTATION_RELATIONSHIP() );
#5460 = ITEM_DEFINED_TRANSFORMATION('','',#11,#51);
#5461 = PRODUCT_DEFINITION_SHAPE('Placement','Placement of an item',
  #5462);
#5462 = NEXT_ASSEMBLY_USAGE_OCCURRENCE('10','','',#5,#999,$);
#5463 = CONTEXT_DEPENDENT_SHAPE_REPRESENTATION(#5464,#5466);
#5464 = ( REPRESENTATION_RELATIONSHIP('','',#137,#10) 
REPRESENTATION_RELATIONSHIP_WITH_TRANSFORMATION(#5465) 
SHAPE_REPRESENTATION_RELATIONSHIP() );
#5465 = ITEM_DEFINED_TRANSFORMATION('','',#11,#55);
#5466 = PRODUCT_DEFINITION_SHAPE('Placement','Placement of an item',
  #5467);
#5467 = NEXT_ASSEMBLY_USAGE_OCCURRENCE('11','','',#5,#999,$);
#5468 = CONTEXT_DEPENDENT_SHAPE_REPRESENTATION(#5469,#5471);
#5469 = ( REPRESENTATION_RELATIONSHIP('','',#137,#10) 
REPRESENTATION_RELATIONSHIP_WITH_TRANSFORMATION(#5470) 
SHAPE_REPRESENTATION_RELATIONSHIP() );
#5470 = ITEM_DEFINED_TRANSFORMATION('','',#11,#59);
#5471 = PRODUCT_DEFINITION_SHAPE('Placement','Placement of an item',
  #5472);
#5472 = NEXT_ASSEMBLY_USAGE_OCCURRENCE('12','','',#5,#999,$);
#5473 = CONTEXT_DEPENDENT_SHAPE_REPRESENTATION(#5474,#5476);
#5474 = ( REPRESENTATION_RELATIONSHIP('','',#137,#10) 
REPRESENTATION_RELATIONSHIP_WITH_TRANSFORMATION(#5475) 
SHAPE_REPRESENTATION_RELATIONSHIP() );
#5475 = ITEM_DEFINED_TRANSFORMATION('','',#11,#63);
#5476 = PRODUCT_DEFINITION_SHAPE('Placement','Placement of an item',
  #5477);
#5477 = NEXT_ASSEMBLY_USAGE_OCCURRENCE('13','','',#5,#999,$);
#5478 = ADVANCED_BREP_SHAPE_REPRESENTATION('',(#11,#5479),#9015);
#5479 = MANIFOLD_SOLID_BREP('',#5480);
#5480 = CLOSED_SHELL('',(#5481,#5519,#5582,#5605,#5634,#5657,#5728,#5799
    ,#5822,#5845,#5862,#5885,#5973,#5989,#6019,#6050,#6081,#6112,#6143,
    #6174,#6191,#6208,#6239,#6270,#6301,#6332,#6363,#6393,#6416,#6439,
    #6456,#6501,#6571,#6594,#6617,#6640,#6711,#6749,#6798,#6890,#6915,
    #6999,#7021,#7113,#7138,#7222,#7239,#7324,#7349,#7426,#7511,#7536,
    #7613,#7630,#7722,#7747,#7831,#7853,#7945,#7970,#8054,#8071,#8090,
    #8109,#8155,#8171,#8190,#8209,#8225,#8242,#8254,#8271,#8288,#8305,
    #8322,#8339,#8356,#8373,#8385,#8402,#8419,#8436,#8453,#8470,#8487,
    #8504,#8516,#8533,#8550,#8567,#8584,#8601,#8618,#8630,#8647,#8664,
    #8681,#8698,#8715,#8732,#8744,#8761,#8778,#8795,#8812,#8829,#8846,
    #8863,#8875,#8892,#8909,#8926,#8943,#8960,#8977,#8994,#9006));
#5481 = ADVANCED_FACE('',(#5482),#5514,.F.);
#5482 = FACE_BOUND('',#5483,.F.);
#5483 = EDGE_LOOP('',(#5484,#5494,#5501,#5509));
#5484 = ORIENTED_EDGE('',*,*,#5485,.T.);
#5485 = EDGE_CURVE('',#5486,#5488,#5490,.T.);
#5486 = VERTEX_POINT('',#5487);
#5487 = CARTESIAN_POINT('',(-0.659324228722,1.358648457443,0.1));
#5488 = VERTEX_POINT('',#5489);
#5489 = CARTESIAN_POINT('',(0.659324228722,1.358648457443,0.1));
#5490 = LINE('',#5491,#5492);
#5491 = CARTESIAN_POINT('',(-0.659324228722,1.358648457443,0.1));
#5492 = VECTOR('',#5493,1.);
#5493 = DIRECTION('',(1.,1.110223024625E-16,0.));
#5494 = ORIENTED_EDGE('',*,*,#5495,.T.);
#5495 = EDGE_CURVE('',#5488,#5496,#5498,.T.);
#5496 = VERTEX_POINT('',#5497);
#5497 = CARTESIAN_POINT('',(0.705,1.45,0.75));
#5498 = B_SPLINE_CURVE_WITH_KNOTS('',1,(#5499,#5500),.UNSPECIFIED.,.F.,
  .F.,(2,2),(0.,1.),.PIECEWISE_BEZIER_KNOTS.);
#5499 = CARTESIAN_POINT('',(0.659324228722,1.358648457443,0.1));
#5500 = CARTESIAN_POINT('',(0.705,1.45,0.75));
#5501 = ORIENTED_EDGE('',*,*,#5502,.F.);
#5502 = EDGE_CURVE('',#5503,#5496,#5505,.T.);
#5503 = VERTEX_POINT('',#5504);
#5504 = CARTESIAN_POINT('',(-0.705,1.45,0.75));
#5505 = LINE('',#5506,#5507);
#5506 = CARTESIAN_POINT('',(-0.705,1.45,0.75));
#5507 = VECTOR('',#5508,1.);
#5508 = DIRECTION('',(1.,1.110223024625E-16,0.));
#5509 = ORIENTED_EDGE('',*,*,#5510,.F.);
#5510 = EDGE_CURVE('',#5486,#5503,#5511,.T.);
#5511 = B_SPLINE_CURVE_WITH_KNOTS('',1,(#5512,#5513),.UNSPECIFIED.,.F.,
  .F.,(2,2),(0.,1.),.PIECEWISE_BEZIER_KNOTS.);
#5512 = CARTESIAN_POINT('',(-0.659324228722,1.358648457443,0.1));
#5513 = CARTESIAN_POINT('',(-0.705,1.45,0.75));
#5514 = B_SPLINE_SURFACE_WITH_KNOTS('',1,1,(
    (#5515,#5516)
    ,(#5517,#5518
    )),.UNSPECIFIED.,.F.,.F.,.F.,(2,2),(2,2),(0.,1.41),(0.,1.),
  .PIECEWISE_BEZIER_KNOTS.);
#5515 = CARTESIAN_POINT('',(-0.659324228722,1.358648457443,0.1));
#5516 = CARTESIAN_POINT('',(-0.705,1.45,0.75));
#5517 = CARTESIAN_POINT('',(0.659324228722,1.358648457443,0.1));
#5518 = CARTESIAN_POINT('',(0.705,1.45,0.75));
#5519 = ADVANCED_FACE('',(#5520),#5577,.F.);
#5520 = FACE_BOUND('',#5521,.T.);
#5521 = EDGE_LOOP('',(#5522,#5523,#5531,#5539,#5547,#5555,#5563,#5571));
#5522 = ORIENTED_EDGE('',*,*,#5485,.T.);
#5523 = ORIENTED_EDGE('',*,*,#5524,.T.);
#5524 = EDGE_CURVE('',#5488,#5525,#5527,.T.);
#5525 = VERTEX_POINT('',#5526);
#5526 = CARTESIAN_POINT('',(0.708648457443,1.309324228722,0.1));
#5527 = LINE('',#5528,#5529);
#5528 = CARTESIAN_POINT('',(0.659324228722,1.358648457443,0.1));
#5529 = VECTOR('',#5530,1.);
#5530 = DIRECTION('',(0.707106781187,-0.707106781187,0.));
#5531 = ORIENTED_EDGE('',*,*,#5532,.T.);
#5532 = EDGE_CURVE('',#5525,#5533,#5535,.T.);
#5533 = VERTEX_POINT('',#5534);
#5534 = CARTESIAN_POINT('',(0.708648457443,-1.309324228722,0.1));
#5535 = LINE('',#5536,#5537);
#5536 = CARTESIAN_POINT('',(0.708648457443,1.309324228722,0.1));
#5537 = VECTOR('',#5538,1.);
#5538 = DIRECTION('',(1.110223024625E-16,-1.,0.));
#5539 = ORIENTED_EDGE('',*,*,#5540,.T.);
#5540 = EDGE_CURVE('',#5533,#5541,#5543,.T.);
#5541 = VERTEX_POINT('',#5542);
#5542 = CARTESIAN_POINT('',(0.659324228722,-1.358648457443,0.1));
#5543 = LINE('',#5544,#5545);
#5544 = CARTESIAN_POINT('',(0.708648457443,-1.309324228722,0.1));
#5545 = VECTOR('',#5546,1.);
#5546 = DIRECTION('',(-0.707106781187,-0.707106781187,0.));
#5547 = ORIENTED_EDGE('',*,*,#5548,.T.);
#5548 = EDGE_CURVE('',#5541,#5549,#5551,.T.);
#5549 = VERTEX_POINT('',#5550);
#5550 = CARTESIAN_POINT('',(-0.659324228722,-1.358648457443,0.1));
#5551 = LINE('',#5552,#5553);
#5552 = CARTESIAN_POINT('',(0.659324228722,-1.358648457443,0.1));
#5553 = VECTOR('',#5554,1.);
#5554 = DIRECTION('',(-1.,-1.110223024625E-16,0.));
#5555 = ORIENTED_EDGE('',*,*,#5556,.T.);
#5556 = EDGE_CURVE('',#5549,#5557,#5559,.T.);
#5557 = VERTEX_POINT('',#5558);
#5558 = CARTESIAN_POINT('',(-0.708648457443,-1.309324228722,0.1));
#5559 = LINE('',#5560,#5561);
#5560 = CARTESIAN_POINT('',(-0.659324228722,-1.358648457443,0.1));
#5561 = VECTOR('',#5562,1.);
#5562 = DIRECTION('',(-0.707106781187,0.707106781187,0.));
#5563 = ORIENTED_EDGE('',*,*,#5564,.T.);
#5564 = EDGE_CURVE('',#5557,#5565,#5567,.T.);
#5565 = VERTEX_POINT('',#5566);
#5566 = CARTESIAN_POINT('',(-0.708648457443,1.309324228722,0.1));
#5567 = LINE('',#5568,#5569);
#5568 = CARTESIAN_POINT('',(-0.708648457443,-1.309324228722,0.1));
#5569 = VECTOR('',#5570,1.);
#5570 = DIRECTION('',(-1.110223024625E-16,1.,0.));
#5571 = ORIENTED_EDGE('',*,*,#5572,.T.);
#5572 = EDGE_CURVE('',#5565,#5486,#5573,.T.);
#5573 = LINE('',#5574,#5575);
#5574 = CARTESIAN_POINT('',(-0.708648457443,1.309324228722,0.1));
#5575 = VECTOR('',#5576,1.);
#5576 = DIRECTION('',(0.707106781187,0.707106781187,0.));
#5577 = PLANE('',#5578);
#5578 = AXIS2_PLACEMENT_3D('',#5579,#5580,#5581);
#5579 = CARTESIAN_POINT('',(-0.659324228722,1.358648457443,0.1));
#5580 = DIRECTION('',(0.,0.,1.));
#5581 = DIRECTION('',(0.436587433964,-0.899661832304,0.));
#5582 = ADVANCED_FACE('',(#5583),#5600,.F.);
#5583 = FACE_BOUND('',#5584,.F.);
#5584 = EDGE_LOOP('',(#5585,#5586,#5593,#5599));
#5585 = ORIENTED_EDGE('',*,*,#5524,.T.);
#5586 = ORIENTED_EDGE('',*,*,#5587,.T.);
#5587 = EDGE_CURVE('',#5525,#5588,#5590,.T.);
#5588 = VERTEX_POINT('',#5589);
#5589 = CARTESIAN_POINT('',(0.8,1.355,0.75));
#5590 = B_SPLINE_CURVE_WITH_KNOTS('',1,(#5591,#5592),.UNSPECIFIED.,.F.,
  .F.,(2,2),(0.,1.),.PIECEWISE_BEZIER_KNOTS.);
#5591 = CARTESIAN_POINT('',(0.708648457443,1.309324228722,0.1));
#5592 = CARTESIAN_POINT('',(0.8,1.355,0.75));
#5593 = ORIENTED_EDGE('',*,*,#5594,.F.);
#5594 = EDGE_CURVE('',#5496,#5588,#5595,.T.);
#5595 = LINE('',#5596,#5597);
#5596 = CARTESIAN_POINT('',(0.705,1.45,0.75));
#5597 = VECTOR('',#5598,1.);
#5598 = DIRECTION('',(0.707106781187,-0.707106781187,0.));
#5599 = ORIENTED_EDGE('',*,*,#5495,.F.);
#5600 = B_SPLINE_SURFACE_WITH_KNOTS('',1,1,(
    (#5601,#5602)
    ,(#5603,#5604
    )),.UNSPECIFIED.,.F.,.F.,.F.,(2,2),(2,2),(0.,0.134350288425),(0.,1.)
  ,.PIECEWISE_BEZIER_KNOTS.);
#5601 = CARTESIAN_POINT('',(0.659324228722,1.358648457443,0.1));
#5602 = CARTESIAN_POINT('',(0.705,1.45,0.75));
#5603 = CARTESIAN_POINT('',(0.708648457443,1.309324228722,0.1));
#5604 = CARTESIAN_POINT('',(0.8,1.355,0.75));
#5605 = ADVANCED_FACE('',(#5606),#5629,.F.);
#5606 = FACE_BOUND('',#5607,.F.);
#5607 = EDGE_LOOP('',(#5608,#5609,#5616,#5624));
#5608 = ORIENTED_EDGE('',*,*,#5502,.T.);
#5609 = ORIENTED_EDGE('',*,*,#5610,.T.);
#5610 = EDGE_CURVE('',#5496,#5611,#5613,.T.);
#5611 = VERTEX_POINT('',#5612);
#5612 = CARTESIAN_POINT('',(0.705,1.45,0.9));
#5613 = B_SPLINE_CURVE_WITH_KNOTS('',1,(#5614,#5615),.UNSPECIFIED.,.F.,
  .F.,(2,2),(0.,1.),.PIECEWISE_BEZIER_KNOTS.);
#5614 = CARTESIAN_POINT('',(0.705,1.45,0.75));
#5615 = CARTESIAN_POINT('',(0.705,1.45,0.9));
#5616 = ORIENTED_EDGE('',*,*,#5617,.F.);
#5617 = EDGE_CURVE('',#5618,#5611,#5620,.T.);
#5618 = VERTEX_POINT('',#5619);
#5619 = CARTESIAN_POINT('',(-0.705,1.45,0.9));
#5620 = LINE('',#5621,#5622);
#5621 = CARTESIAN_POINT('',(-0.705,1.45,0.9));
#5622 = VECTOR('',#5623,1.);
#5623 = DIRECTION('',(1.,1.110223024625E-16,0.));
#5624 = ORIENTED_EDGE('',*,*,#5625,.F.);
#5625 = EDGE_CURVE('',#5503,#5618,#5626,.T.);
#5626 = B_SPLINE_CURVE_WITH_KNOTS('',1,(#5627,#5628),.UNSPECIFIED.,.F.,
  .F.,(2,2),(0.,1.),.PIECEWISE_BEZIER_KNOTS.);
#5627 = CARTESIAN_POINT('',(-0.705,1.45,0.75));
#5628 = CARTESIAN_POINT('',(-0.705,1.45,0.9));
#5629 = PLANE('',#5630);
#5630 = AXIS2_PLACEMENT_3D('',#5631,#5632,#5633);
#5631 = CARTESIAN_POINT('',(-0.705,1.45,0.9));
#5632 = DIRECTION('',(1.110223024625E-16,-1.,0.));
#5633 = DIRECTION('',(1.,1.110223024625E-16,0.));
#5634 = ADVANCED_FACE('',(#5635),#5652,.F.);
#5635 = FACE_BOUND('',#5636,.F.);
#5636 = EDGE_LOOP('',(#5637,#5638,#5639,#5647));
#5637 = ORIENTED_EDGE('',*,*,#5572,.T.);
#5638 = ORIENTED_EDGE('',*,*,#5510,.T.);
#5639 = ORIENTED_EDGE('',*,*,#5640,.F.);
#5640 = EDGE_CURVE('',#5641,#5503,#5643,.T.);
#5641 = VERTEX_POINT('',#5642);
#5642 = CARTESIAN_POINT('',(-0.8,1.355,0.75));
#5643 = LINE('',#5644,#5645);
#5644 = CARTESIAN_POINT('',(-0.8,1.355,0.75));
#5645 = VECTOR('',#5646,1.);
#5646 = DIRECTION('',(0.707106781187,0.707106781187,0.));
#5647 = ORIENTED_EDGE('',*,*,#5648,.F.);
#5648 = EDGE_CURVE('',#5565,#5641,#5649,.T.);
#5649 = B_SPLINE_CURVE_WITH_KNOTS('',1,(#5650,#5651),.UNSPECIFIED.,.F.,
  .F.,(2,2),(0.,1.),.PIECEWISE_BEZIER_KNOTS.);
#5650 = CARTESIAN_POINT('',(-0.708648457443,1.309324228722,0.1));
#5651 = CARTESIAN_POINT('',(-0.8,1.355,0.75));
#5652 = B_SPLINE_SURFACE_WITH_KNOTS('',1,1,(
    (#5653,#5654)
    ,(#5655,#5656
    )),.UNSPECIFIED.,.F.,.F.,.F.,(2,2),(2,2),(0.,0.134350288425),(0.,1.)
  ,.PIECEWISE_BEZIER_KNOTS.);
#5653 = CARTESIAN_POINT('',(-0.708648457443,1.309324228722,0.1));
#5654 = CARTESIAN_POINT('',(-0.8,1.355,0.75));
#5655 = CARTESIAN_POINT('',(-0.659324228722,1.358648457443,0.1));
#5656 = CARTESIAN_POINT('',(-0.705,1.45,0.75));
#5657 = ADVANCED_FACE('',(#5658),#5723,.F.);
#5658 = FACE_BOUND('',#5659,.F.);
#5659 = EDGE_LOOP('',(#5660,#5661,#5662,#5670,#5678,#5686,#5694,#5702,
    #5710,#5718));
#5660 = ORIENTED_EDGE('',*,*,#5564,.T.);
#5661 = ORIENTED_EDGE('',*,*,#5648,.T.);
#5662 = ORIENTED_EDGE('',*,*,#5663,.F.);
#5663 = EDGE_CURVE('',#5664,#5641,#5666,.T.);
#5664 = VERTEX_POINT('',#5665);
#5665 = CARTESIAN_POINT('',(-0.8,1.2,0.75));
#5666 = LINE('',#5667,#5668);
#5667 = CARTESIAN_POINT('',(-0.8,-1.355,0.75));
#5668 = VECTOR('',#5669,1.);
#5669 = DIRECTION('',(-1.110223024625E-16,1.,0.));
#5670 = ORIENTED_EDGE('',*,*,#5671,.F.);
#5671 = EDGE_CURVE('',#5672,#5664,#5674,.T.);
#5672 = VERTEX_POINT('',#5673);
#5673 = CARTESIAN_POINT('',(-0.8,0.7,0.75));
#5674 = LINE('',#5675,#5676);
#5675 = CARTESIAN_POINT('',(-0.8,-1.355,0.75));
#5676 = VECTOR('',#5677,1.);
#5677 = DIRECTION('',(-1.110223024625E-16,1.,0.));
#5678 = ORIENTED_EDGE('',*,*,#5679,.F.);
#5679 = EDGE_CURVE('',#5680,#5672,#5682,.T.);
#5680 = VERTEX_POINT('',#5681);
#5681 = CARTESIAN_POINT('',(-0.8,0.25,0.75));
#5682 = LINE('',#5683,#5684);
#5683 = CARTESIAN_POINT('',(-0.8,-1.355,0.75));
#5684 = VECTOR('',#5685,1.);
#5685 = DIRECTION('',(-1.110223024625E-16,1.,0.));
#5686 = ORIENTED_EDGE('',*,*,#5687,.F.);
#5687 = EDGE_CURVE('',#5688,#5680,#5690,.T.);
#5688 = VERTEX_POINT('',#5689);
#5689 = CARTESIAN_POINT('',(-0.8,-0.25,0.75));
#5690 = LINE('',#5691,#5692);
#5691 = CARTESIAN_POINT('',(-0.8,-1.355,0.75));
#5692 = VECTOR('',#5693,1.);
#5693 = DIRECTION('',(-1.110223024625E-16,1.,0.));
#5694 = ORIENTED_EDGE('',*,*,#5695,.F.);
#5695 = EDGE_CURVE('',#5696,#5688,#5698,.T.);
#5696 = VERTEX_POINT('',#5697);
#5697 = CARTESIAN_POINT('',(-0.8,-0.7,0.75));
#5698 = LINE('',#5699,#5700);
#5699 = CARTESIAN_POINT('',(-0.8,-1.355,0.75));
#5700 = VECTOR('',#5701,1.);
#5701 = DIRECTION('',(-1.110223024625E-16,1.,0.));
#5702 = ORIENTED_EDGE('',*,*,#5703,.F.);
#5703 = EDGE_CURVE('',#5704,#5696,#5706,.T.);
#5704 = VERTEX_POINT('',#5705);
#5705 = CARTESIAN_POINT('',(-0.8,-1.2,0.75));
#5706 = LINE('',#5707,#5708);
#5707 = CARTESIAN_POINT('',(-0.8,-1.355,0.75));
#5708 = VECTOR('',#5709,1.);
#5709 = DIRECTION('',(-1.110223024625E-16,1.,0.));
#5710 = ORIENTED_EDGE('',*,*,#5711,.F.);
#5711 = EDGE_CURVE('',#5712,#5704,#5714,.T.);
#5712 = VERTEX_POINT('',#5713);
#5713 = CARTESIAN_POINT('',(-0.8,-1.355,0.75));
#5714 = LINE('',#5715,#5716);
#5715 = CARTESIAN_POINT('',(-0.8,-1.355,0.75));
#5716 = VECTOR('',#5717,1.);
#5717 = DIRECTION('',(-1.110223024625E-16,1.,0.));
#5718 = ORIENTED_EDGE('',*,*,#5719,.F.);
#5719 = EDGE_CURVE('',#5557,#5712,#5720,.T.);
#5720 = B_SPLINE_CURVE_WITH_KNOTS('',1,(#5721,#5722),.UNSPECIFIED.,.F.,
  .F.,(2,2),(0.,1.),.PIECEWISE_BEZIER_KNOTS.);
#5721 = CARTESIAN_POINT('',(-0.708648457443,-1.309324228722,0.1));
#5722 = CARTESIAN_POINT('',(-0.8,-1.355,0.75));
#5723 = B_SPLINE_SURFACE_WITH_KNOTS('',1,1,(
    (#5724,#5725)
    ,(#5726,#5727
    )),.UNSPECIFIED.,.F.,.F.,.F.,(2,2),(2,2),(0.,2.71),(0.,1.),
  .PIECEWISE_BEZIER_KNOTS.);
#5724 = CARTESIAN_POINT('',(-0.708648457443,-1.309324228722,0.1));
#5725 = CARTESIAN_POINT('',(-0.8,-1.355,0.75));
#5726 = CARTESIAN_POINT('',(-0.708648457443,1.309324228722,0.1));
#5727 = CARTESIAN_POINT('',(-0.8,1.355,0.75));
#5728 = ADVANCED_FACE('',(#5729),#5794,.F.);
#5729 = FACE_BOUND('',#5730,.F.);
#5730 = EDGE_LOOP('',(#5731,#5732,#5739,#5747,#5755,#5763,#5771,#5779,
    #5787,#5793));
#5731 = ORIENTED_EDGE('',*,*,#5532,.T.);
#5732 = ORIENTED_EDGE('',*,*,#5733,.T.);
#5733 = EDGE_CURVE('',#5533,#5734,#5736,.T.);
#5734 = VERTEX_POINT('',#5735);
#5735 = CARTESIAN_POINT('',(0.8,-1.355,0.75));
#5736 = B_SPLINE_CURVE_WITH_KNOTS('',1,(#5737,#5738),.UNSPECIFIED.,.F.,
  .F.,(2,2),(0.,1.),.PIECEWISE_BEZIER_KNOTS.);
#5737 = CARTESIAN_POINT('',(0.708648457443,-1.309324228722,0.1));
#5738 = CARTESIAN_POINT('',(0.8,-1.355,0.75));
#5739 = ORIENTED_EDGE('',*,*,#5740,.F.);
#5740 = EDGE_CURVE('',#5741,#5734,#5743,.T.);
#5741 = VERTEX_POINT('',#5742);
#5742 = CARTESIAN_POINT('',(0.8,-1.2,0.75));
#5743 = LINE('',#5744,#5745);
#5744 = CARTESIAN_POINT('',(0.8,1.355,0.75));
#5745 = VECTOR('',#5746,1.);
#5746 = DIRECTION('',(1.110223024625E-16,-1.,0.));
#5747 = ORIENTED_EDGE('',*,*,#5748,.F.);
#5748 = EDGE_CURVE('',#5749,#5741,#5751,.T.);
#5749 = VERTEX_POINT('',#5750);
#5750 = CARTESIAN_POINT('',(0.8,-0.7,0.75));
#5751 = LINE('',#5752,#5753);
#5752 = CARTESIAN_POINT('',(0.8,1.355,0.75));
#5753 = VECTOR('',#5754,1.);
#5754 = DIRECTION('',(1.110223024625E-16,-1.,0.));
#5755 = ORIENTED_EDGE('',*,*,#5756,.F.);
#5756 = EDGE_CURVE('',#5757,#5749,#5759,.T.);
#5757 = VERTEX_POINT('',#5758);
#5758 = CARTESIAN_POINT('',(0.8,-0.25,0.75));
#5759 = LINE('',#5760,#5761);
#5760 = CARTESIAN_POINT('',(0.8,1.355,0.75));
#5761 = VECTOR('',#5762,1.);
#5762 = DIRECTION('',(1.110223024625E-16,-1.,0.));
#5763 = ORIENTED_EDGE('',*,*,#5764,.F.);
#5764 = EDGE_CURVE('',#5765,#5757,#5767,.T.);
#5765 = VERTEX_POINT('',#5766);
#5766 = CARTESIAN_POINT('',(0.8,0.25,0.75));
#5767 = LINE('',#5768,#5769);
#5768 = CARTESIAN_POINT('',(0.8,1.355,0.75));
#5769 = VECTOR('',#5770,1.);
#5770 = DIRECTION('',(1.110223024625E-16,-1.,0.));
#5771 = ORIENTED_EDGE('',*,*,#5772,.F.);
#5772 = EDGE_CURVE('',#5773,#5765,#5775,.T.);
#5773 = VERTEX_POINT('',#5774);
#5774 = CARTESIAN_POINT('',(0.8,0.7,0.75));
#5775 = LINE('',#5776,#5777);
#5776 = CARTESIAN_POINT('',(0.8,1.355,0.75));
#5777 = VECTOR('',#5778,1.);
#5778 = DIRECTION('',(1.110223024625E-16,-1.,0.));
#5779 = ORIENTED_EDGE('',*,*,#5780,.F.);
#5780 = EDGE_CURVE('',#5781,#5773,#5783,.T.);
#5781 = VERTEX_POINT('',#5782);
#5782 = CARTESIAN_POINT('',(0.8,1.2,0.75));
#5783 = LINE('',#5784,#5785);
#5784 = CARTESIAN_POINT('',(0.8,1.355,0.75));
#5785 = VECTOR('',#5786,1.);
#5786 = DIRECTION('',(1.110223024625E-16,-1.,0.));
#5787 = ORIENTED_EDGE('',*,*,#5788,.F.);
#5788 = EDGE_CURVE('',#5588,#5781,#5789,.T.);
#5789 = LINE('',#5790,#5791);
#5790 = CARTESIAN_POINT('',(0.8,1.355,0.75));
#5791 = VECTOR('',#5792,1.);
#5792 = DIRECTION('',(1.110223024625E-16,-1.,0.));
#5793 = ORIENTED_EDGE('',*,*,#5587,.F.);
#5794 = B_SPLINE_SURFACE_WITH_KNOTS('',1,1,(
    (#5795,#5796)
    ,(#5797,#5798
    )),.UNSPECIFIED.,.F.,.F.,.F.,(2,2),(2,2),(0.,2.71),(0.,1.),
  .PIECEWISE_BEZIER_KNOTS.);
#5795 = CARTESIAN_POINT('',(0.708648457443,1.309324228722,0.1));
#5796 = CARTESIAN_POINT('',(0.8,1.355,0.75));
#5797 = CARTESIAN_POINT('',(0.708648457443,-1.309324228722,0.1));
#5798 = CARTESIAN_POINT('',(0.8,-1.355,0.75));
#5799 = ADVANCED_FACE('',(#5800),#5817,.F.);
#5800 = FACE_BOUND('',#5801,.F.);
#5801 = EDGE_LOOP('',(#5802,#5803,#5804,#5812));
#5802 = ORIENTED_EDGE('',*,*,#5556,.T.);
#5803 = ORIENTED_EDGE('',*,*,#5719,.T.);
#5804 = ORIENTED_EDGE('',*,*,#5805,.F.);
#5805 = EDGE_CURVE('',#5806,#5712,#5808,.T.);
#5806 = VERTEX_POINT('',#5807);
#5807 = CARTESIAN_POINT('',(-0.705,-1.45,0.75));
#5808 = LINE('',#5809,#5810);
#5809 = CARTESIAN_POINT('',(-0.705,-1.45,0.75));
#5810 = VECTOR('',#5811,1.);
#5811 = DIRECTION('',(-0.707106781187,0.707106781187,0.));
#5812 = ORIENTED_EDGE('',*,*,#5813,.F.);
#5813 = EDGE_CURVE('',#5549,#5806,#5814,.T.);
#5814 = B_SPLINE_CURVE_WITH_KNOTS('',1,(#5815,#5816),.UNSPECIFIED.,.F.,
  .F.,(2,2),(0.,1.),.PIECEWISE_BEZIER_KNOTS.);
#5815 = CARTESIAN_POINT('',(-0.659324228722,-1.358648457443,0.1));
#5816 = CARTESIAN_POINT('',(-0.705,-1.45,0.75));
#5817 = B_SPLINE_SURFACE_WITH_KNOTS('',1,1,(
    (#5818,#5819)
    ,(#5820,#5821
    )),.UNSPECIFIED.,.F.,.F.,.F.,(2,2),(2,2),(0.,0.134350288425),(0.,1.)
  ,.PIECEWISE_BEZIER_KNOTS.);
#5818 = CARTESIAN_POINT('',(-0.659324228722,-1.358648457443,0.1));
#5819 = CARTESIAN_POINT('',(-0.705,-1.45,0.75));
#5820 = CARTESIAN_POINT('',(-0.708648457443,-1.309324228722,0.1));
#5821 = CARTESIAN_POINT('',(-0.8,-1.355,0.75));
#5822 = ADVANCED_FACE('',(#5823),#5840,.F.);
#5823 = FACE_BOUND('',#5824,.F.);
#5824 = EDGE_LOOP('',(#5825,#5826,#5833,#5839));
#5825 = ORIENTED_EDGE('',*,*,#5540,.T.);
#5826 = ORIENTED_EDGE('',*,*,#5827,.T.);
#5827 = EDGE_CURVE('',#5541,#5828,#5830,.T.);
#5828 = VERTEX_POINT('',#5829);
#5829 = CARTESIAN_POINT('',(0.705,-1.45,0.75));
#5830 = B_SPLINE_CURVE_WITH_KNOTS('',1,(#5831,#5832),.UNSPECIFIED.,.F.,
  .F.,(2,2),(0.,1.),.PIECEWISE_BEZIER_KNOTS.);
#5831 = CARTESIAN_POINT('',(0.659324228722,-1.358648457443,0.1));
#5832 = CARTESIAN_POINT('',(0.705,-1.45,0.75));
#5833 = ORIENTED_EDGE('',*,*,#5834,.F.);
#5834 = EDGE_CURVE('',#5734,#5828,#5835,.T.);
#5835 = LINE('',#5836,#5837);
#5836 = CARTESIAN_POINT('',(0.8,-1.355,0.75));
#5837 = VECTOR('',#5838,1.);
#5838 = DIRECTION('',(-0.707106781187,-0.707106781187,0.));
#5839 = ORIENTED_EDGE('',*,*,#5733,.F.);
#5840 = B_SPLINE_SURFACE_WITH_KNOTS('',1,1,(
    (#5841,#5842)
    ,(#5843,#5844
    )),.UNSPECIFIED.,.F.,.F.,.F.,(2,2),(2,2),(0.,0.134350288425),(0.,1.)
  ,.PIECEWISE_BEZIER_KNOTS.);
#5841 = CARTESIAN_POINT('',(0.708648457443,-1.309324228722,0.1));
#5842 = CARTESIAN_POINT('',(0.8,-1.355,0.75));
#5843 = CARTESIAN_POINT('',(0.659324228722,-1.358648457443,0.1));
#5844 = CARTESIAN_POINT('',(0.705,-1.45,0.75));
#5845 = ADVANCED_FACE('',(#5846),#5857,.F.);
#5846 = FACE_BOUND('',#5847,.F.);
#5847 = EDGE_LOOP('',(#5848,#5849,#5850,#5856));
#5848 = ORIENTED_EDGE('',*,*,#5548,.T.);
#5849 = ORIENTED_EDGE('',*,*,#5813,.T.);
#5850 = ORIENTED_EDGE('',*,*,#5851,.F.);
#5851 = EDGE_CURVE('',#5828,#5806,#5852,.T.);
#5852 = LINE('',#5853,#5854);
#5853 = CARTESIAN_POINT('',(0.705,-1.45,0.75));
#5854 = VECTOR('',#5855,1.);
#5855 = DIRECTION('',(-1.,-1.110223024625E-16,0.));
#5856 = ORIENTED_EDGE('',*,*,#5827,.F.);
#5857 = B_SPLINE_SURFACE_WITH_KNOTS('',1,1,(
    (#5858,#5859)
    ,(#5860,#5861
    )),.UNSPECIFIED.,.F.,.F.,.F.,(2,2),(2,2),(0.,1.41),(0.,1.),
  .PIECEWISE_BEZIER_KNOTS.);
#5858 = CARTESIAN_POINT('',(0.659324228722,-1.358648457443,0.1));
#5859 = CARTESIAN_POINT('',(0.705,-1.45,0.75));
#5860 = CARTESIAN_POINT('',(-0.659324228722,-1.358648457443,0.1));
#5861 = CARTESIAN_POINT('',(-0.705,-1.45,0.75));
#5862 = ADVANCED_FACE('',(#5863),#5880,.F.);
#5863 = FACE_BOUND('',#5864,.F.);
#5864 = EDGE_LOOP('',(#5865,#5866,#5873,#5879));
#5865 = ORIENTED_EDGE('',*,*,#5594,.T.);
#5866 = ORIENTED_EDGE('',*,*,#5867,.T.);
#5867 = EDGE_CURVE('',#5588,#5868,#5870,.T.);
#5868 = VERTEX_POINT('',#5869);
#5869 = CARTESIAN_POINT('',(0.8,1.355,0.9));
#5870 = B_SPLINE_CURVE_WITH_KNOTS('',1,(#5871,#5872),.UNSPECIFIED.,.F.,
  .F.,(2,2),(0.,1.),.PIECEWISE_BEZIER_KNOTS.);
#5871 = CARTESIAN_POINT('',(0.8,1.355,0.75));
#5872 = CARTESIAN_POINT('',(0.8,1.355,0.9));
#5873 = ORIENTED_EDGE('',*,*,#5874,.F.);
#5874 = EDGE_CURVE('',#5611,#5868,#5875,.T.);
#5875 = LINE('',#5876,#5877);
#5876 = CARTESIAN_POINT('',(0.705,1.45,0.9));
#5877 = VECTOR('',#5878,1.);
#5878 = DIRECTION('',(0.707106781187,-0.707106781187,0.));
#5879 = ORIENTED_EDGE('',*,*,#5610,.F.);
#5880 = PLANE('',#5881);
#5881 = AXIS2_PLACEMENT_3D('',#5882,#5883,#5884);
#5882 = CARTESIAN_POINT('',(0.705,1.45,0.9));
#5883 = DIRECTION('',(-0.707106781187,-0.707106781187,0.));
#5884 = DIRECTION('',(0.707106781187,-0.707106781187,0.));
#5885 = ADVANCED_FACE('',(#5886),#5968,.F.);
#5886 = FACE_BOUND('',#5887,.F.);
#5887 = EDGE_LOOP('',(#5888,#5896,#5897,#5898,#5906,#5914,#5922,#5930,
    #5938,#5946,#5954,#5962));
#5888 = ORIENTED_EDGE('',*,*,#5889,.T.);
#5889 = EDGE_CURVE('',#5890,#5618,#5892,.T.);
#5890 = VERTEX_POINT('',#5891);
#5891 = CARTESIAN_POINT('',(-0.8,1.355,0.9));
#5892 = LINE('',#5893,#5894);
#5893 = CARTESIAN_POINT('',(-0.8,1.355,0.9));
#5894 = VECTOR('',#5895,1.);
#5895 = DIRECTION('',(0.707106781187,0.707106781187,0.));
#5896 = ORIENTED_EDGE('',*,*,#5617,.T.);
#5897 = ORIENTED_EDGE('',*,*,#5874,.T.);
#5898 = ORIENTED_EDGE('',*,*,#5899,.T.);
#5899 = EDGE_CURVE('',#5868,#5900,#5902,.T.);
#5900 = VERTEX_POINT('',#5901);
#5901 = CARTESIAN_POINT('',(0.8,1.2,0.9));
#5902 = LINE('',#5903,#5904);
#5903 = CARTESIAN_POINT('',(0.8,1.355,0.9));
#5904 = VECTOR('',#5905,1.);
#5905 = DIRECTION('',(1.110223024625E-16,-1.,0.));
#5906 = ORIENTED_EDGE('',*,*,#5907,.T.);
#5907 = EDGE_CURVE('',#5900,#5908,#5910,.T.);
#5908 = VERTEX_POINT('',#5909);
#5909 = CARTESIAN_POINT('',(0.775,1.2,0.9));
#5910 = LINE('',#5911,#5912);
#5911 = CARTESIAN_POINT('',(0.85,1.2,0.9));
#5912 = VECTOR('',#5913,1.);
#5913 = DIRECTION('',(-1.,-1.110223024625E-16,0.));
#5914 = ORIENTED_EDGE('',*,*,#5915,.F.);
#5915 = EDGE_CURVE('',#5916,#5908,#5918,.T.);
#5916 = VERTEX_POINT('',#5917);
#5917 = CARTESIAN_POINT('',(0.775,1.3425,0.9));
#5918 = LINE('',#5919,#5920);
#5919 = CARTESIAN_POINT('',(0.775,1.3425,0.9));
#5920 = VECTOR('',#5921,1.);
#5921 = DIRECTION('',(1.110223024625E-16,-1.,0.));
#5922 = ORIENTED_EDGE('',*,*,#5923,.F.);
#5923 = EDGE_CURVE('',#5924,#5916,#5926,.T.);
#5924 = VERTEX_POINT('',#5925);
#5925 = CARTESIAN_POINT('',(0.6925,1.425,0.9));
#5926 = LINE('',#5927,#5928);
#5927 = CARTESIAN_POINT('',(0.6925,1.425,0.9));
#5928 = VECTOR('',#5929,1.);
#5929 = DIRECTION('',(0.707106781187,-0.707106781187,0.));
#5930 = ORIENTED_EDGE('',*,*,#5931,.F.);
#5931 = EDGE_CURVE('',#5932,#5924,#5934,.T.);
#5932 = VERTEX_POINT('',#5933);
#5933 = CARTESIAN_POINT('',(-0.6925,1.425,0.9));
#5934 = LINE('',#5935,#5936);
#5935 = CARTESIAN_POINT('',(-0.6925,1.425,0.9));
#5936 = VECTOR('',#5937,1.);
#5937 = DIRECTION('',(1.,1.110223024625E-16,0.));
#5938 = ORIENTED_EDGE('',*,*,#5939,.F.);
#5939 = EDGE_CURVE('',#5940,#5932,#5942,.T.);
#5940 = VERTEX_POINT('',#5941);
#5941 = CARTESIAN_POINT('',(-0.775,1.3425,0.9));
#5942 = LINE('',#5943,#5944);
#5943 = CARTESIAN_POINT('',(-0.775,1.3425,0.9));
#5944 = VECTOR('',#5945,1.);
#5945 = DIRECTION('',(0.707106781187,0.707106781187,0.));
#5946 = ORIENTED_EDGE('',*,*,#5947,.F.);
#5947 = EDGE_CURVE('',#5948,#5940,#5950,.T.);
#5948 = VERTEX_POINT('',#5949);
#5949 = CARTESIAN_POINT('',(-0.775,1.2,0.9));
#5950 = LINE('',#5951,#5952);
#5951 = CARTESIAN_POINT('',(-0.775,-1.3425,0.9));
#5952 = VECTOR('',#5953,1.);
#5953 = DIRECTION('',(-1.110223024625E-16,1.,0.));
#5954 = ORIENTED_EDGE('',*,*,#5955,.F.);
#5955 = EDGE_CURVE('',#5956,#5948,#5958,.T.);
#5956 = VERTEX_POINT('',#5957);
#5957 = CARTESIAN_POINT('',(-0.8,1.2,0.9));
#5958 = LINE('',#5959,#5960);
#5959 = CARTESIAN_POINT('',(-0.85,1.2,0.9));
#5960 = VECTOR('',#5961,1.);
#5961 = DIRECTION('',(1.,-1.144237745222E-17,0.));
#5962 = ORIENTED_EDGE('',*,*,#5963,.T.);
#5963 = EDGE_CURVE('',#5956,#5890,#5964,.T.);
#5964 = LINE('',#5965,#5966);
#5965 = CARTESIAN_POINT('',(-0.8,-1.355,0.9));
#5966 = VECTOR('',#5967,1.);
#5967 = DIRECTION('',(-1.110223024625E-16,1.,0.));
#5968 = PLANE('',#5969);
#5969 = AXIS2_PLACEMENT_3D('',#5970,#5971,#5972);
#5970 = CARTESIAN_POINT('',(-2.091417030376E-16,1.4375,0.9));
#5971 = DIRECTION('',(4.595758349624E-18,6.551522493592E-27,-1.));
#5972 = DIRECTION('',(1.,1.51922136901E-16,4.595758349624E-18));
#5973 = ADVANCED_FACE('',(#5974),#5984,.F.);
#5974 = FACE_BOUND('',#5975,.F.);
#5975 = EDGE_LOOP('',(#5976,#5977,#5978,#5979));
#5976 = ORIENTED_EDGE('',*,*,#5640,.T.);
#5977 = ORIENTED_EDGE('',*,*,#5625,.T.);
#5978 = ORIENTED_EDGE('',*,*,#5889,.F.);
#5979 = ORIENTED_EDGE('',*,*,#5980,.F.);
#5980 = EDGE_CURVE('',#5641,#5890,#5981,.T.);
#5981 = B_SPLINE_CURVE_WITH_KNOTS('',1,(#5982,#5983),.UNSPECIFIED.,.F.,
  .F.,(2,2),(0.,1.),.PIECEWISE_BEZIER_KNOTS.);
#5982 = CARTESIAN_POINT('',(-0.8,1.355,0.75));
#5983 = CARTESIAN_POINT('',(-0.8,1.355,0.9));
#5984 = PLANE('',#5985);
#5985 = AXIS2_PLACEMENT_3D('',#5986,#5987,#5988);
#5986 = CARTESIAN_POINT('',(-0.8,1.355,0.9));
#5987 = DIRECTION('',(0.707106781187,-0.707106781187,0.));
#5988 = DIRECTION('',(0.707106781187,0.707106781187,0.));
#5989 = ADVANCED_FACE('',(#5990),#6014,.F.);
#5990 = FACE_BOUND('',#5991,.F.);
#5991 = EDGE_LOOP('',(#5992,#5999,#6000,#6008));
#5992 = ORIENTED_EDGE('',*,*,#5993,.F.);
#5993 = EDGE_CURVE('',#5712,#5994,#5996,.T.);
#5994 = VERTEX_POINT('',#5995);
#5995 = CARTESIAN_POINT('',(-0.8,-1.355,0.9));
#5996 = B_SPLINE_CURVE_WITH_KNOTS('',1,(#5997,#5998),.UNSPECIFIED.,.F.,
  .F.,(2,2),(0.,1.),.PIECEWISE_BEZIER_KNOTS.);
#5997 = CARTESIAN_POINT('',(-0.8,-1.355,0.75));
#5998 = CARTESIAN_POINT('',(-0.8,-1.355,0.9));
#5999 = ORIENTED_EDGE('',*,*,#5711,.T.);
#6000 = ORIENTED_EDGE('',*,*,#6001,.T.);
#6001 = EDGE_CURVE('',#5704,#6002,#6004,.T.);
#6002 = VERTEX_POINT('',#6003);
#6003 = CARTESIAN_POINT('',(-0.8,-1.2,0.9));
#6004 = LINE('',#6005,#6006);
#6005 = CARTESIAN_POINT('',(-0.8,-1.2,0.670847817658));
#6006 = VECTOR('',#6007,1.);
#6007 = DIRECTION('',(0.,0.,1.));
#6008 = ORIENTED_EDGE('',*,*,#6009,.F.);
#6009 = EDGE_CURVE('',#5994,#6002,#6010,.T.);
#6010 = LINE('',#6011,#6012);
#6011 = CARTESIAN_POINT('',(-0.8,-1.355,0.9));
#6012 = VECTOR('',#6013,1.);
#6013 = DIRECTION('',(-1.110223024625E-16,1.,0.));
#6014 = PLANE('',#6015);
#6015 = AXIS2_PLACEMENT_3D('',#6016,#6017,#6018);
#6016 = CARTESIAN_POINT('',(-0.8,-1.355,0.9));
#6017 = DIRECTION('',(1.,1.110223024625E-16,0.));
#6018 = DIRECTION('',(-1.110223024625E-16,1.,0.));
#6019 = ADVANCED_FACE('',(#6020),#6045,.F.);
#6020 = FACE_BOUND('',#6021,.F.);
#6021 = EDGE_LOOP('',(#6022,#6030,#6031,#6039));
#6022 = ORIENTED_EDGE('',*,*,#6023,.F.);
#6023 = EDGE_CURVE('',#5704,#6024,#6026,.T.);
#6024 = VERTEX_POINT('',#6025);
#6025 = CARTESIAN_POINT('',(-0.85,-1.2,0.75));
#6026 = LINE('',#6027,#6028);
#6027 = CARTESIAN_POINT('',(-0.75,-1.2,0.75));
#6028 = VECTOR('',#6029,1.);
#6029 = DIRECTION('',(-1.,1.144237745222E-17,0.));
#6030 = ORIENTED_EDGE('',*,*,#5703,.T.);
#6031 = ORIENTED_EDGE('',*,*,#6032,.T.);
#6032 = EDGE_CURVE('',#5696,#6033,#6035,.T.);
#6033 = VERTEX_POINT('',#6034);
#6034 = CARTESIAN_POINT('',(-0.85,-0.7,0.75));
#6035 = LINE('',#6036,#6037);
#6036 = CARTESIAN_POINT('',(-0.75,-0.7,0.75));
#6037 = VECTOR('',#6038,1.);
#6038 = DIRECTION('',(-1.,1.144237745222E-17,0.));
#6039 = ORIENTED_EDGE('',*,*,#6040,.F.);
#6040 = EDGE_CURVE('',#6024,#6033,#6041,.T.);
#6041 = LINE('',#6042,#6043);
#6042 = CARTESIAN_POINT('',(-0.85,-1.2,0.75));
#6043 = VECTOR('',#6044,1.);
#6044 = DIRECTION('',(1.144237745222E-17,1.,0.));
#6045 = PLANE('',#6046);
#6046 = AXIS2_PLACEMENT_3D('',#6047,#6048,#6049);
#6047 = CARTESIAN_POINT('',(-0.75,-1.2,0.75));
#6048 = DIRECTION('',(0.,0.,1.));
#6049 = DIRECTION('',(-1.,1.144237745222E-17,0.));
#6050 = ADVANCED_FACE('',(#6051),#6076,.F.);
#6051 = FACE_BOUND('',#6052,.F.);
#6052 = EDGE_LOOP('',(#6053,#6061,#6062,#6070));
#6053 = ORIENTED_EDGE('',*,*,#6054,.F.);
#6054 = EDGE_CURVE('',#5696,#6055,#6057,.T.);
#6055 = VERTEX_POINT('',#6056);
#6056 = CARTESIAN_POINT('',(-0.8,-0.7,0.9));
#6057 = LINE('',#6058,#6059);
#6058 = CARTESIAN_POINT('',(-0.8,-0.7,0.670847817658));
#6059 = VECTOR('',#6060,1.);
#6060 = DIRECTION('',(0.,0.,1.));
#6061 = ORIENTED_EDGE('',*,*,#5695,.T.);
#6062 = ORIENTED_EDGE('',*,*,#6063,.T.);
#6063 = EDGE_CURVE('',#5688,#6064,#6066,.T.);
#6064 = VERTEX_POINT('',#6065);
#6065 = CARTESIAN_POINT('',(-0.8,-0.25,0.9));
#6066 = LINE('',#6067,#6068);
#6067 = CARTESIAN_POINT('',(-0.8,-0.25,0.670847817658));
#6068 = VECTOR('',#6069,1.);
#6069 = DIRECTION('',(0.,0.,1.));
#6070 = ORIENTED_EDGE('',*,*,#6071,.F.);
#6071 = EDGE_CURVE('',#6055,#6064,#6072,.T.);
#6072 = LINE('',#6073,#6074);
#6073 = CARTESIAN_POINT('',(-0.8,-1.355,0.9));
#6074 = VECTOR('',#6075,1.);
#6075 = DIRECTION('',(-1.110223024625E-16,1.,0.));
#6076 = PLANE('',#6077);
#6077 = AXIS2_PLACEMENT_3D('',#6078,#6079,#6080);
#6078 = CARTESIAN_POINT('',(-0.8,-1.355,0.9));
#6079 = DIRECTION('',(1.,1.110223024625E-16,0.));
#6080 = DIRECTION('',(-1.110223024625E-16,1.,0.));
#6081 = ADVANCED_FACE('',(#6082),#6107,.F.);
#6082 = FACE_BOUND('',#6083,.F.);
#6083 = EDGE_LOOP('',(#6084,#6092,#6093,#6101));
#6084 = ORIENTED_EDGE('',*,*,#6085,.F.);
#6085 = EDGE_CURVE('',#5688,#6086,#6088,.T.);
#6086 = VERTEX_POINT('',#6087);
#6087 = CARTESIAN_POINT('',(-0.85,-0.25,0.75));
#6088 = LINE('',#6089,#6090);
#6089 = CARTESIAN_POINT('',(-0.75,-0.25,0.75));
#6090 = VECTOR('',#6091,1.);
#6091 = DIRECTION('',(-1.,1.144237745222E-17,0.));
#6092 = ORIENTED_EDGE('',*,*,#5687,.T.);
#6093 = ORIENTED_EDGE('',*,*,#6094,.T.);
#6094 = EDGE_CURVE('',#5680,#6095,#6097,.T.);
#6095 = VERTEX_POINT('',#6096);
#6096 = CARTESIAN_POINT('',(-0.85,0.25,0.75));
#6097 = LINE('',#6098,#6099);
#6098 = CARTESIAN_POINT('',(-0.75,0.25,0.75));
#6099 = VECTOR('',#6100,1.);
#6100 = DIRECTION('',(-1.,1.144237745222E-17,0.));
#6101 = ORIENTED_EDGE('',*,*,#6102,.F.);
#6102 = EDGE_CURVE('',#6086,#6095,#6103,.T.);
#6103 = LINE('',#6104,#6105);
#6104 = CARTESIAN_POINT('',(-0.85,-0.25,0.75));
#6105 = VECTOR('',#6106,1.);
#6106 = DIRECTION('',(1.144237745222E-17,1.,0.));
#6107 = PLANE('',#6108);
#6108 = AXIS2_PLACEMENT_3D('',#6109,#6110,#6111);
#6109 = CARTESIAN_POINT('',(-0.75,-0.25,0.75));
#6110 = DIRECTION('',(0.,0.,1.));
#6111 = DIRECTION('',(-1.,1.144237745222E-17,0.));
#6112 = ADVANCED_FACE('',(#6113),#6138,.F.);
#6113 = FACE_BOUND('',#6114,.F.);
#6114 = EDGE_LOOP('',(#6115,#6123,#6124,#6132));
#6115 = ORIENTED_EDGE('',*,*,#6116,.F.);
#6116 = EDGE_CURVE('',#5680,#6117,#6119,.T.);
#6117 = VERTEX_POINT('',#6118);
#6118 = CARTESIAN_POINT('',(-0.8,0.25,0.9));
#6119 = LINE('',#6120,#6121);
#6120 = CARTESIAN_POINT('',(-0.8,0.25,0.670847817658));
#6121 = VECTOR('',#6122,1.);
#6122 = DIRECTION('',(0.,0.,1.));
#6123 = ORIENTED_EDGE('',*,*,#5679,.T.);
#6124 = ORIENTED_EDGE('',*,*,#6125,.T.);
#6125 = EDGE_CURVE('',#5672,#6126,#6128,.T.);
#6126 = VERTEX_POINT('',#6127);
#6127 = CARTESIAN_POINT('',(-0.8,0.7,0.9));
#6128 = LINE('',#6129,#6130);
#6129 = CARTESIAN_POINT('',(-0.8,0.7,0.670847817658));
#6130 = VECTOR('',#6131,1.);
#6131 = DIRECTION('',(0.,0.,1.));
#6132 = ORIENTED_EDGE('',*,*,#6133,.F.);
#6133 = EDGE_CURVE('',#6117,#6126,#6134,.T.);
#6134 = LINE('',#6135,#6136);
#6135 = CARTESIAN_POINT('',(-0.8,-1.355,0.9));
#6136 = VECTOR('',#6137,1.);
#6137 = DIRECTION('',(-1.110223024625E-16,1.,0.));
#6138 = PLANE('',#6139);
#6139 = AXIS2_PLACEMENT_3D('',#6140,#6141,#6142);
#6140 = CARTESIAN_POINT('',(-0.8,-1.355,0.9));
#6141 = DIRECTION('',(1.,1.110223024625E-16,0.));
#6142 = DIRECTION('',(-1.110223024625E-16,1.,0.));
#6143 = ADVANCED_FACE('',(#6144),#6169,.F.);
#6144 = FACE_BOUND('',#6145,.F.);
#6145 = EDGE_LOOP('',(#6146,#6154,#6155,#6163));
#6146 = ORIENTED_EDGE('',*,*,#6147,.F.);
#6147 = EDGE_CURVE('',#5672,#6148,#6150,.T.);
#6148 = VERTEX_POINT('',#6149);
#6149 = CARTESIAN_POINT('',(-0.85,0.7,0.75));
#6150 = LINE('',#6151,#6152);
#6151 = CARTESIAN_POINT('',(-0.75,0.7,0.75));
#6152 = VECTOR('',#6153,1.);
#6153 = DIRECTION('',(-1.,1.144237745222E-17,0.));
#6154 = ORIENTED_EDGE('',*,*,#5671,.T.);
#6155 = ORIENTED_EDGE('',*,*,#6156,.T.);
#6156 = EDGE_CURVE('',#5664,#6157,#6159,.T.);
#6157 = VERTEX_POINT('',#6158);
#6158 = CARTESIAN_POINT('',(-0.85,1.2,0.75));
#6159 = LINE('',#6160,#6161);
#6160 = CARTESIAN_POINT('',(-0.75,1.2,0.75));
#6161 = VECTOR('',#6162,1.);
#6162 = DIRECTION('',(-1.,1.144237745222E-17,0.));
#6163 = ORIENTED_EDGE('',*,*,#6164,.F.);
#6164 = EDGE_CURVE('',#6148,#6157,#6165,.T.);
#6165 = LINE('',#6166,#6167);
#6166 = CARTESIAN_POINT('',(-0.85,0.7,0.75));
#6167 = VECTOR('',#6168,1.);
#6168 = DIRECTION('',(1.144237745222E-17,1.,0.));
#6169 = PLANE('',#6170);
#6170 = AXIS2_PLACEMENT_3D('',#6171,#6172,#6173);
#6171 = CARTESIAN_POINT('',(-0.75,0.7,0.75));
#6172 = DIRECTION('',(0.,0.,1.));
#6173 = DIRECTION('',(-1.,1.144237745222E-17,0.));
#6174 = ADVANCED_FACE('',(#6175),#6186,.F.);
#6175 = FACE_BOUND('',#6176,.F.);
#6176 = EDGE_LOOP('',(#6177,#6183,#6184,#6185));
#6177 = ORIENTED_EDGE('',*,*,#6178,.F.);
#6178 = EDGE_CURVE('',#5664,#5956,#6179,.T.);
#6179 = LINE('',#6180,#6181);
#6180 = CARTESIAN_POINT('',(-0.8,1.2,0.670847817658));
#6181 = VECTOR('',#6182,1.);
#6182 = DIRECTION('',(0.,0.,1.));
#6183 = ORIENTED_EDGE('',*,*,#5663,.T.);
#6184 = ORIENTED_EDGE('',*,*,#5980,.T.);
#6185 = ORIENTED_EDGE('',*,*,#5963,.F.);
#6186 = PLANE('',#6187);
#6187 = AXIS2_PLACEMENT_3D('',#6188,#6189,#6190);
#6188 = CARTESIAN_POINT('',(-0.8,-1.355,0.9));
#6189 = DIRECTION('',(1.,1.110223024625E-16,0.));
#6190 = DIRECTION('',(-1.110223024625E-16,1.,0.));
#6191 = ADVANCED_FACE('',(#6192),#6203,.F.);
#6192 = FACE_BOUND('',#6193,.F.);
#6193 = EDGE_LOOP('',(#6194,#6195,#6196,#6202));
#6194 = ORIENTED_EDGE('',*,*,#5867,.F.);
#6195 = ORIENTED_EDGE('',*,*,#5788,.T.);
#6196 = ORIENTED_EDGE('',*,*,#6197,.T.);
#6197 = EDGE_CURVE('',#5781,#5900,#6198,.T.);
#6198 = LINE('',#6199,#6200);
#6199 = CARTESIAN_POINT('',(0.8,1.2,0.670847817658));
#6200 = VECTOR('',#6201,1.);
#6201 = DIRECTION('',(0.,0.,1.));
#6202 = ORIENTED_EDGE('',*,*,#5899,.F.);
#6203 = PLANE('',#6204);
#6204 = AXIS2_PLACEMENT_3D('',#6205,#6206,#6207);
#6205 = CARTESIAN_POINT('',(0.8,1.355,0.9));
#6206 = DIRECTION('',(-1.,-1.110223024625E-16,0.));
#6207 = DIRECTION('',(1.110223024625E-16,-1.,0.));
#6208 = ADVANCED_FACE('',(#6209),#6234,.F.);
#6209 = FACE_BOUND('',#6210,.F.);
#6210 = EDGE_LOOP('',(#6211,#6219,#6220,#6228));
#6211 = ORIENTED_EDGE('',*,*,#6212,.F.);
#6212 = EDGE_CURVE('',#5781,#6213,#6215,.T.);
#6213 = VERTEX_POINT('',#6214);
#6214 = CARTESIAN_POINT('',(0.85,1.2,0.75));
#6215 = LINE('',#6216,#6217);
#6216 = CARTESIAN_POINT('',(0.75,1.2,0.75));
#6217 = VECTOR('',#6218,1.);
#6218 = DIRECTION('',(1.,1.110223024625E-16,0.));
#6219 = ORIENTED_EDGE('',*,*,#5780,.T.);
#6220 = ORIENTED_EDGE('',*,*,#6221,.T.);
#6221 = EDGE_CURVE('',#5773,#6222,#6224,.T.);
#6222 = VERTEX_POINT('',#6223);
#6223 = CARTESIAN_POINT('',(0.85,0.7,0.75));
#6224 = LINE('',#6225,#6226);
#6225 = CARTESIAN_POINT('',(0.75,0.7,0.75));
#6226 = VECTOR('',#6227,1.);
#6227 = DIRECTION('',(1.,1.110223024625E-16,0.));
#6228 = ORIENTED_EDGE('',*,*,#6229,.F.);
#6229 = EDGE_CURVE('',#6213,#6222,#6230,.T.);
#6230 = LINE('',#6231,#6232);
#6231 = CARTESIAN_POINT('',(0.85,1.2,0.75));
#6232 = VECTOR('',#6233,1.);
#6233 = DIRECTION('',(1.110223024625E-16,-1.,0.));
#6234 = PLANE('',#6235);
#6235 = AXIS2_PLACEMENT_3D('',#6236,#6237,#6238);
#6236 = CARTESIAN_POINT('',(0.75,1.2,0.75));
#6237 = DIRECTION('',(0.,0.,1.));
#6238 = DIRECTION('',(1.,1.110223024625E-16,-0.));
#6239 = ADVANCED_FACE('',(#6240),#6265,.F.);
#6240 = FACE_BOUND('',#6241,.F.);
#6241 = EDGE_LOOP('',(#6242,#6250,#6251,#6259));
#6242 = ORIENTED_EDGE('',*,*,#6243,.F.);
#6243 = EDGE_CURVE('',#5773,#6244,#6246,.T.);
#6244 = VERTEX_POINT('',#6245);
#6245 = CARTESIAN_POINT('',(0.8,0.7,0.9));
#6246 = LINE('',#6247,#6248);
#6247 = CARTESIAN_POINT('',(0.8,0.7,0.670847817658));
#6248 = VECTOR('',#6249,1.);
#6249 = DIRECTION('',(0.,0.,1.));
#6250 = ORIENTED_EDGE('',*,*,#5772,.T.);
#6251 = ORIENTED_EDGE('',*,*,#6252,.T.);
#6252 = EDGE_CURVE('',#5765,#6253,#6255,.T.);
#6253 = VERTEX_POINT('',#6254);
#6254 = CARTESIAN_POINT('',(0.8,0.25,0.9));
#6255 = LINE('',#6256,#6257);
#6256 = CARTESIAN_POINT('',(0.8,0.25,0.670847817658));
#6257 = VECTOR('',#6258,1.);
#6258 = DIRECTION('',(0.,0.,1.));
#6259 = ORIENTED_EDGE('',*,*,#6260,.F.);
#6260 = EDGE_CURVE('',#6244,#6253,#6261,.T.);
#6261 = LINE('',#6262,#6263);
#6262 = CARTESIAN_POINT('',(0.8,1.355,0.9));
#6263 = VECTOR('',#6264,1.);
#6264 = DIRECTION('',(1.110223024625E-16,-1.,0.));
#6265 = PLANE('',#6266);
#6266 = AXIS2_PLACEMENT_3D('',#6267,#6268,#6269);
#6267 = CARTESIAN_POINT('',(0.8,1.355,0.9));
#6268 = DIRECTION('',(-1.,-1.110223024625E-16,0.));
#6269 = DIRECTION('',(1.110223024625E-16,-1.,0.));
#6270 = ADVANCED_FACE('',(#6271),#6296,.F.);
#6271 = FACE_BOUND('',#6272,.F.);
#6272 = EDGE_LOOP('',(#6273,#6281,#6282,#6290));
#6273 = ORIENTED_EDGE('',*,*,#6274,.F.);
#6274 = EDGE_CURVE('',#5765,#6275,#6277,.T.);
#6275 = VERTEX_POINT('',#6276);
#6276 = CARTESIAN_POINT('',(0.85,0.25,0.75));
#6277 = LINE('',#6278,#6279);
#6278 = CARTESIAN_POINT('',(0.75,0.25,0.75));
#6279 = VECTOR('',#6280,1.);
#6280 = DIRECTION('',(1.,1.110223024625E-16,0.));
#6281 = ORIENTED_EDGE('',*,*,#5764,.T.);
#6282 = ORIENTED_EDGE('',*,*,#6283,.T.);
#6283 = EDGE_CURVE('',#5757,#6284,#6286,.T.);
#6284 = VERTEX_POINT('',#6285);
#6285 = CARTESIAN_POINT('',(0.85,-0.25,0.75));
#6286 = LINE('',#6287,#6288);
#6287 = CARTESIAN_POINT('',(0.75,-0.25,0.75));
#6288 = VECTOR('',#6289,1.);
#6289 = DIRECTION('',(1.,1.110223024625E-16,0.));
#6290 = ORIENTED_EDGE('',*,*,#6291,.F.);
#6291 = EDGE_CURVE('',#6275,#6284,#6292,.T.);
#6292 = LINE('',#6293,#6294);
#6293 = CARTESIAN_POINT('',(0.85,0.25,0.75));
#6294 = VECTOR('',#6295,1.);
#6295 = DIRECTION('',(1.110223024625E-16,-1.,0.));
#6296 = PLANE('',#6297);
#6297 = AXIS2_PLACEMENT_3D('',#6298,#6299,#6300);
#6298 = CARTESIAN_POINT('',(0.75,0.25,0.75));
#6299 = DIRECTION('',(0.,0.,1.));
#6300 = DIRECTION('',(1.,1.110223024625E-16,-0.));
#6301 = ADVANCED_FACE('',(#6302),#6327,.F.);
#6302 = FACE_BOUND('',#6303,.F.);
#6303 = EDGE_LOOP('',(#6304,#6312,#6313,#6321));
#6304 = ORIENTED_EDGE('',*,*,#6305,.F.);
#6305 = EDGE_CURVE('',#5757,#6306,#6308,.T.);
#6306 = VERTEX_POINT('',#6307);
#6307 = CARTESIAN_POINT('',(0.8,-0.25,0.9));
#6308 = LINE('',#6309,#6310);
#6309 = CARTESIAN_POINT('',(0.8,-0.25,0.670847817658));
#6310 = VECTOR('',#6311,1.);
#6311 = DIRECTION('',(0.,0.,1.));
#6312 = ORIENTED_EDGE('',*,*,#5756,.T.);
#6313 = ORIENTED_EDGE('',*,*,#6314,.T.);
#6314 = EDGE_CURVE('',#5749,#6315,#6317,.T.);
#6315 = VERTEX_POINT('',#6316);
#6316 = CARTESIAN_POINT('',(0.8,-0.7,0.9));
#6317 = LINE('',#6318,#6319);
#6318 = CARTESIAN_POINT('',(0.8,-0.7,0.670847817658));
#6319 = VECTOR('',#6320,1.);
#6320 = DIRECTION('',(0.,0.,1.));
#6321 = ORIENTED_EDGE('',*,*,#6322,.F.);
#6322 = EDGE_CURVE('',#6306,#6315,#6323,.T.);
#6323 = LINE('',#6324,#6325);
#6324 = CARTESIAN_POINT('',(0.8,1.355,0.9));
#6325 = VECTOR('',#6326,1.);
#6326 = DIRECTION('',(1.110223024625E-16,-1.,0.));
#6327 = PLANE('',#6328);
#6328 = AXIS2_PLACEMENT_3D('',#6329,#6330,#6331);
#6329 = CARTESIAN_POINT('',(0.8,1.355,0.9));
#6330 = DIRECTION('',(-1.,-1.110223024625E-16,0.));
#6331 = DIRECTION('',(1.110223024625E-16,-1.,0.));
#6332 = ADVANCED_FACE('',(#6333),#6358,.F.);
#6333 = FACE_BOUND('',#6334,.F.);
#6334 = EDGE_LOOP('',(#6335,#6343,#6344,#6352));
#6335 = ORIENTED_EDGE('',*,*,#6336,.F.);
#6336 = EDGE_CURVE('',#5749,#6337,#6339,.T.);
#6337 = VERTEX_POINT('',#6338);
#6338 = CARTESIAN_POINT('',(0.85,-0.7,0.75));
#6339 = LINE('',#6340,#6341);
#6340 = CARTESIAN_POINT('',(0.75,-0.7,0.75));
#6341 = VECTOR('',#6342,1.);
#6342 = DIRECTION('',(1.,1.110223024625E-16,0.));
#6343 = ORIENTED_EDGE('',*,*,#5748,.T.);
#6344 = ORIENTED_EDGE('',*,*,#6345,.T.);
#6345 = EDGE_CURVE('',#5741,#6346,#6348,.T.);
#6346 = VERTEX_POINT('',#6347);
#6347 = CARTESIAN_POINT('',(0.85,-1.2,0.75));
#6348 = LINE('',#6349,#6350);
#6349 = CARTESIAN_POINT('',(0.75,-1.2,0.75));
#6350 = VECTOR('',#6351,1.);
#6351 = DIRECTION('',(1.,1.110223024625E-16,0.));
#6352 = ORIENTED_EDGE('',*,*,#6353,.F.);
#6353 = EDGE_CURVE('',#6337,#6346,#6354,.T.);
#6354 = LINE('',#6355,#6356);
#6355 = CARTESIAN_POINT('',(0.85,-0.7,0.75));
#6356 = VECTOR('',#6357,1.);
#6357 = DIRECTION('',(1.110223024625E-16,-1.,0.));
#6358 = PLANE('',#6359);
#6359 = AXIS2_PLACEMENT_3D('',#6360,#6361,#6362);
#6360 = CARTESIAN_POINT('',(0.75,-0.7,0.75));
#6361 = DIRECTION('',(0.,0.,1.));
#6362 = DIRECTION('',(1.,1.110223024625E-16,-0.));
#6363 = ADVANCED_FACE('',(#6364),#6388,.F.);
#6364 = FACE_BOUND('',#6365,.F.);
#6365 = EDGE_LOOP('',(#6366,#6374,#6375,#6382));
#6366 = ORIENTED_EDGE('',*,*,#6367,.F.);
#6367 = EDGE_CURVE('',#5741,#6368,#6370,.T.);
#6368 = VERTEX_POINT('',#6369);
#6369 = CARTESIAN_POINT('',(0.8,-1.2,0.9));
#6370 = LINE('',#6371,#6372);
#6371 = CARTESIAN_POINT('',(0.8,-1.2,0.670847817658));
#6372 = VECTOR('',#6373,1.);
#6373 = DIRECTION('',(0.,0.,1.));
#6374 = ORIENTED_EDGE('',*,*,#5740,.T.);
#6375 = ORIENTED_EDGE('',*,*,#6376,.T.);
#6376 = EDGE_CURVE('',#5734,#6377,#6379,.T.);
#6377 = VERTEX_POINT('',#6378);
#6378 = CARTESIAN_POINT('',(0.8,-1.355,0.9));
#6379 = B_SPLINE_CURVE_WITH_KNOTS('',1,(#6380,#6381),.UNSPECIFIED.,.F.,
  .F.,(2,2),(0.,1.),.PIECEWISE_BEZIER_KNOTS.);
#6380 = CARTESIAN_POINT('',(0.8,-1.355,0.75));
#6381 = CARTESIAN_POINT('',(0.8,-1.355,0.9));
#6382 = ORIENTED_EDGE('',*,*,#6383,.F.);
#6383 = EDGE_CURVE('',#6368,#6377,#6384,.T.);
#6384 = LINE('',#6385,#6386);
#6385 = CARTESIAN_POINT('',(0.8,1.355,0.9));
#6386 = VECTOR('',#6387,1.);
#6387 = DIRECTION('',(1.110223024625E-16,-1.,0.));
#6388 = PLANE('',#6389);
#6389 = AXIS2_PLACEMENT_3D('',#6390,#6391,#6392);
#6390 = CARTESIAN_POINT('',(0.8,1.355,0.9));
#6391 = DIRECTION('',(-1.,-1.110223024625E-16,0.));
#6392 = DIRECTION('',(1.110223024625E-16,-1.,0.));
#6393 = ADVANCED_FACE('',(#6394),#6411,.F.);
#6394 = FACE_BOUND('',#6395,.F.);
#6395 = EDGE_LOOP('',(#6396,#6397,#6398,#6406));
#6396 = ORIENTED_EDGE('',*,*,#5805,.T.);
#6397 = ORIENTED_EDGE('',*,*,#5993,.T.);
#6398 = ORIENTED_EDGE('',*,*,#6399,.F.);
#6399 = EDGE_CURVE('',#6400,#5994,#6402,.T.);
#6400 = VERTEX_POINT('',#6401);
#6401 = CARTESIAN_POINT('',(-0.705,-1.45,0.9));
#6402 = LINE('',#6403,#6404);
#6403 = CARTESIAN_POINT('',(-0.705,-1.45,0.9));
#6404 = VECTOR('',#6405,1.);
#6405 = DIRECTION('',(-0.707106781187,0.707106781187,0.));
#6406 = ORIENTED_EDGE('',*,*,#6407,.F.);
#6407 = EDGE_CURVE('',#5806,#6400,#6408,.T.);
#6408 = B_SPLINE_CURVE_WITH_KNOTS('',1,(#6409,#6410),.UNSPECIFIED.,.F.,
  .F.,(2,2),(0.,1.),.PIECEWISE_BEZIER_KNOTS.);
#6409 = CARTESIAN_POINT('',(-0.705,-1.45,0.75));
#6410 = CARTESIAN_POINT('',(-0.705,-1.45,0.9));
#6411 = PLANE('',#6412);
#6412 = AXIS2_PLACEMENT_3D('',#6413,#6414,#6415);
#6413 = CARTESIAN_POINT('',(-0.705,-1.45,0.9));
#6414 = DIRECTION('',(0.707106781187,0.707106781187,0.));
#6415 = DIRECTION('',(-0.707106781187,0.707106781187,0.));
#6416 = ADVANCED_FACE('',(#6417),#6434,.F.);
#6417 = FACE_BOUND('',#6418,.F.);
#6418 = EDGE_LOOP('',(#6419,#6420,#6427,#6433));
#6419 = ORIENTED_EDGE('',*,*,#5834,.T.);
#6420 = ORIENTED_EDGE('',*,*,#6421,.T.);
#6421 = EDGE_CURVE('',#5828,#6422,#6424,.T.);
#6422 = VERTEX_POINT('',#6423);
#6423 = CARTESIAN_POINT('',(0.705,-1.45,0.9));
#6424 = B_SPLINE_CURVE_WITH_KNOTS('',1,(#6425,#6426),.UNSPECIFIED.,.F.,
  .F.,(2,2),(0.,1.),.PIECEWISE_BEZIER_KNOTS.);
#6425 = CARTESIAN_POINT('',(0.705,-1.45,0.75));
#6426 = CARTESIAN_POINT('',(0.705,-1.45,0.9));
#6427 = ORIENTED_EDGE('',*,*,#6428,.F.);
#6428 = EDGE_CURVE('',#6377,#6422,#6429,.T.);
#6429 = LINE('',#6430,#6431);
#6430 = CARTESIAN_POINT('',(0.8,-1.355,0.9));
#6431 = VECTOR('',#6432,1.);
#6432 = DIRECTION('',(-0.707106781187,-0.707106781187,0.));
#6433 = ORIENTED_EDGE('',*,*,#6376,.F.);
#6434 = PLANE('',#6435);
#6435 = AXIS2_PLACEMENT_3D('',#6436,#6437,#6438);
#6436 = CARTESIAN_POINT('',(0.8,-1.355,0.9));
#6437 = DIRECTION('',(-0.707106781187,0.707106781187,0.));
#6438 = DIRECTION('',(-0.707106781187,-0.707106781187,0.));
#6439 = ADVANCED_FACE('',(#6440),#6451,.F.);
#6440 = FACE_BOUND('',#6441,.F.);
#6441 = EDGE_LOOP('',(#6442,#6443,#6444,#6450));
#6442 = ORIENTED_EDGE('',*,*,#5851,.T.);
#6443 = ORIENTED_EDGE('',*,*,#6407,.T.);
#6444 = ORIENTED_EDGE('',*,*,#6445,.F.);
#6445 = EDGE_CURVE('',#6422,#6400,#6446,.T.);
#6446 = LINE('',#6447,#6448);
#6447 = CARTESIAN_POINT('',(0.705,-1.45,0.9));
#6448 = VECTOR('',#6449,1.);
#6449 = DIRECTION('',(-1.,-1.110223024625E-16,0.));
#6450 = ORIENTED_EDGE('',*,*,#6421,.F.);
#6451 = PLANE('',#6452);
#6452 = AXIS2_PLACEMENT_3D('',#6453,#6454,#6455);
#6453 = CARTESIAN_POINT('',(0.705,-1.45,0.9));
#6454 = DIRECTION('',(-1.110223024625E-16,1.,0.));
#6455 = DIRECTION('',(-1.,-1.110223024625E-16,0.));
#6456 = ADVANCED_FACE('',(#6457),#6496,.F.);
#6457 = FACE_BOUND('',#6458,.F.);
#6458 = EDGE_LOOP('',(#6459,#6467,#6475,#6481,#6482,#6490));
#6459 = ORIENTED_EDGE('',*,*,#6460,.F.);
#6460 = EDGE_CURVE('',#6461,#6126,#6463,.T.);
#6461 = VERTEX_POINT('',#6462);
#6462 = CARTESIAN_POINT('',(-0.85,0.7,0.9));
#6463 = LINE('',#6464,#6465);
#6464 = CARTESIAN_POINT('',(-0.85,0.7,0.9));
#6465 = VECTOR('',#6466,1.);
#6466 = DIRECTION('',(1.,-1.144237745222E-17,0.));
#6467 = ORIENTED_EDGE('',*,*,#6468,.T.);
#6468 = EDGE_CURVE('',#6461,#6469,#6471,.T.);
#6469 = VERTEX_POINT('',#6470);
#6470 = CARTESIAN_POINT('',(-0.85,1.2,0.9));
#6471 = LINE('',#6472,#6473);
#6472 = CARTESIAN_POINT('',(-0.85,0.7,0.9));
#6473 = VECTOR('',#6474,1.);
#6474 = DIRECTION('',(1.144237745222E-17,1.,0.));
#6475 = ORIENTED_EDGE('',*,*,#6476,.T.);
#6476 = EDGE_CURVE('',#6469,#5956,#6477,.T.);
#6477 = LINE('',#6478,#6479);
#6478 = CARTESIAN_POINT('',(-0.85,1.2,0.9));
#6479 = VECTOR('',#6480,1.);
#6480 = DIRECTION('',(1.,-1.144237745222E-17,0.));
#6481 = ORIENTED_EDGE('',*,*,#5955,.T.);
#6482 = ORIENTED_EDGE('',*,*,#6483,.F.);
#6483 = EDGE_CURVE('',#6484,#5948,#6486,.T.);
#6484 = VERTEX_POINT('',#6485);
#6485 = CARTESIAN_POINT('',(-0.775,0.7,0.9));
#6486 = LINE('',#6487,#6488);
#6487 = CARTESIAN_POINT('',(-0.775,-1.3425,0.9));
#6488 = VECTOR('',#6489,1.);
#6489 = DIRECTION('',(-1.110223024625E-16,1.,0.));
#6490 = ORIENTED_EDGE('',*,*,#6491,.F.);
#6491 = EDGE_CURVE('',#6126,#6484,#6492,.T.);
#6492 = LINE('',#6493,#6494);
#6493 = CARTESIAN_POINT('',(-0.85,0.7,0.9));
#6494 = VECTOR('',#6495,1.);
#6495 = DIRECTION('',(1.,-1.144237745222E-17,0.));
#6496 = PLANE('',#6497);
#6497 = AXIS2_PLACEMENT_3D('',#6498,#6499,#6500);
#6498 = CARTESIAN_POINT('',(-0.85,0.7,0.9));
#6499 = DIRECTION('',(0.,0.,-1.));
#6500 = DIRECTION('',(1.,-1.144237745222E-17,0.));
#6501 = ADVANCED_FACE('',(#6502),#6566,.F.);
#6502 = FACE_BOUND('',#6503,.F.);
#6503 = EDGE_LOOP('',(#6504,#6514,#6522,#6530,#6538,#6544,#6545,#6546,
    #6553,#6561));
#6504 = ORIENTED_EDGE('',*,*,#6505,.T.);
#6505 = EDGE_CURVE('',#6506,#6508,#6510,.T.);
#6506 = VERTEX_POINT('',#6507);
#6507 = CARTESIAN_POINT('',(-0.775,-1.3425,0.9));
#6508 = VERTEX_POINT('',#6509);
#6509 = CARTESIAN_POINT('',(-0.775,-1.2,0.9));
#6510 = LINE('',#6511,#6512);
#6511 = CARTESIAN_POINT('',(-0.775,-1.3425,0.9));
#6512 = VECTOR('',#6513,1.);
#6513 = DIRECTION('',(-1.110223024625E-16,1.,0.));
#6514 = ORIENTED_EDGE('',*,*,#6515,.T.);
#6515 = EDGE_CURVE('',#6508,#6516,#6518,.T.);
#6516 = VERTEX_POINT('',#6517);
#6517 = CARTESIAN_POINT('',(-0.775,-0.7,0.9));
#6518 = LINE('',#6519,#6520);
#6519 = CARTESIAN_POINT('',(-0.775,-1.3425,0.9));
#6520 = VECTOR('',#6521,1.);
#6521 = DIRECTION('',(-1.110223024625E-16,1.,0.));
#6522 = ORIENTED_EDGE('',*,*,#6523,.T.);
#6523 = EDGE_CURVE('',#6516,#6524,#6526,.T.);
#6524 = VERTEX_POINT('',#6525);
#6525 = CARTESIAN_POINT('',(-0.775,-0.25,0.9));
#6526 = LINE('',#6527,#6528);
#6527 = CARTESIAN_POINT('',(-0.775,-1.3425,0.9));
#6528 = VECTOR('',#6529,1.);
#6529 = DIRECTION('',(-1.110223024625E-16,1.,0.));
#6530 = ORIENTED_EDGE('',*,*,#6531,.T.);
#6531 = EDGE_CURVE('',#6524,#6532,#6534,.T.);
#6532 = VERTEX_POINT('',#6533);
#6533 = CARTESIAN_POINT('',(-0.775,0.25,0.9));
#6534 = LINE('',#6535,#6536);
#6535 = CARTESIAN_POINT('',(-0.775,-1.3425,0.9));
#6536 = VECTOR('',#6537,1.);
#6537 = DIRECTION('',(-1.110223024625E-16,1.,0.));
#6538 = ORIENTED_EDGE('',*,*,#6539,.T.);
#6539 = EDGE_CURVE('',#6532,#6484,#6540,.T.);
#6540 = LINE('',#6541,#6542);
#6541 = CARTESIAN_POINT('',(-0.775,-1.3425,0.9));
#6542 = VECTOR('',#6543,1.);
#6543 = DIRECTION('',(-1.110223024625E-16,1.,0.));
#6544 = ORIENTED_EDGE('',*,*,#6483,.T.);
#6545 = ORIENTED_EDGE('',*,*,#5947,.T.);
#6546 = ORIENTED_EDGE('',*,*,#6547,.T.);
#6547 = EDGE_CURVE('',#5940,#6548,#6550,.T.);
#6548 = VERTEX_POINT('',#6549);
#6549 = CARTESIAN_POINT('',(-0.683648457443,1.296824228722,1.55));
#6550 = B_SPLINE_CURVE_WITH_KNOTS('',1,(#6551,#6552),.UNSPECIFIED.,.F.,
  .F.,(2,2),(0.,1.),.PIECEWISE_BEZIER_KNOTS.);
#6551 = CARTESIAN_POINT('',(-0.775,1.3425,0.9));
#6552 = CARTESIAN_POINT('',(-0.683648457443,1.296824228722,1.55));
#6553 = ORIENTED_EDGE('',*,*,#6554,.F.);
#6554 = EDGE_CURVE('',#6555,#6548,#6557,.T.);
#6555 = VERTEX_POINT('',#6556);
#6556 = CARTESIAN_POINT('',(-0.683648457443,-1.296824228722,1.55));
#6557 = LINE('',#6558,#6559);
#6558 = CARTESIAN_POINT('',(-0.683648457443,-1.296824228722,1.55));
#6559 = VECTOR('',#6560,1.);
#6560 = DIRECTION('',(-1.110223024625E-16,1.,0.));
#6561 = ORIENTED_EDGE('',*,*,#6562,.F.);
#6562 = EDGE_CURVE('',#6506,#6555,#6563,.T.);
#6563 = B_SPLINE_CURVE_WITH_KNOTS('',1,(#6564,#6565),.UNSPECIFIED.,.F.,
  .F.,(2,2),(0.,1.),.PIECEWISE_BEZIER_KNOTS.);
#6564 = CARTESIAN_POINT('',(-0.775,-1.3425,0.9));
#6565 = CARTESIAN_POINT('',(-0.683648457443,-1.296824228722,1.55));
#6566 = B_SPLINE_SURFACE_WITH_KNOTS('',1,1,(
    (#6567,#6568)
    ,(#6569,#6570
    )),.UNSPECIFIED.,.F.,.F.,.F.,(2,2),(2,2),(0.,2.685),(0.,1.),
  .PIECEWISE_BEZIER_KNOTS.);
#6567 = CARTESIAN_POINT('',(-0.775,-1.3425,0.9));
#6568 = CARTESIAN_POINT('',(-0.683648457443,-1.296824228722,1.55));
#6569 = CARTESIAN_POINT('',(-0.775,1.3425,0.9));
#6570 = CARTESIAN_POINT('',(-0.683648457443,1.296824228722,1.55));
#6571 = ADVANCED_FACE('',(#6572),#6589,.F.);
#6572 = FACE_BOUND('',#6573,.F.);
#6573 = EDGE_LOOP('',(#6574,#6575,#6582,#6588));
#6574 = ORIENTED_EDGE('',*,*,#5939,.T.);
#6575 = ORIENTED_EDGE('',*,*,#6576,.T.);
#6576 = EDGE_CURVE('',#5932,#6577,#6579,.T.);
#6577 = VERTEX_POINT('',#6578);
#6578 = CARTESIAN_POINT('',(-0.646824228722,1.333648457443,1.55));
#6579 = B_SPLINE_CURVE_WITH_KNOTS('',1,(#6580,#6581),.UNSPECIFIED.,.F.,
  .F.,(2,2),(0.,1.),.PIECEWISE_BEZIER_KNOTS.);
#6580 = CARTESIAN_POINT('',(-0.6925,1.425,0.9));
#6581 = CARTESIAN_POINT('',(-0.646824228722,1.333648457443,1.55));
#6582 = ORIENTED_EDGE('',*,*,#6583,.F.);
#6583 = EDGE_CURVE('',#6548,#6577,#6584,.T.);
#6584 = LINE('',#6585,#6586);
#6585 = CARTESIAN_POINT('',(-0.683648457443,1.296824228722,1.55));
#6586 = VECTOR('',#6587,1.);
#6587 = DIRECTION('',(0.707106781187,0.707106781187,0.));
#6588 = ORIENTED_EDGE('',*,*,#6547,.F.);
#6589 = B_SPLINE_SURFACE_WITH_KNOTS('',1,1,(
    (#6590,#6591)
    ,(#6592,#6593
    )),.UNSPECIFIED.,.F.,.F.,.F.,(2,2),(2,2),(0.,0.116672618896),(0.,1.)
  ,.PIECEWISE_BEZIER_KNOTS.);
#6590 = CARTESIAN_POINT('',(-0.775,1.3425,0.9));
#6591 = CARTESIAN_POINT('',(-0.683648457443,1.296824228722,1.55));
#6592 = CARTESIAN_POINT('',(-0.6925,1.425,0.9));
#6593 = CARTESIAN_POINT('',(-0.646824228722,1.333648457443,1.55));
#6594 = ADVANCED_FACE('',(#6595),#6612,.F.);
#6595 = FACE_BOUND('',#6596,.F.);
#6596 = EDGE_LOOP('',(#6597,#6598,#6605,#6611));
#6597 = ORIENTED_EDGE('',*,*,#5931,.T.);
#6598 = ORIENTED_EDGE('',*,*,#6599,.T.);
#6599 = EDGE_CURVE('',#5924,#6600,#6602,.T.);
#6600 = VERTEX_POINT('',#6601);
#6601 = CARTESIAN_POINT('',(0.646824228722,1.333648457443,1.55));
#6602 = B_SPLINE_CURVE_WITH_KNOTS('',1,(#6603,#6604),.UNSPECIFIED.,.F.,
  .F.,(2,2),(0.,1.),.PIECEWISE_BEZIER_KNOTS.);
#6603 = CARTESIAN_POINT('',(0.6925,1.425,0.9));
#6604 = CARTESIAN_POINT('',(0.646824228722,1.333648457443,1.55));
#6605 = ORIENTED_EDGE('',*,*,#6606,.F.);
#6606 = EDGE_CURVE('',#6577,#6600,#6607,.T.);
#6607 = LINE('',#6608,#6609);
#6608 = CARTESIAN_POINT('',(-0.646824228722,1.333648457443,1.55));
#6609 = VECTOR('',#6610,1.);
#6610 = DIRECTION('',(1.,1.110223024625E-16,0.));
#6611 = ORIENTED_EDGE('',*,*,#6576,.F.);
#6612 = B_SPLINE_SURFACE_WITH_KNOTS('',1,1,(
    (#6613,#6614)
    ,(#6615,#6616
    )),.UNSPECIFIED.,.F.,.F.,.F.,(2,2),(2,2),(0.,1.385),(0.,1.),
  .PIECEWISE_BEZIER_KNOTS.);
#6613 = CARTESIAN_POINT('',(-0.6925,1.425,0.9));
#6614 = CARTESIAN_POINT('',(-0.646824228722,1.333648457443,1.55));
#6615 = CARTESIAN_POINT('',(0.6925,1.425,0.9));
#6616 = CARTESIAN_POINT('',(0.646824228722,1.333648457443,1.55));
#6617 = ADVANCED_FACE('',(#6618),#6635,.F.);
#6618 = FACE_BOUND('',#6619,.F.);
#6619 = EDGE_LOOP('',(#6620,#6621,#6628,#6634));
#6620 = ORIENTED_EDGE('',*,*,#5923,.T.);
#6621 = ORIENTED_EDGE('',*,*,#6622,.T.);
#6622 = EDGE_CURVE('',#5916,#6623,#6625,.T.);
#6623 = VERTEX_POINT('',#6624);
#6624 = CARTESIAN_POINT('',(0.683648457443,1.296824228722,1.55));
#6625 = B_SPLINE_CURVE_WITH_KNOTS('',1,(#6626,#6627),.UNSPECIFIED.,.F.,
  .F.,(2,2),(0.,1.),.PIECEWISE_BEZIER_KNOTS.);
#6626 = CARTESIAN_POINT('',(0.775,1.3425,0.9));
#6627 = CARTESIAN_POINT('',(0.683648457443,1.296824228722,1.55));
#6628 = ORIENTED_EDGE('',*,*,#6629,.F.);
#6629 = EDGE_CURVE('',#6600,#6623,#6630,.T.);
#6630 = LINE('',#6631,#6632);
#6631 = CARTESIAN_POINT('',(0.646824228722,1.333648457443,1.55));
#6632 = VECTOR('',#6633,1.);
#6633 = DIRECTION('',(0.707106781187,-0.707106781187,0.));
#6634 = ORIENTED_EDGE('',*,*,#6599,.F.);
#6635 = B_SPLINE_SURFACE_WITH_KNOTS('',1,1,(
    (#6636,#6637)
    ,(#6638,#6639
    )),.UNSPECIFIED.,.F.,.F.,.F.,(2,2),(2,2),(0.,0.116672618896),(0.,1.)
  ,.PIECEWISE_BEZIER_KNOTS.);
#6636 = CARTESIAN_POINT('',(0.6925,1.425,0.9));
#6637 = CARTESIAN_POINT('',(0.646824228722,1.333648457443,1.55));
#6638 = CARTESIAN_POINT('',(0.775,1.3425,0.9));
#6639 = CARTESIAN_POINT('',(0.683648457443,1.296824228722,1.55));
#6640 = ADVANCED_FACE('',(#6641),#6706,.F.);
#6641 = FACE_BOUND('',#6642,.F.);
#6642 = EDGE_LOOP('',(#6643,#6644,#6652,#6660,#6668,#6676,#6684,#6692,
    #6699,#6705));
#6643 = ORIENTED_EDGE('',*,*,#5915,.T.);
#6644 = ORIENTED_EDGE('',*,*,#6645,.T.);
#6645 = EDGE_CURVE('',#5908,#6646,#6648,.T.);
#6646 = VERTEX_POINT('',#6647);
#6647 = CARTESIAN_POINT('',(0.775,0.7,0.9));
#6648 = LINE('',#6649,#6650);
#6649 = CARTESIAN_POINT('',(0.775,1.3425,0.9));
#6650 = VECTOR('',#6651,1.);
#6651 = DIRECTION('',(1.110223024625E-16,-1.,0.));
#6652 = ORIENTED_EDGE('',*,*,#6653,.T.);
#6653 = EDGE_CURVE('',#6646,#6654,#6656,.T.);
#6654 = VERTEX_POINT('',#6655);
#6655 = CARTESIAN_POINT('',(0.775,0.25,0.9));
#6656 = LINE('',#6657,#6658);
#6657 = CARTESIAN_POINT('',(0.775,1.3425,0.9));
#6658 = VECTOR('',#6659,1.);
#6659 = DIRECTION('',(1.110223024625E-16,-1.,0.));
#6660 = ORIENTED_EDGE('',*,*,#6661,.T.);
#6661 = EDGE_CURVE('',#6654,#6662,#6664,.T.);
#6662 = VERTEX_POINT('',#6663);
#6663 = CARTESIAN_POINT('',(0.775,-0.25,0.9));
#6664 = LINE('',#6665,#6666);
#6665 = CARTESIAN_POINT('',(0.775,1.3425,0.9));
#6666 = VECTOR('',#6667,1.);
#6667 = DIRECTION('',(1.110223024625E-16,-1.,0.));
#6668 = ORIENTED_EDGE('',*,*,#6669,.T.);
#6669 = EDGE_CURVE('',#6662,#6670,#6672,.T.);
#6670 = VERTEX_POINT('',#6671);
#6671 = CARTESIAN_POINT('',(0.775,-0.7,0.9));
#6672 = LINE('',#6673,#6674);
#6673 = CARTESIAN_POINT('',(0.775,1.3425,0.9));
#6674 = VECTOR('',#6675,1.);
#6675 = DIRECTION('',(1.110223024625E-16,-1.,0.));
#6676 = ORIENTED_EDGE('',*,*,#6677,.T.);
#6677 = EDGE_CURVE('',#6670,#6678,#6680,.T.);
#6678 = VERTEX_POINT('',#6679);
#6679 = CARTESIAN_POINT('',(0.775,-1.2,0.9));
#6680 = LINE('',#6681,#6682);
#6681 = CARTESIAN_POINT('',(0.775,1.3425,0.9));
#6682 = VECTOR('',#6683,1.);
#6683 = DIRECTION('',(1.110223024625E-16,-1.,0.));
#6684 = ORIENTED_EDGE('',*,*,#6685,.T.);
#6685 = EDGE_CURVE('',#6678,#6686,#6688,.T.);
#6686 = VERTEX_POINT('',#6687);
#6687 = CARTESIAN_POINT('',(0.775,-1.3425,0.9));
#6688 = LINE('',#6689,#6690);
#6689 = CARTESIAN_POINT('',(0.775,1.3425,0.9));
#6690 = VECTOR('',#6691,1.);
#6691 = DIRECTION('',(1.110223024625E-16,-1.,0.));
#6692 = ORIENTED_EDGE('',*,*,#6693,.T.);
#6693 = EDGE_CURVE('',#6686,#6694,#6696,.T.);
#6694 = VERTEX_POINT('',#6695);
#6695 = CARTESIAN_POINT('',(0.683648457443,-1.296824228722,1.55));
#6696 = B_SPLINE_CURVE_WITH_KNOTS('',1,(#6697,#6698),.UNSPECIFIED.,.F.,
  .F.,(2,2),(0.,1.),.PIECEWISE_BEZIER_KNOTS.);
#6697 = CARTESIAN_POINT('',(0.775,-1.3425,0.9));
#6698 = CARTESIAN_POINT('',(0.683648457443,-1.296824228722,1.55));
#6699 = ORIENTED_EDGE('',*,*,#6700,.F.);
#6700 = EDGE_CURVE('',#6623,#6694,#6701,.T.);
#6701 = LINE('',#6702,#6703);
#6702 = CARTESIAN_POINT('',(0.683648457443,1.296824228722,1.55));
#6703 = VECTOR('',#6704,1.);
#6704 = DIRECTION('',(1.110223024625E-16,-1.,0.));
#6705 = ORIENTED_EDGE('',*,*,#6622,.F.);
#6706 = B_SPLINE_SURFACE_WITH_KNOTS('',1,1,(
    (#6707,#6708)
    ,(#6709,#6710
    )),.UNSPECIFIED.,.F.,.F.,.F.,(2,2),(2,2),(0.,2.685),(0.,1.),
  .PIECEWISE_BEZIER_KNOTS.);
#6707 = CARTESIAN_POINT('',(0.775,1.3425,0.9));
#6708 = CARTESIAN_POINT('',(0.683648457443,1.296824228722,1.55));
#6709 = CARTESIAN_POINT('',(0.775,-1.3425,0.9));
#6710 = CARTESIAN_POINT('',(0.683648457443,-1.296824228722,1.55));
#6711 = ADVANCED_FACE('',(#6712),#6744,.F.);
#6712 = FACE_BOUND('',#6713,.F.);
#6713 = EDGE_LOOP('',(#6714,#6722,#6730,#6736,#6742,#6743));
#6714 = ORIENTED_EDGE('',*,*,#6715,.F.);
#6715 = EDGE_CURVE('',#6716,#5900,#6718,.T.);
#6716 = VERTEX_POINT('',#6717);
#6717 = CARTESIAN_POINT('',(0.85,1.2,0.9));
#6718 = LINE('',#6719,#6720);
#6719 = CARTESIAN_POINT('',(0.85,1.2,0.9));
#6720 = VECTOR('',#6721,1.);
#6721 = DIRECTION('',(-1.,-1.110223024625E-16,0.));
#6722 = ORIENTED_EDGE('',*,*,#6723,.T.);
#6723 = EDGE_CURVE('',#6716,#6724,#6726,.T.);
#6724 = VERTEX_POINT('',#6725);
#6725 = CARTESIAN_POINT('',(0.85,0.7,0.9));
#6726 = LINE('',#6727,#6728);
#6727 = CARTESIAN_POINT('',(0.85,1.2,0.9));
#6728 = VECTOR('',#6729,1.);
#6729 = DIRECTION('',(1.110223024625E-16,-1.,0.));
#6730 = ORIENTED_EDGE('',*,*,#6731,.T.);
#6731 = EDGE_CURVE('',#6724,#6244,#6732,.T.);
#6732 = LINE('',#6733,#6734);
#6733 = CARTESIAN_POINT('',(0.85,0.7,0.9));
#6734 = VECTOR('',#6735,1.);
#6735 = DIRECTION('',(-1.,-1.110223024625E-16,0.));
#6736 = ORIENTED_EDGE('',*,*,#6737,.T.);
#6737 = EDGE_CURVE('',#6244,#6646,#6738,.T.);
#6738 = LINE('',#6739,#6740);
#6739 = CARTESIAN_POINT('',(0.85,0.7,0.9));
#6740 = VECTOR('',#6741,1.);
#6741 = DIRECTION('',(-1.,-1.110223024625E-16,0.));
#6742 = ORIENTED_EDGE('',*,*,#6645,.F.);
#6743 = ORIENTED_EDGE('',*,*,#5907,.F.);
#6744 = PLANE('',#6745);
#6745 = AXIS2_PLACEMENT_3D('',#6746,#6747,#6748);
#6746 = CARTESIAN_POINT('',(0.85,1.2,0.9));
#6747 = DIRECTION('',(0.,0.,-1.));
#6748 = DIRECTION('',(-1.,-1.110223024625E-16,-0.));
#6749 = ADVANCED_FACE('',(#6750),#6793,.F.);
#6750 = FACE_BOUND('',#6751,.F.);
#6751 = EDGE_LOOP('',(#6752,#6753,#6759,#6760,#6768,#6776,#6782,#6783,
    #6789,#6790,#6791,#6792));
#6752 = ORIENTED_EDGE('',*,*,#6009,.T.);
#6753 = ORIENTED_EDGE('',*,*,#6754,.T.);
#6754 = EDGE_CURVE('',#6002,#6508,#6755,.T.);
#6755 = LINE('',#6756,#6757);
#6756 = CARTESIAN_POINT('',(-0.85,-1.2,0.9));
#6757 = VECTOR('',#6758,1.);
#6758 = DIRECTION('',(1.,-1.144237745222E-17,0.));
#6759 = ORIENTED_EDGE('',*,*,#6505,.F.);
#6760 = ORIENTED_EDGE('',*,*,#6761,.F.);
#6761 = EDGE_CURVE('',#6762,#6506,#6764,.T.);
#6762 = VERTEX_POINT('',#6763);
#6763 = CARTESIAN_POINT('',(-0.6925,-1.425,0.9));
#6764 = LINE('',#6765,#6766);
#6765 = CARTESIAN_POINT('',(-0.6925,-1.425,0.9));
#6766 = VECTOR('',#6767,1.);
#6767 = DIRECTION('',(-0.707106781187,0.707106781187,0.));
#6768 = ORIENTED_EDGE('',*,*,#6769,.F.);
#6769 = EDGE_CURVE('',#6770,#6762,#6772,.T.);
#6770 = VERTEX_POINT('',#6771);
#6771 = CARTESIAN_POINT('',(0.6925,-1.425,0.9));
#6772 = LINE('',#6773,#6774);
#6773 = CARTESIAN_POINT('',(0.6925,-1.425,0.9));
#6774 = VECTOR('',#6775,1.);
#6775 = DIRECTION('',(-1.,-1.110223024625E-16,0.));
#6776 = ORIENTED_EDGE('',*,*,#6777,.F.);
#6777 = EDGE_CURVE('',#6686,#6770,#6778,.T.);
#6778 = LINE('',#6779,#6780);
#6779 = CARTESIAN_POINT('',(0.775,-1.3425,0.9));
#6780 = VECTOR('',#6781,1.);
#6781 = DIRECTION('',(-0.707106781187,-0.707106781187,0.));
#6782 = ORIENTED_EDGE('',*,*,#6685,.F.);
#6783 = ORIENTED_EDGE('',*,*,#6784,.F.);
#6784 = EDGE_CURVE('',#6368,#6678,#6785,.T.);
#6785 = LINE('',#6786,#6787);
#6786 = CARTESIAN_POINT('',(0.85,-1.2,0.9));
#6787 = VECTOR('',#6788,1.);
#6788 = DIRECTION('',(-1.,-1.110223024625E-16,0.));
#6789 = ORIENTED_EDGE('',*,*,#6383,.T.);
#6790 = ORIENTED_EDGE('',*,*,#6428,.T.);
#6791 = ORIENTED_EDGE('',*,*,#6445,.T.);
#6792 = ORIENTED_EDGE('',*,*,#6399,.T.);
#6793 = PLANE('',#6794);
#6794 = AXIS2_PLACEMENT_3D('',#6795,#6796,#6797);
#6795 = CARTESIAN_POINT('',(-2.091417030376E-16,1.4375,0.9));
#6796 = DIRECTION('',(4.595758349624E-18,6.551522493592E-27,-1.));
#6797 = DIRECTION('',(1.,1.51922136901E-16,4.595758349624E-18));
#6798 = ADVANCED_FACE('',(#6799),#6885,.F.);
#6799 = FACE_BOUND('',#6800,.F.);
#6800 = EDGE_LOOP('',(#6801,#6802,#6803,#6812,#6820,#6829,#6837,#6845,
    #6853,#6862,#6870,#6879));
#6801 = ORIENTED_EDGE('',*,*,#6001,.F.);
#6802 = ORIENTED_EDGE('',*,*,#6023,.T.);
#6803 = ORIENTED_EDGE('',*,*,#6804,.T.);
#6804 = EDGE_CURVE('',#6024,#6805,#6807,.T.);
#6805 = VERTEX_POINT('',#6806);
#6806 = CARTESIAN_POINT('',(-0.948480775301,-1.2,0.667364817767));
#6807 = CIRCLE('',#6808,0.1);
#6808 = AXIS2_PLACEMENT_3D('',#6809,#6810,#6811);
#6809 = CARTESIAN_POINT('',(-0.85,-1.2,0.65));
#6810 = DIRECTION('',(-1.144237745222E-17,-1.,0.));
#6811 = DIRECTION('',(0.,0.,1.));
#6812 = ORIENTED_EDGE('',*,*,#6813,.T.);
#6813 = EDGE_CURVE('',#6805,#6814,#6816,.T.);
#6814 = VERTEX_POINT('',#6815);
#6815 = CARTESIAN_POINT('',(-1.02432885403,-1.2,0.206587955583));
#6816 = LINE('',#6817,#6818);
#6817 = CARTESIAN_POINT('',(-0.948480775301,-1.2,0.667364817767));
#6818 = VECTOR('',#6819,1.);
#6819 = DIRECTION('',(-0.162423314012,1.858508865964E-18,-0.986721169868
    ));
#6820 = ORIENTED_EDGE('',*,*,#6821,.T.);
#6821 = EDGE_CURVE('',#6814,#6822,#6824,.T.);
#6822 = VERTEX_POINT('',#6823);
#6823 = CARTESIAN_POINT('',(-1.270530792283,-1.2,0.));
#6824 = CIRCLE('',#6825,0.25);
#6825 = AXIS2_PLACEMENT_3D('',#6826,#6827,#6828);
#6826 = CARTESIAN_POINT('',(-1.270530792283,-1.2,0.25));
#6827 = DIRECTION('',(1.144237745222E-17,1.,1.155557966632E-33));
#6828 = DIRECTION('',(0.984807753012,-1.126854202784E-17,-0.173648177667
    ));
#6829 = ORIENTED_EDGE('',*,*,#6830,.T.);
#6830 = EDGE_CURVE('',#6822,#6831,#6833,.T.);
#6831 = VERTEX_POINT('',#6832);
#6832 = CARTESIAN_POINT('',(-1.4,-1.2,0.));
#6833 = LINE('',#6834,#6835);
#6834 = CARTESIAN_POINT('',(-1.270530792283,-1.2,0.));
#6835 = VECTOR('',#6836,1.);
#6836 = DIRECTION('',(-1.,1.144237745222E-17,0.));
#6837 = ORIENTED_EDGE('',*,*,#6838,.T.);
#6838 = EDGE_CURVE('',#6831,#6839,#6841,.T.);
#6839 = VERTEX_POINT('',#6840);
#6840 = CARTESIAN_POINT('',(-1.4,-1.2,0.15));
#6841 = LINE('',#6842,#6843);
#6842 = CARTESIAN_POINT('',(-1.4,-1.2,0.));
#6843 = VECTOR('',#6844,1.);
#6844 = DIRECTION('',(0.,0.,1.));
#6845 = ORIENTED_EDGE('',*,*,#6846,.T.);
#6846 = EDGE_CURVE('',#6839,#6847,#6849,.T.);
#6847 = VERTEX_POINT('',#6848);
#6848 = CARTESIAN_POINT('',(-1.270530792283,-1.2,0.15));
#6849 = LINE('',#6850,#6851);
#6850 = CARTESIAN_POINT('',(-1.4,-1.2,0.15));
#6851 = VECTOR('',#6852,1.);
#6852 = DIRECTION('',(1.,-1.144237745222E-17,0.));
#6853 = ORIENTED_EDGE('',*,*,#6854,.T.);
#6854 = EDGE_CURVE('',#6847,#6855,#6857,.T.);
#6855 = VERTEX_POINT('',#6856);
#6856 = CARTESIAN_POINT('',(-1.172050016982,-1.2,0.232635182233));
#6857 = CIRCLE('',#6858,0.1);
#6858 = AXIS2_PLACEMENT_3D('',#6859,#6860,#6861);
#6859 = CARTESIAN_POINT('',(-1.270530792283,-1.2,0.25));
#6860 = DIRECTION('',(-1.144237745222E-17,-1.,0.));
#6861 = DIRECTION('',(-2.22044604925E-15,2.540718180781E-32,-1.));
#6862 = ORIENTED_EDGE('',*,*,#6863,.T.);
#6863 = EDGE_CURVE('',#6855,#6864,#6866,.T.);
#6864 = VERTEX_POINT('',#6865);
#6865 = CARTESIAN_POINT('',(-1.096201938253,-1.2,0.693412044417));
#6866 = LINE('',#6867,#6868);
#6867 = CARTESIAN_POINT('',(-1.172050016982,-1.2,0.232635182233));
#6868 = VECTOR('',#6869,1.);
#6869 = DIRECTION('',(0.162423314012,-1.858508865964E-18,0.986721169868)
  );
#6870 = ORIENTED_EDGE('',*,*,#6871,.T.);
#6871 = EDGE_CURVE('',#6864,#6872,#6874,.T.);
#6872 = VERTEX_POINT('',#6873);
#6873 = CARTESIAN_POINT('',(-0.85,-1.2,0.9));
#6874 = CIRCLE('',#6875,0.25);
#6875 = AXIS2_PLACEMENT_3D('',#6876,#6877,#6878);
#6876 = CARTESIAN_POINT('',(-0.85,-1.2,0.65));
#6877 = DIRECTION('',(1.144237745222E-17,1.,7.703719777549E-34));
#6878 = DIRECTION('',(-0.984807753012,1.126854202784E-17,0.173648177667)
  );
#6879 = ORIENTED_EDGE('',*,*,#6880,.T.);
#6880 = EDGE_CURVE('',#6872,#6002,#6881,.T.);
#6881 = LINE('',#6882,#6883);
#6882 = CARTESIAN_POINT('',(-0.85,-1.2,0.9));
#6883 = VECTOR('',#6884,1.);
#6884 = DIRECTION('',(1.,-1.144237745222E-17,0.));
#6885 = PLANE('',#6886);
#6886 = AXIS2_PLACEMENT_3D('',#6887,#6888,#6889);
#6887 = CARTESIAN_POINT('',(-1.069123385139,-1.2,0.441695635315));
#6888 = DIRECTION('',(1.144237745222E-17,1.,0.));
#6889 = DIRECTION('',(0.,-0.,1.));
#6890 = ADVANCED_FACE('',(#6891),#6910,.F.);
#6891 = FACE_BOUND('',#6892,.F.);
#6892 = EDGE_LOOP('',(#6893,#6894,#6903,#6909));
#6893 = ORIENTED_EDGE('',*,*,#6040,.T.);
#6894 = ORIENTED_EDGE('',*,*,#6895,.T.);
#6895 = EDGE_CURVE('',#6033,#6896,#6898,.T.);
#6896 = VERTEX_POINT('',#6897);
#6897 = CARTESIAN_POINT('',(-0.948480775301,-0.7,0.667364817767));
#6898 = CIRCLE('',#6899,0.1);
#6899 = AXIS2_PLACEMENT_3D('',#6900,#6901,#6902);
#6900 = CARTESIAN_POINT('',(-0.85,-0.7,0.65));
#6901 = DIRECTION('',(-1.144237745222E-17,-1.,0.));
#6902 = DIRECTION('',(0.,0.,1.));
#6903 = ORIENTED_EDGE('',*,*,#6904,.F.);
#6904 = EDGE_CURVE('',#6805,#6896,#6905,.T.);
#6905 = LINE('',#6906,#6907);
#6906 = CARTESIAN_POINT('',(-0.948480775301,-1.2,0.667364817767));
#6907 = VECTOR('',#6908,1.);
#6908 = DIRECTION('',(1.144237745222E-17,1.,0.));
#6909 = ORIENTED_EDGE('',*,*,#6804,.F.);
#6910 = CYLINDRICAL_SURFACE('',#6911,0.1);
#6911 = AXIS2_PLACEMENT_3D('',#6912,#6913,#6914);
#6912 = CARTESIAN_POINT('',(-0.85,-1.2,0.65));
#6913 = DIRECTION('',(-1.144237745222E-17,-1.,0.));
#6914 = DIRECTION('',(0.,0.,1.));
#6915 = ADVANCED_FACE('',(#6916),#6994,.T.);
#6916 = FACE_BOUND('',#6917,.T.);
#6917 = EDGE_LOOP('',(#6918,#6919,#6920,#6921,#6929,#6938,#6946,#6954,
    #6962,#6971,#6979,#6988));
#6918 = ORIENTED_EDGE('',*,*,#6054,.F.);
#6919 = ORIENTED_EDGE('',*,*,#6032,.T.);
#6920 = ORIENTED_EDGE('',*,*,#6895,.T.);
#6921 = ORIENTED_EDGE('',*,*,#6922,.T.);
#6922 = EDGE_CURVE('',#6896,#6923,#6925,.T.);
#6923 = VERTEX_POINT('',#6924);
#6924 = CARTESIAN_POINT('',(-1.02432885403,-0.7,0.206587955583));
#6925 = LINE('',#6926,#6927);
#6926 = CARTESIAN_POINT('',(-0.948480775301,-0.7,0.667364817767));
#6927 = VECTOR('',#6928,1.);
#6928 = DIRECTION('',(-0.162423314012,1.858508865964E-18,-0.986721169868
    ));
#6929 = ORIENTED_EDGE('',*,*,#6930,.T.);
#6930 = EDGE_CURVE('',#6923,#6931,#6933,.T.);
#6931 = VERTEX_POINT('',#6932);
#6932 = CARTESIAN_POINT('',(-1.270530792283,-0.7,0.));
#6933 = CIRCLE('',#6934,0.25);
#6934 = AXIS2_PLACEMENT_3D('',#6935,#6936,#6937);
#6935 = CARTESIAN_POINT('',(-1.270530792283,-0.7,0.25));
#6936 = DIRECTION('',(1.144237745222E-17,1.,1.155557966632E-33));
#6937 = DIRECTION('',(0.984807753012,-1.126854202784E-17,-0.173648177667
    ));
#6938 = ORIENTED_EDGE('',*,*,#6939,.T.);
#6939 = EDGE_CURVE('',#6931,#6940,#6942,.T.);
#6940 = VERTEX_POINT('',#6941);
#6941 = CARTESIAN_POINT('',(-1.4,-0.7,0.));
#6942 = LINE('',#6943,#6944);
#6943 = CARTESIAN_POINT('',(-1.270530792283,-0.7,0.));
#6944 = VECTOR('',#6945,1.);
#6945 = DIRECTION('',(-1.,1.144237745222E-17,0.));
#6946 = ORIENTED_EDGE('',*,*,#6947,.T.);
#6947 = EDGE_CURVE('',#6940,#6948,#6950,.T.);
#6948 = VERTEX_POINT('',#6949);
#6949 = CARTESIAN_POINT('',(-1.4,-0.7,0.15));
#6950 = LINE('',#6951,#6952);
#6951 = CARTESIAN_POINT('',(-1.4,-0.7,0.));
#6952 = VECTOR('',#6953,1.);
#6953 = DIRECTION('',(0.,0.,1.));
#6954 = ORIENTED_EDGE('',*,*,#6955,.T.);
#6955 = EDGE_CURVE('',#6948,#6956,#6958,.T.);
#6956 = VERTEX_POINT('',#6957);
#6957 = CARTESIAN_POINT('',(-1.270530792283,-0.7,0.15));
#6958 = LINE('',#6959,#6960);
#6959 = CARTESIAN_POINT('',(-1.4,-0.7,0.15));
#6960 = VECTOR('',#6961,1.);
#6961 = DIRECTION('',(1.,-1.144237745222E-17,0.));
#6962 = ORIENTED_EDGE('',*,*,#6963,.T.);
#6963 = EDGE_CURVE('',#6956,#6964,#6966,.T.);
#6964 = VERTEX_POINT('',#6965);
#6965 = CARTESIAN_POINT('',(-1.172050016982,-0.7,0.232635182233));
#6966 = CIRCLE('',#6967,0.1);
#6967 = AXIS2_PLACEMENT_3D('',#6968,#6969,#6970);
#6968 = CARTESIAN_POINT('',(-1.270530792283,-0.7,0.25));
#6969 = DIRECTION('',(-1.144237745222E-17,-1.,0.));
#6970 = DIRECTION('',(-2.22044604925E-15,2.540718180781E-32,-1.));
#6971 = ORIENTED_EDGE('',*,*,#6972,.T.);
#6972 = EDGE_CURVE('',#6964,#6973,#6975,.T.);
#6973 = VERTEX_POINT('',#6974);
#6974 = CARTESIAN_POINT('',(-1.096201938253,-0.7,0.693412044417));
#6975 = LINE('',#6976,#6977);
#6976 = CARTESIAN_POINT('',(-1.172050016982,-0.7,0.232635182233));
#6977 = VECTOR('',#6978,1.);
#6978 = DIRECTION('',(0.162423314012,-1.858508865964E-18,0.986721169868)
  );
#6979 = ORIENTED_EDGE('',*,*,#6980,.T.);
#6980 = EDGE_CURVE('',#6973,#6981,#6983,.T.);
#6981 = VERTEX_POINT('',#6982);
#6982 = CARTESIAN_POINT('',(-0.85,-0.7,0.9));
#6983 = CIRCLE('',#6984,0.25);
#6984 = AXIS2_PLACEMENT_3D('',#6985,#6986,#6987);
#6985 = CARTESIAN_POINT('',(-0.85,-0.7,0.65));
#6986 = DIRECTION('',(1.144237745222E-17,1.,7.703719777549E-34));
#6987 = DIRECTION('',(-0.984807753012,1.126854202784E-17,0.173648177667)
  );
#6988 = ORIENTED_EDGE('',*,*,#6989,.T.);
#6989 = EDGE_CURVE('',#6981,#6055,#6990,.T.);
#6990 = LINE('',#6991,#6992);
#6991 = CARTESIAN_POINT('',(-0.85,-0.7,0.9));
#6992 = VECTOR('',#6993,1.);
#6993 = DIRECTION('',(1.,-1.144237745222E-17,0.));
#6994 = PLANE('',#6995);
#6995 = AXIS2_PLACEMENT_3D('',#6996,#6997,#6998);
#6996 = CARTESIAN_POINT('',(-1.069123385139,-0.7,0.441695635315));
#6997 = DIRECTION('',(1.144237745222E-17,1.,0.));
#6998 = DIRECTION('',(0.,-0.,1.));
#6999 = ADVANCED_FACE('',(#7000),#7016,.F.);
#7000 = FACE_BOUND('',#7001,.F.);
#7001 = EDGE_LOOP('',(#7002,#7003,#7009,#7010));
#7002 = ORIENTED_EDGE('',*,*,#6071,.T.);
#7003 = ORIENTED_EDGE('',*,*,#7004,.T.);
#7004 = EDGE_CURVE('',#6064,#6524,#7005,.T.);
#7005 = LINE('',#7006,#7007);
#7006 = CARTESIAN_POINT('',(-0.85,-0.25,0.9));
#7007 = VECTOR('',#7008,1.);
#7008 = DIRECTION('',(1.,-1.144237745222E-17,0.));
#7009 = ORIENTED_EDGE('',*,*,#6523,.F.);
#7010 = ORIENTED_EDGE('',*,*,#7011,.F.);
#7011 = EDGE_CURVE('',#6055,#6516,#7012,.T.);
#7012 = LINE('',#7013,#7014);
#7013 = CARTESIAN_POINT('',(-0.85,-0.7,0.9));
#7014 = VECTOR('',#7015,1.);
#7015 = DIRECTION('',(1.,-1.144237745222E-17,0.));
#7016 = PLANE('',#7017);
#7017 = AXIS2_PLACEMENT_3D('',#7018,#7019,#7020);
#7018 = CARTESIAN_POINT('',(-2.091417030376E-16,1.4375,0.9));
#7019 = DIRECTION('',(4.595758349624E-18,6.551522493592E-27,-1.));
#7020 = DIRECTION('',(1.,1.51922136901E-16,4.595758349624E-18));
#7021 = ADVANCED_FACE('',(#7022),#7108,.F.);
#7022 = FACE_BOUND('',#7023,.F.);
#7023 = EDGE_LOOP('',(#7024,#7025,#7026,#7035,#7043,#7052,#7060,#7068,
    #7076,#7085,#7093,#7102));
#7024 = ORIENTED_EDGE('',*,*,#6063,.F.);
#7025 = ORIENTED_EDGE('',*,*,#6085,.T.);
#7026 = ORIENTED_EDGE('',*,*,#7027,.T.);
#7027 = EDGE_CURVE('',#6086,#7028,#7030,.T.);
#7028 = VERTEX_POINT('',#7029);
#7029 = CARTESIAN_POINT('',(-0.948480775301,-0.25,0.667364817767));
#7030 = CIRCLE('',#7031,0.1);
#7031 = AXIS2_PLACEMENT_3D('',#7032,#7033,#7034);
#7032 = CARTESIAN_POINT('',(-0.85,-0.25,0.65));
#7033 = DIRECTION('',(-1.144237745222E-17,-1.,0.));
#7034 = DIRECTION('',(0.,0.,1.));
#7035 = ORIENTED_EDGE('',*,*,#7036,.T.);
#7036 = EDGE_CURVE('',#7028,#7037,#7039,.T.);
#7037 = VERTEX_POINT('',#7038);
#7038 = CARTESIAN_POINT('',(-1.02432885403,-0.25,0.206587955583));
#7039 = LINE('',#7040,#7041);
#7040 = CARTESIAN_POINT('',(-0.948480775301,-0.25,0.667364817767));
#7041 = VECTOR('',#7042,1.);
#7042 = DIRECTION('',(-0.162423314012,1.858508865964E-18,-0.986721169868
    ));
#7043 = ORIENTED_EDGE('',*,*,#7044,.T.);
#7044 = EDGE_CURVE('',#7037,#7045,#7047,.T.);
#7045 = VERTEX_POINT('',#7046);
#7046 = CARTESIAN_POINT('',(-1.270530792283,-0.25,0.));
#7047 = CIRCLE('',#7048,0.25);
#7048 = AXIS2_PLACEMENT_3D('',#7049,#7050,#7051);
#7049 = CARTESIAN_POINT('',(-1.270530792283,-0.25,0.25));
#7050 = DIRECTION('',(1.144237745222E-17,1.,1.155557966632E-33));
#7051 = DIRECTION('',(0.984807753012,-1.126854202784E-17,-0.173648177667
    ));
#7052 = ORIENTED_EDGE('',*,*,#7053,.T.);
#7053 = EDGE_CURVE('',#7045,#7054,#7056,.T.);
#7054 = VERTEX_POINT('',#7055);
#7055 = CARTESIAN_POINT('',(-1.4,-0.25,0.));
#7056 = LINE('',#7057,#7058);
#7057 = CARTESIAN_POINT('',(-1.270530792283,-0.25,0.));
#7058 = VECTOR('',#7059,1.);
#7059 = DIRECTION('',(-1.,1.144237745222E-17,0.));
#7060 = ORIENTED_EDGE('',*,*,#7061,.T.);
#7061 = EDGE_CURVE('',#7054,#7062,#7064,.T.);
#7062 = VERTEX_POINT('',#7063);
#7063 = CARTESIAN_POINT('',(-1.4,-0.25,0.15));
#7064 = LINE('',#7065,#7066);
#7065 = CARTESIAN_POINT('',(-1.4,-0.25,0.));
#7066 = VECTOR('',#7067,1.);
#7067 = DIRECTION('',(0.,0.,1.));
#7068 = ORIENTED_EDGE('',*,*,#7069,.T.);
#7069 = EDGE_CURVE('',#7062,#7070,#7072,.T.);
#7070 = VERTEX_POINT('',#7071);
#7071 = CARTESIAN_POINT('',(-1.270530792283,-0.25,0.15));
#7072 = LINE('',#7073,#7074);
#7073 = CARTESIAN_POINT('',(-1.4,-0.25,0.15));
#7074 = VECTOR('',#7075,1.);
#7075 = DIRECTION('',(1.,-1.144237745222E-17,0.));
#7076 = ORIENTED_EDGE('',*,*,#7077,.T.);
#7077 = EDGE_CURVE('',#7070,#7078,#7080,.T.);
#7078 = VERTEX_POINT('',#7079);
#7079 = CARTESIAN_POINT('',(-1.172050016982,-0.25,0.232635182233));
#7080 = CIRCLE('',#7081,0.1);
#7081 = AXIS2_PLACEMENT_3D('',#7082,#7083,#7084);
#7082 = CARTESIAN_POINT('',(-1.270530792283,-0.25,0.25));
#7083 = DIRECTION('',(-1.144237745222E-17,-1.,0.));
#7084 = DIRECTION('',(-2.22044604925E-15,2.540718180781E-32,-1.));
#7085 = ORIENTED_EDGE('',*,*,#7086,.T.);
#7086 = EDGE_CURVE('',#7078,#7087,#7089,.T.);
#7087 = VERTEX_POINT('',#7088);
#7088 = CARTESIAN_POINT('',(-1.096201938253,-0.25,0.693412044417));
#7089 = LINE('',#7090,#7091);
#7090 = CARTESIAN_POINT('',(-1.172050016982,-0.25,0.232635182233));
#7091 = VECTOR('',#7092,1.);
#7092 = DIRECTION('',(0.162423314012,-1.858508865964E-18,0.986721169868)
  );
#7093 = ORIENTED_EDGE('',*,*,#7094,.T.);
#7094 = EDGE_CURVE('',#7087,#7095,#7097,.T.);
#7095 = VERTEX_POINT('',#7096);
#7096 = CARTESIAN_POINT('',(-0.85,-0.25,0.9));
#7097 = CIRCLE('',#7098,0.25);
#7098 = AXIS2_PLACEMENT_3D('',#7099,#7100,#7101);
#7099 = CARTESIAN_POINT('',(-0.85,-0.25,0.65));
#7100 = DIRECTION('',(1.144237745222E-17,1.,7.703719777549E-34));
#7101 = DIRECTION('',(-0.984807753012,1.126854202784E-17,0.173648177667)
  );
#7102 = ORIENTED_EDGE('',*,*,#7103,.T.);
#7103 = EDGE_CURVE('',#7095,#6064,#7104,.T.);
#7104 = LINE('',#7105,#7106);
#7105 = CARTESIAN_POINT('',(-0.85,-0.25,0.9));
#7106 = VECTOR('',#7107,1.);
#7107 = DIRECTION('',(1.,-1.144237745222E-17,0.));
#7108 = PLANE('',#7109);
#7109 = AXIS2_PLACEMENT_3D('',#7110,#7111,#7112);
#7110 = CARTESIAN_POINT('',(-1.069123385139,-0.25,0.441695635315));
#7111 = DIRECTION('',(1.144237745222E-17,1.,0.));
#7112 = DIRECTION('',(0.,-0.,1.));
#7113 = ADVANCED_FACE('',(#7114),#7133,.F.);
#7114 = FACE_BOUND('',#7115,.F.);
#7115 = EDGE_LOOP('',(#7116,#7117,#7126,#7132));
#7116 = ORIENTED_EDGE('',*,*,#6102,.T.);
#7117 = ORIENTED_EDGE('',*,*,#7118,.T.);
#7118 = EDGE_CURVE('',#6095,#7119,#7121,.T.);
#7119 = VERTEX_POINT('',#7120);
#7120 = CARTESIAN_POINT('',(-0.948480775301,0.25,0.667364817767));
#7121 = CIRCLE('',#7122,0.1);
#7122 = AXIS2_PLACEMENT_3D('',#7123,#7124,#7125);
#7123 = CARTESIAN_POINT('',(-0.85,0.25,0.65));
#7124 = DIRECTION('',(-1.144237745222E-17,-1.,0.));
#7125 = DIRECTION('',(0.,0.,1.));
#7126 = ORIENTED_EDGE('',*,*,#7127,.F.);
#7127 = EDGE_CURVE('',#7028,#7119,#7128,.T.);
#7128 = LINE('',#7129,#7130);
#7129 = CARTESIAN_POINT('',(-0.948480775301,-0.25,0.667364817767));
#7130 = VECTOR('',#7131,1.);
#7131 = DIRECTION('',(1.144237745222E-17,1.,0.));
#7132 = ORIENTED_EDGE('',*,*,#7027,.F.);
#7133 = CYLINDRICAL_SURFACE('',#7134,0.1);
#7134 = AXIS2_PLACEMENT_3D('',#7135,#7136,#7137);
#7135 = CARTESIAN_POINT('',(-0.85,-0.25,0.65));
#7136 = DIRECTION('',(-1.144237745222E-17,-1.,0.));
#7137 = DIRECTION('',(0.,0.,1.));
#7138 = ADVANCED_FACE('',(#7139),#7217,.T.);
#7139 = FACE_BOUND('',#7140,.T.);
#7140 = EDGE_LOOP('',(#7141,#7142,#7143,#7144,#7152,#7161,#7169,#7177,
    #7185,#7194,#7202,#7211));
#7141 = ORIENTED_EDGE('',*,*,#6116,.F.);
#7142 = ORIENTED_EDGE('',*,*,#6094,.T.);
#7143 = ORIENTED_EDGE('',*,*,#7118,.T.);
#7144 = ORIENTED_EDGE('',*,*,#7145,.T.);
#7145 = EDGE_CURVE('',#7119,#7146,#7148,.T.);
#7146 = VERTEX_POINT('',#7147);
#7147 = CARTESIAN_POINT('',(-1.02432885403,0.25,0.206587955583));
#7148 = LINE('',#7149,#7150);
#7149 = CARTESIAN_POINT('',(-0.948480775301,0.25,0.667364817767));
#7150 = VECTOR('',#7151,1.);
#7151 = DIRECTION('',(-0.162423314012,1.858508865964E-18,-0.986721169868
    ));
#7152 = ORIENTED_EDGE('',*,*,#7153,.T.);
#7153 = EDGE_CURVE('',#7146,#7154,#7156,.T.);
#7154 = VERTEX_POINT('',#7155);
#7155 = CARTESIAN_POINT('',(-1.270530792283,0.25,0.));
#7156 = CIRCLE('',#7157,0.25);
#7157 = AXIS2_PLACEMENT_3D('',#7158,#7159,#7160);
#7158 = CARTESIAN_POINT('',(-1.270530792283,0.25,0.25));
#7159 = DIRECTION('',(1.144237745222E-17,1.,1.155557966632E-33));
#7160 = DIRECTION('',(0.984807753012,-1.126854202784E-17,-0.173648177667
    ));
#7161 = ORIENTED_EDGE('',*,*,#7162,.T.);
#7162 = EDGE_CURVE('',#7154,#7163,#7165,.T.);
#7163 = VERTEX_POINT('',#7164);
#7164 = CARTESIAN_POINT('',(-1.4,0.25,0.));
#7165 = LINE('',#7166,#7167);
#7166 = CARTESIAN_POINT('',(-1.270530792283,0.25,0.));
#7167 = VECTOR('',#7168,1.);
#7168 = DIRECTION('',(-1.,1.144237745222E-17,0.));
#7169 = ORIENTED_EDGE('',*,*,#7170,.T.);
#7170 = EDGE_CURVE('',#7163,#7171,#7173,.T.);
#7171 = VERTEX_POINT('',#7172);
#7172 = CARTESIAN_POINT('',(-1.4,0.25,0.15));
#7173 = LINE('',#7174,#7175);
#7174 = CARTESIAN_POINT('',(-1.4,0.25,0.));
#7175 = VECTOR('',#7176,1.);
#7176 = DIRECTION('',(0.,0.,1.));
#7177 = ORIENTED_EDGE('',*,*,#7178,.T.);
#7178 = EDGE_CURVE('',#7171,#7179,#7181,.T.);
#7179 = VERTEX_POINT('',#7180);
#7180 = CARTESIAN_POINT('',(-1.270530792283,0.25,0.15));
#7181 = LINE('',#7182,#7183);
#7182 = CARTESIAN_POINT('',(-1.4,0.25,0.15));
#7183 = VECTOR('',#7184,1.);
#7184 = DIRECTION('',(1.,-1.144237745222E-17,0.));
#7185 = ORIENTED_EDGE('',*,*,#7186,.T.);
#7186 = EDGE_CURVE('',#7179,#7187,#7189,.T.);
#7187 = VERTEX_POINT('',#7188);
#7188 = CARTESIAN_POINT('',(-1.172050016982,0.25,0.232635182233));
#7189 = CIRCLE('',#7190,0.1);
#7190 = AXIS2_PLACEMENT_3D('',#7191,#7192,#7193);
#7191 = CARTESIAN_POINT('',(-1.270530792283,0.25,0.25));
#7192 = DIRECTION('',(-1.144237745222E-17,-1.,0.));
#7193 = DIRECTION('',(-2.22044604925E-15,2.540718180781E-32,-1.));
#7194 = ORIENTED_EDGE('',*,*,#7195,.T.);
#7195 = EDGE_CURVE('',#7187,#7196,#7198,.T.);
#7196 = VERTEX_POINT('',#7197);
#7197 = CARTESIAN_POINT('',(-1.096201938253,0.25,0.693412044417));
#7198 = LINE('',#7199,#7200);
#7199 = CARTESIAN_POINT('',(-1.172050016982,0.25,0.232635182233));
#7200 = VECTOR('',#7201,1.);
#7201 = DIRECTION('',(0.162423314012,-1.858508865964E-18,0.986721169868)
  );
#7202 = ORIENTED_EDGE('',*,*,#7203,.T.);
#7203 = EDGE_CURVE('',#7196,#7204,#7206,.T.);
#7204 = VERTEX_POINT('',#7205);
#7205 = CARTESIAN_POINT('',(-0.85,0.25,0.9));
#7206 = CIRCLE('',#7207,0.25);
#7207 = AXIS2_PLACEMENT_3D('',#7208,#7209,#7210);
#7208 = CARTESIAN_POINT('',(-0.85,0.25,0.65));
#7209 = DIRECTION('',(1.144237745222E-17,1.,7.703719777549E-34));
#7210 = DIRECTION('',(-0.984807753012,1.126854202784E-17,0.173648177667)
  );
#7211 = ORIENTED_EDGE('',*,*,#7212,.T.);
#7212 = EDGE_CURVE('',#7204,#6117,#7213,.T.);
#7213 = LINE('',#7214,#7215);
#7214 = CARTESIAN_POINT('',(-0.85,0.25,0.9));
#7215 = VECTOR('',#7216,1.);
#7216 = DIRECTION('',(1.,-1.144237745222E-17,0.));
#7217 = PLANE('',#7218);
#7218 = AXIS2_PLACEMENT_3D('',#7219,#7220,#7221);
#7219 = CARTESIAN_POINT('',(-1.069123385139,0.25,0.441695635315));
#7220 = DIRECTION('',(1.144237745222E-17,1.,0.));
#7221 = DIRECTION('',(0.,-0.,1.));
#7222 = ADVANCED_FACE('',(#7223),#7234,.F.);
#7223 = FACE_BOUND('',#7224,.F.);
#7224 = EDGE_LOOP('',(#7225,#7226,#7227,#7228));
#7225 = ORIENTED_EDGE('',*,*,#6133,.T.);
#7226 = ORIENTED_EDGE('',*,*,#6491,.T.);
#7227 = ORIENTED_EDGE('',*,*,#6539,.F.);
#7228 = ORIENTED_EDGE('',*,*,#7229,.F.);
#7229 = EDGE_CURVE('',#6117,#6532,#7230,.T.);
#7230 = LINE('',#7231,#7232);
#7231 = CARTESIAN_POINT('',(-0.85,0.25,0.9));
#7232 = VECTOR('',#7233,1.);
#7233 = DIRECTION('',(1.,-1.144237745222E-17,0.));
#7234 = PLANE('',#7235);
#7235 = AXIS2_PLACEMENT_3D('',#7236,#7237,#7238);
#7236 = CARTESIAN_POINT('',(-2.091417030376E-16,1.4375,0.9));
#7237 = DIRECTION('',(4.595758349624E-18,6.551522493592E-27,-1.));
#7238 = DIRECTION('',(1.,1.51922136901E-16,4.595758349624E-18));
#7239 = ADVANCED_FACE('',(#7240),#7319,.F.);
#7240 = FACE_BOUND('',#7241,.F.);
#7241 = EDGE_LOOP('',(#7242,#7243,#7244,#7253,#7261,#7270,#7278,#7286,
    #7294,#7303,#7311,#7318));
#7242 = ORIENTED_EDGE('',*,*,#6125,.F.);
#7243 = ORIENTED_EDGE('',*,*,#6147,.T.);
#7244 = ORIENTED_EDGE('',*,*,#7245,.T.);
#7245 = EDGE_CURVE('',#6148,#7246,#7248,.T.);
#7246 = VERTEX_POINT('',#7247);
#7247 = CARTESIAN_POINT('',(-0.948480775301,0.7,0.667364817767));
#7248 = CIRCLE('',#7249,0.1);
#7249 = AXIS2_PLACEMENT_3D('',#7250,#7251,#7252);
#7250 = CARTESIAN_POINT('',(-0.85,0.7,0.65));
#7251 = DIRECTION('',(-1.144237745222E-17,-1.,0.));
#7252 = DIRECTION('',(0.,0.,1.));
#7253 = ORIENTED_EDGE('',*,*,#7254,.T.);
#7254 = EDGE_CURVE('',#7246,#7255,#7257,.T.);
#7255 = VERTEX_POINT('',#7256);
#7256 = CARTESIAN_POINT('',(-1.02432885403,0.7,0.206587955583));
#7257 = LINE('',#7258,#7259);
#7258 = CARTESIAN_POINT('',(-0.948480775301,0.7,0.667364817767));
#7259 = VECTOR('',#7260,1.);
#7260 = DIRECTION('',(-0.162423314012,1.858508865964E-18,-0.986721169868
    ));
#7261 = ORIENTED_EDGE('',*,*,#7262,.T.);
#7262 = EDGE_CURVE('',#7255,#7263,#7265,.T.);
#7263 = VERTEX_POINT('',#7264);
#7264 = CARTESIAN_POINT('',(-1.270530792283,0.7,0.));
#7265 = CIRCLE('',#7266,0.25);
#7266 = AXIS2_PLACEMENT_3D('',#7267,#7268,#7269);
#7267 = CARTESIAN_POINT('',(-1.270530792283,0.7,0.25));
#7268 = DIRECTION('',(1.144237745222E-17,1.,1.155557966632E-33));
#7269 = DIRECTION('',(0.984807753012,-1.126854202784E-17,-0.173648177667
    ));
#7270 = ORIENTED_EDGE('',*,*,#7271,.T.);
#7271 = EDGE_CURVE('',#7263,#7272,#7274,.T.);
#7272 = VERTEX_POINT('',#7273);
#7273 = CARTESIAN_POINT('',(-1.4,0.7,0.));
#7274 = LINE('',#7275,#7276);
#7275 = CARTESIAN_POINT('',(-1.270530792283,0.7,0.));
#7276 = VECTOR('',#7277,1.);
#7277 = DIRECTION('',(-1.,1.144237745222E-17,0.));
#7278 = ORIENTED_EDGE('',*,*,#7279,.T.);
#7279 = EDGE_CURVE('',#7272,#7280,#7282,.T.);
#7280 = VERTEX_POINT('',#7281);
#7281 = CARTESIAN_POINT('',(-1.4,0.7,0.15));
#7282 = LINE('',#7283,#7284);
#7283 = CARTESIAN_POINT('',(-1.4,0.7,0.));
#7284 = VECTOR('',#7285,1.);
#7285 = DIRECTION('',(0.,0.,1.));
#7286 = ORIENTED_EDGE('',*,*,#7287,.T.);
#7287 = EDGE_CURVE('',#7280,#7288,#7290,.T.);
#7288 = VERTEX_POINT('',#7289);
#7289 = CARTESIAN_POINT('',(-1.270530792283,0.7,0.15));
#7290 = LINE('',#7291,#7292);
#7291 = CARTESIAN_POINT('',(-1.4,0.7,0.15));
#7292 = VECTOR('',#7293,1.);
#7293 = DIRECTION('',(1.,-1.144237745222E-17,0.));
#7294 = ORIENTED_EDGE('',*,*,#7295,.T.);
#7295 = EDGE_CURVE('',#7288,#7296,#7298,.T.);
#7296 = VERTEX_POINT('',#7297);
#7297 = CARTESIAN_POINT('',(-1.172050016982,0.7,0.232635182233));
#7298 = CIRCLE('',#7299,0.1);
#7299 = AXIS2_PLACEMENT_3D('',#7300,#7301,#7302);
#7300 = CARTESIAN_POINT('',(-1.270530792283,0.7,0.25));
#7301 = DIRECTION('',(-1.144237745222E-17,-1.,0.));
#7302 = DIRECTION('',(-2.22044604925E-15,2.540718180781E-32,-1.));
#7303 = ORIENTED_EDGE('',*,*,#7304,.T.);
#7304 = EDGE_CURVE('',#7296,#7305,#7307,.T.);
#7305 = VERTEX_POINT('',#7306);
#7306 = CARTESIAN_POINT('',(-1.096201938253,0.7,0.693412044417));
#7307 = LINE('',#7308,#7309);
#7308 = CARTESIAN_POINT('',(-1.172050016982,0.7,0.232635182233));
#7309 = VECTOR('',#7310,1.);
#7310 = DIRECTION('',(0.162423314012,-1.858508865964E-18,0.986721169868)
  );
#7311 = ORIENTED_EDGE('',*,*,#7312,.T.);
#7312 = EDGE_CURVE('',#7305,#6461,#7313,.T.);
#7313 = CIRCLE('',#7314,0.25);
#7314 = AXIS2_PLACEMENT_3D('',#7315,#7316,#7317);
#7315 = CARTESIAN_POINT('',(-0.85,0.7,0.65));
#7316 = DIRECTION('',(1.144237745222E-17,1.,7.703719777549E-34));
#7317 = DIRECTION('',(-0.984807753012,1.126854202784E-17,0.173648177667)
  );
#7318 = ORIENTED_EDGE('',*,*,#6460,.T.);
#7319 = PLANE('',#7320);
#7320 = AXIS2_PLACEMENT_3D('',#7321,#7322,#7323);
#7321 = CARTESIAN_POINT('',(-1.069123385139,0.7,0.441695635315));
#7322 = DIRECTION('',(1.144237745222E-17,1.,0.));
#7323 = DIRECTION('',(0.,-0.,1.));
#7324 = ADVANCED_FACE('',(#7325),#7344,.F.);
#7325 = FACE_BOUND('',#7326,.F.);
#7326 = EDGE_LOOP('',(#7327,#7328,#7337,#7343));
#7327 = ORIENTED_EDGE('',*,*,#6164,.T.);
#7328 = ORIENTED_EDGE('',*,*,#7329,.T.);
#7329 = EDGE_CURVE('',#6157,#7330,#7332,.T.);
#7330 = VERTEX_POINT('',#7331);
#7331 = CARTESIAN_POINT('',(-0.948480775301,1.2,0.667364817767));
#7332 = CIRCLE('',#7333,0.1);
#7333 = AXIS2_PLACEMENT_3D('',#7334,#7335,#7336);
#7334 = CARTESIAN_POINT('',(-0.85,1.2,0.65));
#7335 = DIRECTION('',(-1.144237745222E-17,-1.,0.));
#7336 = DIRECTION('',(0.,0.,1.));
#7337 = ORIENTED_EDGE('',*,*,#7338,.F.);
#7338 = EDGE_CURVE('',#7246,#7330,#7339,.T.);
#7339 = LINE('',#7340,#7341);
#7340 = CARTESIAN_POINT('',(-0.948480775301,0.7,0.667364817767));
#7341 = VECTOR('',#7342,1.);
#7342 = DIRECTION('',(1.144237745222E-17,1.,0.));
#7343 = ORIENTED_EDGE('',*,*,#7245,.F.);
#7344 = CYLINDRICAL_SURFACE('',#7345,0.1);
#7345 = AXIS2_PLACEMENT_3D('',#7346,#7347,#7348);
#7346 = CARTESIAN_POINT('',(-0.85,0.7,0.65));
#7347 = DIRECTION('',(-1.144237745222E-17,-1.,0.));
#7348 = DIRECTION('',(0.,0.,1.));
#7349 = ADVANCED_FACE('',(#7350),#7421,.T.);
#7350 = FACE_BOUND('',#7351,.T.);
#7351 = EDGE_LOOP('',(#7352,#7353,#7354,#7355,#7363,#7372,#7380,#7388,
    #7396,#7405,#7413,#7420));
#7352 = ORIENTED_EDGE('',*,*,#6178,.F.);
#7353 = ORIENTED_EDGE('',*,*,#6156,.T.);
#7354 = ORIENTED_EDGE('',*,*,#7329,.T.);
#7355 = ORIENTED_EDGE('',*,*,#7356,.T.);
#7356 = EDGE_CURVE('',#7330,#7357,#7359,.T.);
#7357 = VERTEX_POINT('',#7358);
#7358 = CARTESIAN_POINT('',(-1.02432885403,1.2,0.206587955583));
#7359 = LINE('',#7360,#7361);
#7360 = CARTESIAN_POINT('',(-0.948480775301,1.2,0.667364817767));
#7361 = VECTOR('',#7362,1.);
#7362 = DIRECTION('',(-0.162423314012,1.858508865964E-18,-0.986721169868
    ));
#7363 = ORIENTED_EDGE('',*,*,#7364,.T.);
#7364 = EDGE_CURVE('',#7357,#7365,#7367,.T.);
#7365 = VERTEX_POINT('',#7366);
#7366 = CARTESIAN_POINT('',(-1.270530792283,1.2,0.));
#7367 = CIRCLE('',#7368,0.25);
#7368 = AXIS2_PLACEMENT_3D('',#7369,#7370,#7371);
#7369 = CARTESIAN_POINT('',(-1.270530792283,1.2,0.25));
#7370 = DIRECTION('',(1.144237745222E-17,1.,1.155557966632E-33));
#7371 = DIRECTION('',(0.984807753012,-1.126854202784E-17,-0.173648177667
    ));
#7372 = ORIENTED_EDGE('',*,*,#7373,.T.);
#7373 = EDGE_CURVE('',#7365,#7374,#7376,.T.);
#7374 = VERTEX_POINT('',#7375);
#7375 = CARTESIAN_POINT('',(-1.4,1.2,0.));
#7376 = LINE('',#7377,#7378);
#7377 = CARTESIAN_POINT('',(-1.270530792283,1.2,0.));
#7378 = VECTOR('',#7379,1.);
#7379 = DIRECTION('',(-1.,1.144237745222E-17,0.));
#7380 = ORIENTED_EDGE('',*,*,#7381,.T.);
#7381 = EDGE_CURVE('',#7374,#7382,#7384,.T.);
#7382 = VERTEX_POINT('',#7383);
#7383 = CARTESIAN_POINT('',(-1.4,1.2,0.15));
#7384 = LINE('',#7385,#7386);
#7385 = CARTESIAN_POINT('',(-1.4,1.2,0.));
#7386 = VECTOR('',#7387,1.);
#7387 = DIRECTION('',(0.,0.,1.));
#7388 = ORIENTED_EDGE('',*,*,#7389,.T.);
#7389 = EDGE_CURVE('',#7382,#7390,#7392,.T.);
#7390 = VERTEX_POINT('',#7391);
#7391 = CARTESIAN_POINT('',(-1.270530792283,1.2,0.15));
#7392 = LINE('',#7393,#7394);
#7393 = CARTESIAN_POINT('',(-1.4,1.2,0.15));
#7394 = VECTOR('',#7395,1.);
#7395 = DIRECTION('',(1.,-1.144237745222E-17,0.));
#7396 = ORIENTED_EDGE('',*,*,#7397,.T.);
#7397 = EDGE_CURVE('',#7390,#7398,#7400,.T.);
#7398 = VERTEX_POINT('',#7399);
#7399 = CARTESIAN_POINT('',(-1.172050016982,1.2,0.232635182233));
#7400 = CIRCLE('',#7401,0.1);
#7401 = AXIS2_PLACEMENT_3D('',#7402,#7403,#7404);
#7402 = CARTESIAN_POINT('',(-1.270530792283,1.2,0.25));
#7403 = DIRECTION('',(-1.144237745222E-17,-1.,0.));
#7404 = DIRECTION('',(-2.22044604925E-15,2.540718180781E-32,-1.));
#7405 = ORIENTED_EDGE('',*,*,#7406,.T.);
#7406 = EDGE_CURVE('',#7398,#7407,#7409,.T.);
#7407 = VERTEX_POINT('',#7408);
#7408 = CARTESIAN_POINT('',(-1.096201938253,1.2,0.693412044417));
#7409 = LINE('',#7410,#7411);
#7410 = CARTESIAN_POINT('',(-1.172050016982,1.2,0.232635182233));
#7411 = VECTOR('',#7412,1.);
#7412 = DIRECTION('',(0.162423314012,-1.858508865964E-18,0.986721169868)
  );
#7413 = ORIENTED_EDGE('',*,*,#7414,.T.);
#7414 = EDGE_CURVE('',#7407,#6469,#7415,.T.);
#7415 = CIRCLE('',#7416,0.25);
#7416 = AXIS2_PLACEMENT_3D('',#7417,#7418,#7419);
#7417 = CARTESIAN_POINT('',(-0.85,1.2,0.65));
#7418 = DIRECTION('',(1.144237745222E-17,1.,7.703719777549E-34));
#7419 = DIRECTION('',(-0.984807753012,1.126854202784E-17,0.173648177667)
  );
#7420 = ORIENTED_EDGE('',*,*,#6476,.T.);
#7421 = PLANE('',#7422);
#7422 = AXIS2_PLACEMENT_3D('',#7423,#7424,#7425);
#7423 = CARTESIAN_POINT('',(-1.069123385139,1.2,0.441695635315));
#7424 = DIRECTION('',(1.144237745222E-17,1.,0.));
#7425 = DIRECTION('',(0.,-0.,1.));
#7426 = ADVANCED_FACE('',(#7427),#7506,.F.);
#7427 = FACE_BOUND('',#7428,.F.);
#7428 = EDGE_LOOP('',(#7429,#7430,#7431,#7440,#7448,#7457,#7465,#7473,
    #7481,#7490,#7498,#7505));
#7429 = ORIENTED_EDGE('',*,*,#6197,.F.);
#7430 = ORIENTED_EDGE('',*,*,#6212,.T.);
#7431 = ORIENTED_EDGE('',*,*,#7432,.T.);
#7432 = EDGE_CURVE('',#6213,#7433,#7435,.T.);
#7433 = VERTEX_POINT('',#7434);
#7434 = CARTESIAN_POINT('',(0.948480775301,1.2,0.667364817767));
#7435 = CIRCLE('',#7436,0.1);
#7436 = AXIS2_PLACEMENT_3D('',#7437,#7438,#7439);
#7437 = CARTESIAN_POINT('',(0.85,1.2,0.65));
#7438 = DIRECTION('',(-1.110223024625E-16,1.,0.));
#7439 = DIRECTION('',(0.,0.,1.));
#7440 = ORIENTED_EDGE('',*,*,#7441,.T.);
#7441 = EDGE_CURVE('',#7433,#7442,#7444,.T.);
#7442 = VERTEX_POINT('',#7443);
#7443 = CARTESIAN_POINT('',(1.02432885403,1.2,0.206587955583));
#7444 = LINE('',#7445,#7446);
#7445 = CARTESIAN_POINT('',(0.948480775301,1.2,0.667364817767));
#7446 = VECTOR('',#7447,1.);
#7447 = DIRECTION('',(0.162423314012,1.803261029519E-17,-0.986721169868)
  );
#7448 = ORIENTED_EDGE('',*,*,#7449,.T.);
#7449 = EDGE_CURVE('',#7442,#7450,#7452,.T.);
#7450 = VERTEX_POINT('',#7451);
#7451 = CARTESIAN_POINT('',(1.270530792283,1.2,0.));
#7452 = CIRCLE('',#7453,0.25);
#7453 = AXIS2_PLACEMENT_3D('',#7454,#7455,#7456);
#7454 = CARTESIAN_POINT('',(1.270530792283,1.2,0.25));
#7455 = DIRECTION('',(1.110223024625E-16,-1.,0.));
#7456 = DIRECTION('',(-0.984807753012,-1.093356242223E-16,
    -0.173648177667));
#7457 = ORIENTED_EDGE('',*,*,#7458,.T.);
#7458 = EDGE_CURVE('',#7450,#7459,#7461,.T.);
#7459 = VERTEX_POINT('',#7460);
#7460 = CARTESIAN_POINT('',(1.4,1.2,0.));
#7461 = LINE('',#7462,#7463);
#7462 = CARTESIAN_POINT('',(1.270530792283,1.2,0.));
#7463 = VECTOR('',#7464,1.);
#7464 = DIRECTION('',(1.,1.110223024625E-16,0.));
#7465 = ORIENTED_EDGE('',*,*,#7466,.T.);
#7466 = EDGE_CURVE('',#7459,#7467,#7469,.T.);
#7467 = VERTEX_POINT('',#7468);
#7468 = CARTESIAN_POINT('',(1.4,1.2,0.15));
#7469 = LINE('',#7470,#7471);
#7470 = CARTESIAN_POINT('',(1.4,1.2,0.));
#7471 = VECTOR('',#7472,1.);
#7472 = DIRECTION('',(0.,0.,1.));
#7473 = ORIENTED_EDGE('',*,*,#7474,.T.);
#7474 = EDGE_CURVE('',#7467,#7475,#7477,.T.);
#7475 = VERTEX_POINT('',#7476);
#7476 = CARTESIAN_POINT('',(1.270530792283,1.2,0.15));
#7477 = LINE('',#7478,#7479);
#7478 = CARTESIAN_POINT('',(1.4,1.2,0.15));
#7479 = VECTOR('',#7480,1.);
#7480 = DIRECTION('',(-1.,-1.110223024625E-16,0.));
#7481 = ORIENTED_EDGE('',*,*,#7482,.T.);
#7482 = EDGE_CURVE('',#7475,#7483,#7485,.T.);
#7483 = VERTEX_POINT('',#7484);
#7484 = CARTESIAN_POINT('',(1.172050016982,1.2,0.232635182233));
#7485 = CIRCLE('',#7486,0.1);
#7486 = AXIS2_PLACEMENT_3D('',#7487,#7488,#7489);
#7487 = CARTESIAN_POINT('',(1.270530792283,1.2,0.25));
#7488 = DIRECTION('',(-1.110223024625E-16,1.,0.));
#7489 = DIRECTION('',(2.22044604925E-15,2.465190328815E-31,-1.));
#7490 = ORIENTED_EDGE('',*,*,#7491,.T.);
#7491 = EDGE_CURVE('',#7483,#7492,#7494,.T.);
#7492 = VERTEX_POINT('',#7493);
#7493 = CARTESIAN_POINT('',(1.096201938253,1.2,0.693412044417));
#7494 = LINE('',#7495,#7496);
#7495 = CARTESIAN_POINT('',(1.172050016982,1.2,0.232635182233));
#7496 = VECTOR('',#7497,1.);
#7497 = DIRECTION('',(-0.162423314012,-1.803261029519E-17,0.986721169868
    ));
#7498 = ORIENTED_EDGE('',*,*,#7499,.T.);
#7499 = EDGE_CURVE('',#7492,#6716,#7500,.T.);
#7500 = CIRCLE('',#7501,0.25);
#7501 = AXIS2_PLACEMENT_3D('',#7502,#7503,#7504);
#7502 = CARTESIAN_POINT('',(0.85,1.2,0.65));
#7503 = DIRECTION('',(1.110223024625E-16,-1.,0.));
#7504 = DIRECTION('',(0.984807753012,1.093356242223E-16,0.173648177667)
  );
#7505 = ORIENTED_EDGE('',*,*,#6715,.T.);
#7506 = PLANE('',#7507);
#7507 = AXIS2_PLACEMENT_3D('',#7508,#7509,#7510);
#7508 = CARTESIAN_POINT('',(1.069123385139,1.2,0.441695635315));
#7509 = DIRECTION('',(1.110223024625E-16,-1.,0.));
#7510 = DIRECTION('',(0.,0.,1.));
#7511 = ADVANCED_FACE('',(#7512),#7531,.F.);
#7512 = FACE_BOUND('',#7513,.F.);
#7513 = EDGE_LOOP('',(#7514,#7515,#7524,#7530));
#7514 = ORIENTED_EDGE('',*,*,#6229,.T.);
#7515 = ORIENTED_EDGE('',*,*,#7516,.T.);
#7516 = EDGE_CURVE('',#6222,#7517,#7519,.T.);
#7517 = VERTEX_POINT('',#7518);
#7518 = CARTESIAN_POINT('',(0.948480775301,0.7,0.667364817767));
#7519 = CIRCLE('',#7520,0.1);
#7520 = AXIS2_PLACEMENT_3D('',#7521,#7522,#7523);
#7521 = CARTESIAN_POINT('',(0.85,0.7,0.65));
#7522 = DIRECTION('',(-1.110223024625E-16,1.,0.));
#7523 = DIRECTION('',(0.,0.,1.));
#7524 = ORIENTED_EDGE('',*,*,#7525,.F.);
#7525 = EDGE_CURVE('',#7433,#7517,#7526,.T.);
#7526 = LINE('',#7527,#7528);
#7527 = CARTESIAN_POINT('',(0.948480775301,1.2,0.667364817767));
#7528 = VECTOR('',#7529,1.);
#7529 = DIRECTION('',(1.110223024625E-16,-1.,0.));
#7530 = ORIENTED_EDGE('',*,*,#7432,.F.);
#7531 = CYLINDRICAL_SURFACE('',#7532,0.1);
#7532 = AXIS2_PLACEMENT_3D('',#7533,#7534,#7535);
#7533 = CARTESIAN_POINT('',(0.85,1.2,0.65));
#7534 = DIRECTION('',(-1.110223024625E-16,1.,0.));
#7535 = DIRECTION('',(0.,0.,1.));
#7536 = ADVANCED_FACE('',(#7537),#7608,.T.);
#7537 = FACE_BOUND('',#7538,.T.);
#7538 = EDGE_LOOP('',(#7539,#7540,#7541,#7542,#7550,#7559,#7567,#7575,
    #7583,#7592,#7600,#7607));
#7539 = ORIENTED_EDGE('',*,*,#6243,.F.);
#7540 = ORIENTED_EDGE('',*,*,#6221,.T.);
#7541 = ORIENTED_EDGE('',*,*,#7516,.T.);
#7542 = ORIENTED_EDGE('',*,*,#7543,.T.);
#7543 = EDGE_CURVE('',#7517,#7544,#7546,.T.);
#7544 = VERTEX_POINT('',#7545);
#7545 = CARTESIAN_POINT('',(1.02432885403,0.7,0.206587955583));
#7546 = LINE('',#7547,#7548);
#7547 = CARTESIAN_POINT('',(0.948480775301,0.7,0.667364817767));
#7548 = VECTOR('',#7549,1.);
#7549 = DIRECTION('',(0.162423314012,1.803261029519E-17,-0.986721169868)
  );
#7550 = ORIENTED_EDGE('',*,*,#7551,.T.);
#7551 = EDGE_CURVE('',#7544,#7552,#7554,.T.);
#7552 = VERTEX_POINT('',#7553);
#7553 = CARTESIAN_POINT('',(1.270530792283,0.7,0.));
#7554 = CIRCLE('',#7555,0.25);
#7555 = AXIS2_PLACEMENT_3D('',#7556,#7557,#7558);
#7556 = CARTESIAN_POINT('',(1.270530792283,0.7,0.25));
#7557 = DIRECTION('',(1.110223024625E-16,-1.,0.));
#7558 = DIRECTION('',(-0.984807753012,-1.093356242223E-16,
    -0.173648177667));
#7559 = ORIENTED_EDGE('',*,*,#7560,.T.);
#7560 = EDGE_CURVE('',#7552,#7561,#7563,.T.);
#7561 = VERTEX_POINT('',#7562);
#7562 = CARTESIAN_POINT('',(1.4,0.7,0.));
#7563 = LINE('',#7564,#7565);
#7564 = CARTESIAN_POINT('',(1.270530792283,0.7,0.));
#7565 = VECTOR('',#7566,1.);
#7566 = DIRECTION('',(1.,1.110223024625E-16,0.));
#7567 = ORIENTED_EDGE('',*,*,#7568,.T.);
#7568 = EDGE_CURVE('',#7561,#7569,#7571,.T.);
#7569 = VERTEX_POINT('',#7570);
#7570 = CARTESIAN_POINT('',(1.4,0.7,0.15));
#7571 = LINE('',#7572,#7573);
#7572 = CARTESIAN_POINT('',(1.4,0.7,0.));
#7573 = VECTOR('',#7574,1.);
#7574 = DIRECTION('',(0.,0.,1.));
#7575 = ORIENTED_EDGE('',*,*,#7576,.T.);
#7576 = EDGE_CURVE('',#7569,#7577,#7579,.T.);
#7577 = VERTEX_POINT('',#7578);
#7578 = CARTESIAN_POINT('',(1.270530792283,0.7,0.15));
#7579 = LINE('',#7580,#7581);
#7580 = CARTESIAN_POINT('',(1.4,0.7,0.15));
#7581 = VECTOR('',#7582,1.);
#7582 = DIRECTION('',(-1.,-1.110223024625E-16,0.));
#7583 = ORIENTED_EDGE('',*,*,#7584,.T.);
#7584 = EDGE_CURVE('',#7577,#7585,#7587,.T.);
#7585 = VERTEX_POINT('',#7586);
#7586 = CARTESIAN_POINT('',(1.172050016982,0.7,0.232635182233));
#7587 = CIRCLE('',#7588,0.1);
#7588 = AXIS2_PLACEMENT_3D('',#7589,#7590,#7591);
#7589 = CARTESIAN_POINT('',(1.270530792283,0.7,0.25));
#7590 = DIRECTION('',(-1.110223024625E-16,1.,0.));
#7591 = DIRECTION('',(2.22044604925E-15,2.465190328815E-31,-1.));
#7592 = ORIENTED_EDGE('',*,*,#7593,.T.);
#7593 = EDGE_CURVE('',#7585,#7594,#7596,.T.);
#7594 = VERTEX_POINT('',#7595);
#7595 = CARTESIAN_POINT('',(1.096201938253,0.7,0.693412044417));
#7596 = LINE('',#7597,#7598);
#7597 = CARTESIAN_POINT('',(1.172050016982,0.7,0.232635182233));
#7598 = VECTOR('',#7599,1.);
#7599 = DIRECTION('',(-0.162423314012,-1.803261029519E-17,0.986721169868
    ));
#7600 = ORIENTED_EDGE('',*,*,#7601,.T.);
#7601 = EDGE_CURVE('',#7594,#6724,#7602,.T.);
#7602 = CIRCLE('',#7603,0.25);
#7603 = AXIS2_PLACEMENT_3D('',#7604,#7605,#7606);
#7604 = CARTESIAN_POINT('',(0.85,0.7,0.65));
#7605 = DIRECTION('',(1.110223024625E-16,-1.,0.));
#7606 = DIRECTION('',(0.984807753012,1.093356242223E-16,0.173648177667)
  );
#7607 = ORIENTED_EDGE('',*,*,#6731,.T.);
#7608 = PLANE('',#7609);
#7609 = AXIS2_PLACEMENT_3D('',#7610,#7611,#7612);
#7610 = CARTESIAN_POINT('',(1.069123385139,0.7,0.441695635315));
#7611 = DIRECTION('',(1.110223024625E-16,-1.,0.));
#7612 = DIRECTION('',(0.,0.,1.));
#7613 = ADVANCED_FACE('',(#7614),#7625,.F.);
#7614 = FACE_BOUND('',#7615,.F.);
#7615 = EDGE_LOOP('',(#7616,#7617,#7618,#7624));
#7616 = ORIENTED_EDGE('',*,*,#6737,.F.);
#7617 = ORIENTED_EDGE('',*,*,#6260,.T.);
#7618 = ORIENTED_EDGE('',*,*,#7619,.T.);
#7619 = EDGE_CURVE('',#6253,#6654,#7620,.T.);
#7620 = LINE('',#7621,#7622);
#7621 = CARTESIAN_POINT('',(0.85,0.25,0.9));
#7622 = VECTOR('',#7623,1.);
#7623 = DIRECTION('',(-1.,-1.110223024625E-16,0.));
#7624 = ORIENTED_EDGE('',*,*,#6653,.F.);
#7625 = PLANE('',#7626);
#7626 = AXIS2_PLACEMENT_3D('',#7627,#7628,#7629);
#7627 = CARTESIAN_POINT('',(-2.091417030376E-16,1.4375,0.9));
#7628 = DIRECTION('',(4.595758349624E-18,6.551522493592E-27,-1.));
#7629 = DIRECTION('',(1.,1.51922136901E-16,4.595758349624E-18));
#7630 = ADVANCED_FACE('',(#7631),#7717,.F.);
#7631 = FACE_BOUND('',#7632,.F.);
#7632 = EDGE_LOOP('',(#7633,#7634,#7635,#7644,#7652,#7661,#7669,#7677,
    #7685,#7694,#7702,#7711));
#7633 = ORIENTED_EDGE('',*,*,#6252,.F.);
#7634 = ORIENTED_EDGE('',*,*,#6274,.T.);
#7635 = ORIENTED_EDGE('',*,*,#7636,.T.);
#7636 = EDGE_CURVE('',#6275,#7637,#7639,.T.);
#7637 = VERTEX_POINT('',#7638);
#7638 = CARTESIAN_POINT('',(0.948480775301,0.25,0.667364817767));
#7639 = CIRCLE('',#7640,0.1);
#7640 = AXIS2_PLACEMENT_3D('',#7641,#7642,#7643);
#7641 = CARTESIAN_POINT('',(0.85,0.25,0.65));
#7642 = DIRECTION('',(-1.110223024625E-16,1.,0.));
#7643 = DIRECTION('',(0.,0.,1.));
#7644 = ORIENTED_EDGE('',*,*,#7645,.T.);
#7645 = EDGE_CURVE('',#7637,#7646,#7648,.T.);
#7646 = VERTEX_POINT('',#7647);
#7647 = CARTESIAN_POINT('',(1.02432885403,0.25,0.206587955583));
#7648 = LINE('',#7649,#7650);
#7649 = CARTESIAN_POINT('',(0.948480775301,0.25,0.667364817767));
#7650 = VECTOR('',#7651,1.);
#7651 = DIRECTION('',(0.162423314012,1.803261029519E-17,-0.986721169868)
  );
#7652 = ORIENTED_EDGE('',*,*,#7653,.T.);
#7653 = EDGE_CURVE('',#7646,#7654,#7656,.T.);
#7654 = VERTEX_POINT('',#7655);
#7655 = CARTESIAN_POINT('',(1.270530792283,0.25,0.));
#7656 = CIRCLE('',#7657,0.25);
#7657 = AXIS2_PLACEMENT_3D('',#7658,#7659,#7660);
#7658 = CARTESIAN_POINT('',(1.270530792283,0.25,0.25));
#7659 = DIRECTION('',(1.110223024625E-16,-1.,0.));
#7660 = DIRECTION('',(-0.984807753012,-1.093356242223E-16,
    -0.173648177667));
#7661 = ORIENTED_EDGE('',*,*,#7662,.T.);
#7662 = EDGE_CURVE('',#7654,#7663,#7665,.T.);
#7663 = VERTEX_POINT('',#7664);
#7664 = CARTESIAN_POINT('',(1.4,0.25,0.));
#7665 = LINE('',#7666,#7667);
#7666 = CARTESIAN_POINT('',(1.270530792283,0.25,0.));
#7667 = VECTOR('',#7668,1.);
#7668 = DIRECTION('',(1.,1.110223024625E-16,0.));
#7669 = ORIENTED_EDGE('',*,*,#7670,.T.);
#7670 = EDGE_CURVE('',#7663,#7671,#7673,.T.);
#7671 = VERTEX_POINT('',#7672);
#7672 = CARTESIAN_POINT('',(1.4,0.25,0.15));
#7673 = LINE('',#7674,#7675);
#7674 = CARTESIAN_POINT('',(1.4,0.25,0.));
#7675 = VECTOR('',#7676,1.);
#7676 = DIRECTION('',(0.,0.,1.));
#7677 = ORIENTED_EDGE('',*,*,#7678,.T.);
#7678 = EDGE_CURVE('',#7671,#7679,#7681,.T.);
#7679 = VERTEX_POINT('',#7680);
#7680 = CARTESIAN_POINT('',(1.270530792283,0.25,0.15));
#7681 = LINE('',#7682,#7683);
#7682 = CARTESIAN_POINT('',(1.4,0.25,0.15));
#7683 = VECTOR('',#7684,1.);
#7684 = DIRECTION('',(-1.,-1.110223024625E-16,0.));
#7685 = ORIENTED_EDGE('',*,*,#7686,.T.);
#7686 = EDGE_CURVE('',#7679,#7687,#7689,.T.);
#7687 = VERTEX_POINT('',#7688);
#7688 = CARTESIAN_POINT('',(1.172050016982,0.25,0.232635182233));
#7689 = CIRCLE('',#7690,0.1);
#7690 = AXIS2_PLACEMENT_3D('',#7691,#7692,#7693);
#7691 = CARTESIAN_POINT('',(1.270530792283,0.25,0.25));
#7692 = DIRECTION('',(-1.110223024625E-16,1.,0.));
#7693 = DIRECTION('',(2.22044604925E-15,2.465190328815E-31,-1.));
#7694 = ORIENTED_EDGE('',*,*,#7695,.T.);
#7695 = EDGE_CURVE('',#7687,#7696,#7698,.T.);
#7696 = VERTEX_POINT('',#7697);
#7697 = CARTESIAN_POINT('',(1.096201938253,0.25,0.693412044417));
#7698 = LINE('',#7699,#7700);
#7699 = CARTESIAN_POINT('',(1.172050016982,0.25,0.232635182233));
#7700 = VECTOR('',#7701,1.);
#7701 = DIRECTION('',(-0.162423314012,-1.803261029519E-17,0.986721169868
    ));
#7702 = ORIENTED_EDGE('',*,*,#7703,.T.);
#7703 = EDGE_CURVE('',#7696,#7704,#7706,.T.);
#7704 = VERTEX_POINT('',#7705);
#7705 = CARTESIAN_POINT('',(0.85,0.25,0.9));
#7706 = CIRCLE('',#7707,0.25);
#7707 = AXIS2_PLACEMENT_3D('',#7708,#7709,#7710);
#7708 = CARTESIAN_POINT('',(0.85,0.25,0.65));
#7709 = DIRECTION('',(1.110223024625E-16,-1.,0.));
#7710 = DIRECTION('',(0.984807753012,1.093356242223E-16,0.173648177667)
  );
#7711 = ORIENTED_EDGE('',*,*,#7712,.T.);
#7712 = EDGE_CURVE('',#7704,#6253,#7713,.T.);
#7713 = LINE('',#7714,#7715);
#7714 = CARTESIAN_POINT('',(0.85,0.25,0.9));
#7715 = VECTOR('',#7716,1.);
#7716 = DIRECTION('',(-1.,-1.110223024625E-16,0.));
#7717 = PLANE('',#7718);
#7718 = AXIS2_PLACEMENT_3D('',#7719,#7720,#7721);
#7719 = CARTESIAN_POINT('',(1.069123385139,0.25,0.441695635315));
#7720 = DIRECTION('',(1.110223024625E-16,-1.,0.));
#7721 = DIRECTION('',(0.,0.,1.));
#7722 = ADVANCED_FACE('',(#7723),#7742,.F.);
#7723 = FACE_BOUND('',#7724,.F.);
#7724 = EDGE_LOOP('',(#7725,#7726,#7735,#7741));
#7725 = ORIENTED_EDGE('',*,*,#6291,.T.);
#7726 = ORIENTED_EDGE('',*,*,#7727,.T.);
#7727 = EDGE_CURVE('',#6284,#7728,#7730,.T.);
#7728 = VERTEX_POINT('',#7729);
#7729 = CARTESIAN_POINT('',(0.948480775301,-0.25,0.667364817767));
#7730 = CIRCLE('',#7731,0.1);
#7731 = AXIS2_PLACEMENT_3D('',#7732,#7733,#7734);
#7732 = CARTESIAN_POINT('',(0.85,-0.25,0.65));
#7733 = DIRECTION('',(-1.110223024625E-16,1.,0.));
#7734 = DIRECTION('',(0.,0.,1.));
#7735 = ORIENTED_EDGE('',*,*,#7736,.F.);
#7736 = EDGE_CURVE('',#7637,#7728,#7737,.T.);
#7737 = LINE('',#7738,#7739);
#7738 = CARTESIAN_POINT('',(0.948480775301,0.25,0.667364817767));
#7739 = VECTOR('',#7740,1.);
#7740 = DIRECTION('',(1.110223024625E-16,-1.,0.));
#7741 = ORIENTED_EDGE('',*,*,#7636,.F.);
#7742 = CYLINDRICAL_SURFACE('',#7743,0.1);
#7743 = AXIS2_PLACEMENT_3D('',#7744,#7745,#7746);
#7744 = CARTESIAN_POINT('',(0.85,0.25,0.65));
#7745 = DIRECTION('',(-1.110223024625E-16,1.,0.));
#7746 = DIRECTION('',(0.,0.,1.));
#7747 = ADVANCED_FACE('',(#7748),#7826,.T.);
#7748 = FACE_BOUND('',#7749,.T.);
#7749 = EDGE_LOOP('',(#7750,#7751,#7752,#7753,#7761,#7770,#7778,#7786,
    #7794,#7803,#7811,#7820));
#7750 = ORIENTED_EDGE('',*,*,#6305,.F.);
#7751 = ORIENTED_EDGE('',*,*,#6283,.T.);
#7752 = ORIENTED_EDGE('',*,*,#7727,.T.);
#7753 = ORIENTED_EDGE('',*,*,#7754,.T.);
#7754 = EDGE_CURVE('',#7728,#7755,#7757,.T.);
#7755 = VERTEX_POINT('',#7756);
#7756 = CARTESIAN_POINT('',(1.02432885403,-0.25,0.206587955583));
#7757 = LINE('',#7758,#7759);
#7758 = CARTESIAN_POINT('',(0.948480775301,-0.25,0.667364817767));
#7759 = VECTOR('',#7760,1.);
#7760 = DIRECTION('',(0.162423314012,1.803261029519E-17,-0.986721169868)
  );
#7761 = ORIENTED_EDGE('',*,*,#7762,.T.);
#7762 = EDGE_CURVE('',#7755,#7763,#7765,.T.);
#7763 = VERTEX_POINT('',#7764);
#7764 = CARTESIAN_POINT('',(1.270530792283,-0.25,0.));
#7765 = CIRCLE('',#7766,0.25);
#7766 = AXIS2_PLACEMENT_3D('',#7767,#7768,#7769);
#7767 = CARTESIAN_POINT('',(1.270530792283,-0.25,0.25));
#7768 = DIRECTION('',(1.110223024625E-16,-1.,0.));
#7769 = DIRECTION('',(-0.984807753012,-1.093356242223E-16,
    -0.173648177667));
#7770 = ORIENTED_EDGE('',*,*,#7771,.T.);
#7771 = EDGE_CURVE('',#7763,#7772,#7774,.T.);
#7772 = VERTEX_POINT('',#7773);
#7773 = CARTESIAN_POINT('',(1.4,-0.25,0.));
#7774 = LINE('',#7775,#7776);
#7775 = CARTESIAN_POINT('',(1.270530792283,-0.25,0.));
#7776 = VECTOR('',#7777,1.);
#7777 = DIRECTION('',(1.,1.110223024625E-16,0.));
#7778 = ORIENTED_EDGE('',*,*,#7779,.T.);
#7779 = EDGE_CURVE('',#7772,#7780,#7782,.T.);
#7780 = VERTEX_POINT('',#7781);
#7781 = CARTESIAN_POINT('',(1.4,-0.25,0.15));
#7782 = LINE('',#7783,#7784);
#7783 = CARTESIAN_POINT('',(1.4,-0.25,0.));
#7784 = VECTOR('',#7785,1.);
#7785 = DIRECTION('',(0.,0.,1.));
#7786 = ORIENTED_EDGE('',*,*,#7787,.T.);
#7787 = EDGE_CURVE('',#7780,#7788,#7790,.T.);
#7788 = VERTEX_POINT('',#7789);
#7789 = CARTESIAN_POINT('',(1.270530792283,-0.25,0.15));
#7790 = LINE('',#7791,#7792);
#7791 = CARTESIAN_POINT('',(1.4,-0.25,0.15));
#7792 = VECTOR('',#7793,1.);
#7793 = DIRECTION('',(-1.,-1.110223024625E-16,0.));
#7794 = ORIENTED_EDGE('',*,*,#7795,.T.);
#7795 = EDGE_CURVE('',#7788,#7796,#7798,.T.);
#7796 = VERTEX_POINT('',#7797);
#7797 = CARTESIAN_POINT('',(1.172050016982,-0.25,0.232635182233));
#7798 = CIRCLE('',#7799,0.1);
#7799 = AXIS2_PLACEMENT_3D('',#7800,#7801,#7802);
#7800 = CARTESIAN_POINT('',(1.270530792283,-0.25,0.25));
#7801 = DIRECTION('',(-1.110223024625E-16,1.,0.));
#7802 = DIRECTION('',(2.22044604925E-15,2.465190328815E-31,-1.));
#7803 = ORIENTED_EDGE('',*,*,#7804,.T.);
#7804 = EDGE_CURVE('',#7796,#7805,#7807,.T.);
#7805 = VERTEX_POINT('',#7806);
#7806 = CARTESIAN_POINT('',(1.096201938253,-0.25,0.693412044417));
#7807 = LINE('',#7808,#7809);
#7808 = CARTESIAN_POINT('',(1.172050016982,-0.25,0.232635182233));
#7809 = VECTOR('',#7810,1.);
#7810 = DIRECTION('',(-0.162423314012,-1.803261029519E-17,0.986721169868
    ));
#7811 = ORIENTED_EDGE('',*,*,#7812,.T.);
#7812 = EDGE_CURVE('',#7805,#7813,#7815,.T.);
#7813 = VERTEX_POINT('',#7814);
#7814 = CARTESIAN_POINT('',(0.85,-0.25,0.9));
#7815 = CIRCLE('',#7816,0.25);
#7816 = AXIS2_PLACEMENT_3D('',#7817,#7818,#7819);
#7817 = CARTESIAN_POINT('',(0.85,-0.25,0.65));
#7818 = DIRECTION('',(1.110223024625E-16,-1.,0.));
#7819 = DIRECTION('',(0.984807753012,1.093356242223E-16,0.173648177667)
  );
#7820 = ORIENTED_EDGE('',*,*,#7821,.T.);
#7821 = EDGE_CURVE('',#7813,#6306,#7822,.T.);
#7822 = LINE('',#7823,#7824);
#7823 = CARTESIAN_POINT('',(0.85,-0.25,0.9));
#7824 = VECTOR('',#7825,1.);
#7825 = DIRECTION('',(-1.,-1.110223024625E-16,0.));
#7826 = PLANE('',#7827);
#7827 = AXIS2_PLACEMENT_3D('',#7828,#7829,#7830);
#7828 = CARTESIAN_POINT('',(1.069123385139,-0.25,0.441695635315));
#7829 = DIRECTION('',(1.110223024625E-16,-1.,0.));
#7830 = DIRECTION('',(0.,0.,1.));
#7831 = ADVANCED_FACE('',(#7832),#7848,.F.);
#7832 = FACE_BOUND('',#7833,.F.);
#7833 = EDGE_LOOP('',(#7834,#7840,#7841,#7847));
#7834 = ORIENTED_EDGE('',*,*,#7835,.F.);
#7835 = EDGE_CURVE('',#6306,#6662,#7836,.T.);
#7836 = LINE('',#7837,#7838);
#7837 = CARTESIAN_POINT('',(0.85,-0.25,0.9));
#7838 = VECTOR('',#7839,1.);
#7839 = DIRECTION('',(-1.,-1.110223024625E-16,0.));
#7840 = ORIENTED_EDGE('',*,*,#6322,.T.);
#7841 = ORIENTED_EDGE('',*,*,#7842,.T.);
#7842 = EDGE_CURVE('',#6315,#6670,#7843,.T.);
#7843 = LINE('',#7844,#7845);
#7844 = CARTESIAN_POINT('',(0.85,-0.7,0.9));
#7845 = VECTOR('',#7846,1.);
#7846 = DIRECTION('',(-1.,-1.110223024625E-16,0.));
#7847 = ORIENTED_EDGE('',*,*,#6669,.F.);
#7848 = PLANE('',#7849);
#7849 = AXIS2_PLACEMENT_3D('',#7850,#7851,#7852);
#7850 = CARTESIAN_POINT('',(-2.091417030376E-16,1.4375,0.9));
#7851 = DIRECTION('',(4.595758349624E-18,6.551522493592E-27,-1.));
#7852 = DIRECTION('',(1.,1.51922136901E-16,4.595758349624E-18));
#7853 = ADVANCED_FACE('',(#7854),#7940,.F.);
#7854 = FACE_BOUND('',#7855,.F.);
#7855 = EDGE_LOOP('',(#7856,#7857,#7858,#7867,#7875,#7884,#7892,#7900,
    #7908,#7917,#7925,#7934));
#7856 = ORIENTED_EDGE('',*,*,#6314,.F.);
#7857 = ORIENTED_EDGE('',*,*,#6336,.T.);
#7858 = ORIENTED_EDGE('',*,*,#7859,.T.);
#7859 = EDGE_CURVE('',#6337,#7860,#7862,.T.);
#7860 = VERTEX_POINT('',#7861);
#7861 = CARTESIAN_POINT('',(0.948480775301,-0.7,0.667364817767));
#7862 = CIRCLE('',#7863,0.1);
#7863 = AXIS2_PLACEMENT_3D('',#7864,#7865,#7866);
#7864 = CARTESIAN_POINT('',(0.85,-0.7,0.65));
#7865 = DIRECTION('',(-1.110223024625E-16,1.,0.));
#7866 = DIRECTION('',(0.,0.,1.));
#7867 = ORIENTED_EDGE('',*,*,#7868,.T.);
#7868 = EDGE_CURVE('',#7860,#7869,#7871,.T.);
#7869 = VERTEX_POINT('',#7870);
#7870 = CARTESIAN_POINT('',(1.02432885403,-0.7,0.206587955583));
#7871 = LINE('',#7872,#7873);
#7872 = CARTESIAN_POINT('',(0.948480775301,-0.7,0.667364817767));
#7873 = VECTOR('',#7874,1.);
#7874 = DIRECTION('',(0.162423314012,1.803261029519E-17,-0.986721169868)
  );
#7875 = ORIENTED_EDGE('',*,*,#7876,.T.);
#7876 = EDGE_CURVE('',#7869,#7877,#7879,.T.);
#7877 = VERTEX_POINT('',#7878);
#7878 = CARTESIAN_POINT('',(1.270530792283,-0.7,0.));
#7879 = CIRCLE('',#7880,0.25);
#7880 = AXIS2_PLACEMENT_3D('',#7881,#7882,#7883);
#7881 = CARTESIAN_POINT('',(1.270530792283,-0.7,0.25));
#7882 = DIRECTION('',(1.110223024625E-16,-1.,0.));
#7883 = DIRECTION('',(-0.984807753012,-1.093356242223E-16,
    -0.173648177667));
#7884 = ORIENTED_EDGE('',*,*,#7885,.T.);
#7885 = EDGE_CURVE('',#7877,#7886,#7888,.T.);
#7886 = VERTEX_POINT('',#7887);
#7887 = CARTESIAN_POINT('',(1.4,-0.7,0.));
#7888 = LINE('',#7889,#7890);
#7889 = CARTESIAN_POINT('',(1.270530792283,-0.7,0.));
#7890 = VECTOR('',#7891,1.);
#7891 = DIRECTION('',(1.,1.110223024625E-16,0.));
#7892 = ORIENTED_EDGE('',*,*,#7893,.T.);
#7893 = EDGE_CURVE('',#7886,#7894,#7896,.T.);
#7894 = VERTEX_POINT('',#7895);
#7895 = CARTESIAN_POINT('',(1.4,-0.7,0.15));
#7896 = LINE('',#7897,#7898);
#7897 = CARTESIAN_POINT('',(1.4,-0.7,0.));
#7898 = VECTOR('',#7899,1.);
#7899 = DIRECTION('',(0.,0.,1.));
#7900 = ORIENTED_EDGE('',*,*,#7901,.T.);
#7901 = EDGE_CURVE('',#7894,#7902,#7904,.T.);
#7902 = VERTEX_POINT('',#7903);
#7903 = CARTESIAN_POINT('',(1.270530792283,-0.7,0.15));
#7904 = LINE('',#7905,#7906);
#7905 = CARTESIAN_POINT('',(1.4,-0.7,0.15));
#7906 = VECTOR('',#7907,1.);
#7907 = DIRECTION('',(-1.,-1.110223024625E-16,0.));
#7908 = ORIENTED_EDGE('',*,*,#7909,.T.);
#7909 = EDGE_CURVE('',#7902,#7910,#7912,.T.);
#7910 = VERTEX_POINT('',#7911);
#7911 = CARTESIAN_POINT('',(1.172050016982,-0.7,0.232635182233));
#7912 = CIRCLE('',#7913,0.1);
#7913 = AXIS2_PLACEMENT_3D('',#7914,#7915,#7916);
#7914 = CARTESIAN_POINT('',(1.270530792283,-0.7,0.25));
#7915 = DIRECTION('',(-1.110223024625E-16,1.,0.));
#7916 = DIRECTION('',(2.22044604925E-15,2.465190328815E-31,-1.));
#7917 = ORIENTED_EDGE('',*,*,#7918,.T.);
#7918 = EDGE_CURVE('',#7910,#7919,#7921,.T.);
#7919 = VERTEX_POINT('',#7920);
#7920 = CARTESIAN_POINT('',(1.096201938253,-0.7,0.693412044417));
#7921 = LINE('',#7922,#7923);
#7922 = CARTESIAN_POINT('',(1.172050016982,-0.7,0.232635182233));
#7923 = VECTOR('',#7924,1.);
#7924 = DIRECTION('',(-0.162423314012,-1.803261029519E-17,0.986721169868
    ));
#7925 = ORIENTED_EDGE('',*,*,#7926,.T.);
#7926 = EDGE_CURVE('',#7919,#7927,#7929,.T.);
#7927 = VERTEX_POINT('',#7928);
#7928 = CARTESIAN_POINT('',(0.85,-0.7,0.9));
#7929 = CIRCLE('',#7930,0.25);
#7930 = AXIS2_PLACEMENT_3D('',#7931,#7932,#7933);
#7931 = CARTESIAN_POINT('',(0.85,-0.7,0.65));
#7932 = DIRECTION('',(1.110223024625E-16,-1.,0.));
#7933 = DIRECTION('',(0.984807753012,1.093356242223E-16,0.173648177667)
  );
#7934 = ORIENTED_EDGE('',*,*,#7935,.T.);
#7935 = EDGE_CURVE('',#7927,#6315,#7936,.T.);
#7936 = LINE('',#7937,#7938);
#7937 = CARTESIAN_POINT('',(0.85,-0.7,0.9));
#7938 = VECTOR('',#7939,1.);
#7939 = DIRECTION('',(-1.,-1.110223024625E-16,0.));
#7940 = PLANE('',#7941);
#7941 = AXIS2_PLACEMENT_3D('',#7942,#7943,#7944);
#7942 = CARTESIAN_POINT('',(1.069123385139,-0.7,0.441695635315));
#7943 = DIRECTION('',(1.110223024625E-16,-1.,0.));
#7944 = DIRECTION('',(0.,0.,1.));
#7945 = ADVANCED_FACE('',(#7946),#7965,.F.);
#7946 = FACE_BOUND('',#7947,.F.);
#7947 = EDGE_LOOP('',(#7948,#7949,#7958,#7964));
#7948 = ORIENTED_EDGE('',*,*,#6353,.T.);
#7949 = ORIENTED_EDGE('',*,*,#7950,.T.);
#7950 = EDGE_CURVE('',#6346,#7951,#7953,.T.);
#7951 = VERTEX_POINT('',#7952);
#7952 = CARTESIAN_POINT('',(0.948480775301,-1.2,0.667364817767));
#7953 = CIRCLE('',#7954,0.1);
#7954 = AXIS2_PLACEMENT_3D('',#7955,#7956,#7957);
#7955 = CARTESIAN_POINT('',(0.85,-1.2,0.65));
#7956 = DIRECTION('',(-1.110223024625E-16,1.,0.));
#7957 = DIRECTION('',(0.,0.,1.));
#7958 = ORIENTED_EDGE('',*,*,#7959,.F.);
#7959 = EDGE_CURVE('',#7860,#7951,#7960,.T.);
#7960 = LINE('',#7961,#7962);
#7961 = CARTESIAN_POINT('',(0.948480775301,-0.7,0.667364817767));
#7962 = VECTOR('',#7963,1.);
#7963 = DIRECTION('',(1.110223024625E-16,-1.,0.));
#7964 = ORIENTED_EDGE('',*,*,#7859,.F.);
#7965 = CYLINDRICAL_SURFACE('',#7966,0.1);
#7966 = AXIS2_PLACEMENT_3D('',#7967,#7968,#7969);
#7967 = CARTESIAN_POINT('',(0.85,-0.7,0.65));
#7968 = DIRECTION('',(-1.110223024625E-16,1.,0.));
#7969 = DIRECTION('',(0.,0.,1.));
#7970 = ADVANCED_FACE('',(#7971),#8049,.T.);
#7971 = FACE_BOUND('',#7972,.T.);
#7972 = EDGE_LOOP('',(#7973,#7974,#7975,#7976,#7984,#7993,#8001,#8009,
    #8017,#8026,#8034,#8043));
#7973 = ORIENTED_EDGE('',*,*,#6367,.F.);
#7974 = ORIENTED_EDGE('',*,*,#6345,.T.);
#7975 = ORIENTED_EDGE('',*,*,#7950,.T.);
#7976 = ORIENTED_EDGE('',*,*,#7977,.T.);
#7977 = EDGE_CURVE('',#7951,#7978,#7980,.T.);
#7978 = VERTEX_POINT('',#7979);
#7979 = CARTESIAN_POINT('',(1.02432885403,-1.2,0.206587955583));
#7980 = LINE('',#7981,#7982);
#7981 = CARTESIAN_POINT('',(0.948480775301,-1.2,0.667364817767));
#7982 = VECTOR('',#7983,1.);
#7983 = DIRECTION('',(0.162423314012,1.803261029519E-17,-0.986721169868)
  );
#7984 = ORIENTED_EDGE('',*,*,#7985,.T.);
#7985 = EDGE_CURVE('',#7978,#7986,#7988,.T.);
#7986 = VERTEX_POINT('',#7987);
#7987 = CARTESIAN_POINT('',(1.270530792283,-1.2,0.));
#7988 = CIRCLE('',#7989,0.25);
#7989 = AXIS2_PLACEMENT_3D('',#7990,#7991,#7992);
#7990 = CARTESIAN_POINT('',(1.270530792283,-1.2,0.25));
#7991 = DIRECTION('',(1.110223024625E-16,-1.,0.));
#7992 = DIRECTION('',(-0.984807753012,-1.093356242223E-16,
    -0.173648177667));
#7993 = ORIENTED_EDGE('',*,*,#7994,.T.);
#7994 = EDGE_CURVE('',#7986,#7995,#7997,.T.);
#7995 = VERTEX_POINT('',#7996);
#7996 = CARTESIAN_POINT('',(1.4,-1.2,0.));
#7997 = LINE('',#7998,#7999);
#7998 = CARTESIAN_POINT('',(1.270530792283,-1.2,0.));
#7999 = VECTOR('',#8000,1.);
#8000 = DIRECTION('',(1.,1.110223024625E-16,0.));
#8001 = ORIENTED_EDGE('',*,*,#8002,.T.);
#8002 = EDGE_CURVE('',#7995,#8003,#8005,.T.);
#8003 = VERTEX_POINT('',#8004);
#8004 = CARTESIAN_POINT('',(1.4,-1.2,0.15));
#8005 = LINE('',#8006,#8007);
#8006 = CARTESIAN_POINT('',(1.4,-1.2,0.));
#8007 = VECTOR('',#8008,1.);
#8008 = DIRECTION('',(0.,0.,1.));
#8009 = ORIENTED_EDGE('',*,*,#8010,.T.);
#8010 = EDGE_CURVE('',#8003,#8011,#8013,.T.);
#8011 = VERTEX_POINT('',#8012);
#8012 = CARTESIAN_POINT('',(1.270530792283,-1.2,0.15));
#8013 = LINE('',#8014,#8015);
#8014 = CARTESIAN_POINT('',(1.4,-1.2,0.15));
#8015 = VECTOR('',#8016,1.);
#8016 = DIRECTION('',(-1.,-1.110223024625E-16,0.));
#8017 = ORIENTED_EDGE('',*,*,#8018,.T.);
#8018 = EDGE_CURVE('',#8011,#8019,#8021,.T.);
#8019 = VERTEX_POINT('',#8020);
#8020 = CARTESIAN_POINT('',(1.172050016982,-1.2,0.232635182233));
#8021 = CIRCLE('',#8022,0.1);
#8022 = AXIS2_PLACEMENT_3D('',#8023,#8024,#8025);
#8023 = CARTESIAN_POINT('',(1.270530792283,-1.2,0.25));
#8024 = DIRECTION('',(-1.110223024625E-16,1.,0.));
#8025 = DIRECTION('',(2.22044604925E-15,2.465190328815E-31,-1.));
#8026 = ORIENTED_EDGE('',*,*,#8027,.T.);
#8027 = EDGE_CURVE('',#8019,#8028,#8030,.T.);
#8028 = VERTEX_POINT('',#8029);
#8029 = CARTESIAN_POINT('',(1.096201938253,-1.2,0.693412044417));
#8030 = LINE('',#8031,#8032);
#8031 = CARTESIAN_POINT('',(1.172050016982,-1.2,0.232635182233));
#8032 = VECTOR('',#8033,1.);
#8033 = DIRECTION('',(-0.162423314012,-1.803261029519E-17,0.986721169868
    ));
#8034 = ORIENTED_EDGE('',*,*,#8035,.T.);
#8035 = EDGE_CURVE('',#8028,#8036,#8038,.T.);
#8036 = VERTEX_POINT('',#8037);
#8037 = CARTESIAN_POINT('',(0.85,-1.2,0.9));
#8038 = CIRCLE('',#8039,0.25);
#8039 = AXIS2_PLACEMENT_3D('',#8040,#8041,#8042);
#8040 = CARTESIAN_POINT('',(0.85,-1.2,0.65));
#8041 = DIRECTION('',(1.110223024625E-16,-1.,0.));
#8042 = DIRECTION('',(0.984807753012,1.093356242223E-16,0.173648177667)
  );
#8043 = ORIENTED_EDGE('',*,*,#8044,.T.);
#8044 = EDGE_CURVE('',#8036,#6368,#8045,.T.);
#8045 = LINE('',#8046,#8047);
#8046 = CARTESIAN_POINT('',(0.85,-1.2,0.9));
#8047 = VECTOR('',#8048,1.);
#8048 = DIRECTION('',(-1.,-1.110223024625E-16,0.));
#8049 = PLANE('',#8050);
#8050 = AXIS2_PLACEMENT_3D('',#8051,#8052,#8053);
#8051 = CARTESIAN_POINT('',(1.069123385139,-1.2,0.441695635315));
#8052 = DIRECTION('',(1.110223024625E-16,-1.,0.));
#8053 = DIRECTION('',(0.,0.,1.));
#8054 = ADVANCED_FACE('',(#8055),#8066,.T.);
#8055 = FACE_BOUND('',#8056,.T.);
#8056 = EDGE_LOOP('',(#8057,#8058,#8059,#8060));
#8057 = ORIENTED_EDGE('',*,*,#7312,.T.);
#8058 = ORIENTED_EDGE('',*,*,#6468,.T.);
#8059 = ORIENTED_EDGE('',*,*,#7414,.F.);
#8060 = ORIENTED_EDGE('',*,*,#8061,.F.);
#8061 = EDGE_CURVE('',#7305,#7407,#8062,.T.);
#8062 = LINE('',#8063,#8064);
#8063 = CARTESIAN_POINT('',(-1.096201938253,0.7,0.693412044417));
#8064 = VECTOR('',#8065,1.);
#8065 = DIRECTION('',(1.144237745222E-17,1.,0.));
#8066 = CYLINDRICAL_SURFACE('',#8067,0.25);
#8067 = AXIS2_PLACEMENT_3D('',#8068,#8069,#8070);
#8068 = CARTESIAN_POINT('',(-0.85,0.7,0.65));
#8069 = DIRECTION('',(-1.144237745222E-17,-1.,0.));
#8070 = DIRECTION('',(-0.984807753012,1.126854202784E-17,0.173648177667)
  );
#8071 = ADVANCED_FACE('',(#8072),#8085,.F.);
#8072 = FACE_BOUND('',#8073,.F.);
#8073 = EDGE_LOOP('',(#8074,#8075,#8081,#8082,#8083,#8084));
#8074 = ORIENTED_EDGE('',*,*,#6880,.F.);
#8075 = ORIENTED_EDGE('',*,*,#8076,.T.);
#8076 = EDGE_CURVE('',#6872,#6981,#8077,.T.);
#8077 = LINE('',#8078,#8079);
#8078 = CARTESIAN_POINT('',(-0.85,-1.2,0.9));
#8079 = VECTOR('',#8080,1.);
#8080 = DIRECTION('',(1.144237745222E-17,1.,0.));
#8081 = ORIENTED_EDGE('',*,*,#6989,.T.);
#8082 = ORIENTED_EDGE('',*,*,#7011,.T.);
#8083 = ORIENTED_EDGE('',*,*,#6515,.F.);
#8084 = ORIENTED_EDGE('',*,*,#6754,.F.);
#8085 = PLANE('',#8086);
#8086 = AXIS2_PLACEMENT_3D('',#8087,#8088,#8089);
#8087 = CARTESIAN_POINT('',(-0.85,-1.2,0.9));
#8088 = DIRECTION('',(0.,0.,-1.));
#8089 = DIRECTION('',(1.,-1.144237745222E-17,0.));
#8090 = ADVANCED_FACE('',(#8091),#8104,.F.);
#8091 = FACE_BOUND('',#8092,.F.);
#8092 = EDGE_LOOP('',(#8093,#8094,#8100,#8101,#8102,#8103));
#8093 = ORIENTED_EDGE('',*,*,#7103,.F.);
#8094 = ORIENTED_EDGE('',*,*,#8095,.T.);
#8095 = EDGE_CURVE('',#7095,#7204,#8096,.T.);
#8096 = LINE('',#8097,#8098);
#8097 = CARTESIAN_POINT('',(-0.85,-0.25,0.9));
#8098 = VECTOR('',#8099,1.);
#8099 = DIRECTION('',(1.144237745222E-17,1.,0.));
#8100 = ORIENTED_EDGE('',*,*,#7212,.T.);
#8101 = ORIENTED_EDGE('',*,*,#7229,.T.);
#8102 = ORIENTED_EDGE('',*,*,#6531,.F.);
#8103 = ORIENTED_EDGE('',*,*,#7004,.F.);
#8104 = PLANE('',#8105);
#8105 = AXIS2_PLACEMENT_3D('',#8106,#8107,#8108);
#8106 = CARTESIAN_POINT('',(-0.85,-0.25,0.9));
#8107 = DIRECTION('',(0.,0.,-1.));
#8108 = DIRECTION('',(1.,-1.144237745222E-17,0.));
#8109 = ADVANCED_FACE('',(#8110,#8139),#8150,.T.);
#8110 = FACE_BOUND('',#8111,.T.);
#8111 = EDGE_LOOP('',(#8112,#8113,#8114,#8115,#8123,#8131,#8137,#8138));
#8112 = ORIENTED_EDGE('',*,*,#6606,.F.);
#8113 = ORIENTED_EDGE('',*,*,#6583,.F.);
#8114 = ORIENTED_EDGE('',*,*,#6554,.F.);
#8115 = ORIENTED_EDGE('',*,*,#8116,.F.);
#8116 = EDGE_CURVE('',#8117,#6555,#8119,.T.);
#8117 = VERTEX_POINT('',#8118);
#8118 = CARTESIAN_POINT('',(-0.646824228722,-1.333648457443,1.55));
#8119 = LINE('',#8120,#8121);
#8120 = CARTESIAN_POINT('',(-0.646824228722,-1.333648457443,1.55));
#8121 = VECTOR('',#8122,1.);
#8122 = DIRECTION('',(-0.707106781187,0.707106781187,0.));
#8123 = ORIENTED_EDGE('',*,*,#8124,.F.);
#8124 = EDGE_CURVE('',#8125,#8117,#8127,.T.);
#8125 = VERTEX_POINT('',#8126);
#8126 = CARTESIAN_POINT('',(0.646824228722,-1.333648457443,1.55));
#8127 = LINE('',#8128,#8129);
#8128 = CARTESIAN_POINT('',(0.646824228722,-1.333648457443,1.55));
#8129 = VECTOR('',#8130,1.);
#8130 = DIRECTION('',(-1.,-1.110223024625E-16,0.));
#8131 = ORIENTED_EDGE('',*,*,#8132,.F.);
#8132 = EDGE_CURVE('',#6694,#8125,#8133,.T.);
#8133 = LINE('',#8134,#8135);
#8134 = CARTESIAN_POINT('',(0.683648457443,-1.296824228722,1.55));
#8135 = VECTOR('',#8136,1.);
#8136 = DIRECTION('',(-0.707106781187,-0.707106781187,0.));
#8137 = ORIENTED_EDGE('',*,*,#6700,.F.);
#8138 = ORIENTED_EDGE('',*,*,#6629,.F.);
#8139 = FACE_BOUND('',#8140,.T.);
#8140 = EDGE_LOOP('',(#8141));
#8141 = ORIENTED_EDGE('',*,*,#8142,.T.);
#8142 = EDGE_CURVE('',#8143,#8143,#8145,.T.);
#8143 = VERTEX_POINT('',#8144);
#8144 = CARTESIAN_POINT('',(-0.333648457443,0.858648457443,1.55));
#8145 = CIRCLE('',#8146,0.125);
#8146 = AXIS2_PLACEMENT_3D('',#8147,#8148,#8149);
#8147 = CARTESIAN_POINT('',(-0.333648457443,0.983648457443,1.55));
#8148 = DIRECTION('',(0.,-0.,-1.));
#8149 = DIRECTION('',(1.110223024625E-16,-1.,0.));
#8150 = PLANE('',#8151);
#8151 = AXIS2_PLACEMENT_3D('',#8152,#8153,#8154);
#8152 = CARTESIAN_POINT('',(-0.646824228722,1.333648457443,1.55));
#8153 = DIRECTION('',(0.,0.,1.));
#8154 = DIRECTION('',(0.436386464522,-0.899759330922,0.));
#8155 = ADVANCED_FACE('',(#8156),#8166,.F.);
#8156 = FACE_BOUND('',#8157,.F.);
#8157 = EDGE_LOOP('',(#8158,#8159,#8160,#8161));
#8158 = ORIENTED_EDGE('',*,*,#6761,.T.);
#8159 = ORIENTED_EDGE('',*,*,#6562,.T.);
#8160 = ORIENTED_EDGE('',*,*,#8116,.F.);
#8161 = ORIENTED_EDGE('',*,*,#8162,.F.);
#8162 = EDGE_CURVE('',#6762,#8117,#8163,.T.);
#8163 = B_SPLINE_CURVE_WITH_KNOTS('',1,(#8164,#8165),.UNSPECIFIED.,.F.,
  .F.,(2,2),(0.,1.),.PIECEWISE_BEZIER_KNOTS.);
#8164 = CARTESIAN_POINT('',(-0.6925,-1.425,0.9));
#8165 = CARTESIAN_POINT('',(-0.646824228722,-1.333648457443,1.55));
#8166 = B_SPLINE_SURFACE_WITH_KNOTS('',1,1,(
    (#8167,#8168)
    ,(#8169,#8170
    )),.UNSPECIFIED.,.F.,.F.,.F.,(2,2),(2,2),(0.,0.116672618896),(0.,1.)
  ,.PIECEWISE_BEZIER_KNOTS.);
#8167 = CARTESIAN_POINT('',(-0.6925,-1.425,0.9));
#8168 = CARTESIAN_POINT('',(-0.646824228722,-1.333648457443,1.55));
#8169 = CARTESIAN_POINT('',(-0.775,-1.3425,0.9));
#8170 = CARTESIAN_POINT('',(-0.683648457443,-1.296824228722,1.55));
#8171 = ADVANCED_FACE('',(#8172),#8185,.F.);
#8172 = FACE_BOUND('',#8173,.F.);
#8173 = EDGE_LOOP('',(#8174,#8175,#8181,#8182,#8183,#8184));
#8174 = ORIENTED_EDGE('',*,*,#7712,.F.);
#8175 = ORIENTED_EDGE('',*,*,#8176,.T.);
#8176 = EDGE_CURVE('',#7704,#7813,#8177,.T.);
#8177 = LINE('',#8178,#8179);
#8178 = CARTESIAN_POINT('',(0.85,0.25,0.9));
#8179 = VECTOR('',#8180,1.);
#8180 = DIRECTION('',(1.110223024625E-16,-1.,0.));
#8181 = ORIENTED_EDGE('',*,*,#7821,.T.);
#8182 = ORIENTED_EDGE('',*,*,#7835,.T.);
#8183 = ORIENTED_EDGE('',*,*,#6661,.F.);
#8184 = ORIENTED_EDGE('',*,*,#7619,.F.);
#8185 = PLANE('',#8186);
#8186 = AXIS2_PLACEMENT_3D('',#8187,#8188,#8189);
#8187 = CARTESIAN_POINT('',(0.85,0.25,0.9));
#8188 = DIRECTION('',(0.,0.,-1.));
#8189 = DIRECTION('',(-1.,-1.110223024625E-16,-0.));
#8190 = ADVANCED_FACE('',(#8191),#8204,.F.);
#8191 = FACE_BOUND('',#8192,.F.);
#8192 = EDGE_LOOP('',(#8193,#8194,#8200,#8201,#8202,#8203));
#8193 = ORIENTED_EDGE('',*,*,#7935,.F.);
#8194 = ORIENTED_EDGE('',*,*,#8195,.T.);
#8195 = EDGE_CURVE('',#7927,#8036,#8196,.T.);
#8196 = LINE('',#8197,#8198);
#8197 = CARTESIAN_POINT('',(0.85,-0.7,0.9));
#8198 = VECTOR('',#8199,1.);
#8199 = DIRECTION('',(1.110223024625E-16,-1.,0.));
#8200 = ORIENTED_EDGE('',*,*,#8044,.T.);
#8201 = ORIENTED_EDGE('',*,*,#6784,.T.);
#8202 = ORIENTED_EDGE('',*,*,#6677,.F.);
#8203 = ORIENTED_EDGE('',*,*,#7842,.F.);
#8204 = PLANE('',#8205);
#8205 = AXIS2_PLACEMENT_3D('',#8206,#8207,#8208);
#8206 = CARTESIAN_POINT('',(0.85,-0.7,0.9));
#8207 = DIRECTION('',(0.,0.,-1.));
#8208 = DIRECTION('',(-1.,-1.110223024625E-16,-0.));
#8209 = ADVANCED_FACE('',(#8210),#8220,.F.);
#8210 = FACE_BOUND('',#8211,.F.);
#8211 = EDGE_LOOP('',(#8212,#8213,#8218,#8219));
#8212 = ORIENTED_EDGE('',*,*,#6777,.T.);
#8213 = ORIENTED_EDGE('',*,*,#8214,.T.);
#8214 = EDGE_CURVE('',#6770,#8125,#8215,.T.);
#8215 = B_SPLINE_CURVE_WITH_KNOTS('',1,(#8216,#8217),.UNSPECIFIED.,.F.,
  .F.,(2,2),(0.,1.),.PIECEWISE_BEZIER_KNOTS.);
#8216 = CARTESIAN_POINT('',(0.6925,-1.425,0.9));
#8217 = CARTESIAN_POINT('',(0.646824228722,-1.333648457443,1.55));
#8218 = ORIENTED_EDGE('',*,*,#8132,.F.);
#8219 = ORIENTED_EDGE('',*,*,#6693,.F.);
#8220 = B_SPLINE_SURFACE_WITH_KNOTS('',1,1,(
    (#8221,#8222)
    ,(#8223,#8224
    )),.UNSPECIFIED.,.F.,.F.,.F.,(2,2),(2,2),(0.,0.116672618896),(0.,1.)
  ,.PIECEWISE_BEZIER_KNOTS.);
#8221 = CARTESIAN_POINT('',(0.775,-1.3425,0.9));
#8222 = CARTESIAN_POINT('',(0.683648457443,-1.296824228722,1.55));
#8223 = CARTESIAN_POINT('',(0.6925,-1.425,0.9));
#8224 = CARTESIAN_POINT('',(0.646824228722,-1.333648457443,1.55));
#8225 = ADVANCED_FACE('',(#8226),#8237,.T.);
#8226 = FACE_BOUND('',#8227,.T.);
#8227 = EDGE_LOOP('',(#8228,#8229,#8230,#8231));
#8228 = ORIENTED_EDGE('',*,*,#7499,.T.);
#8229 = ORIENTED_EDGE('',*,*,#6723,.T.);
#8230 = ORIENTED_EDGE('',*,*,#7601,.F.);
#8231 = ORIENTED_EDGE('',*,*,#8232,.F.);
#8232 = EDGE_CURVE('',#7492,#7594,#8233,.T.);
#8233 = LINE('',#8234,#8235);
#8234 = CARTESIAN_POINT('',(1.096201938253,1.2,0.693412044417));
#8235 = VECTOR('',#8236,1.);
#8236 = DIRECTION('',(1.110223024625E-16,-1.,0.));
#8237 = CYLINDRICAL_SURFACE('',#8238,0.25);
#8238 = AXIS2_PLACEMENT_3D('',#8239,#8240,#8241);
#8239 = CARTESIAN_POINT('',(0.85,1.2,0.65));
#8240 = DIRECTION('',(-1.110223024625E-16,1.,0.));
#8241 = DIRECTION('',(0.984807753012,1.093356242223E-16,0.173648177667)
  );
#8242 = ADVANCED_FACE('',(#8243),#8249,.F.);
#8243 = FACE_BOUND('',#8244,.F.);
#8244 = EDGE_LOOP('',(#8245,#8246,#8247,#8248));
#8245 = ORIENTED_EDGE('',*,*,#6769,.T.);
#8246 = ORIENTED_EDGE('',*,*,#8162,.T.);
#8247 = ORIENTED_EDGE('',*,*,#8124,.F.);
#8248 = ORIENTED_EDGE('',*,*,#8214,.F.);
#8249 = B_SPLINE_SURFACE_WITH_KNOTS('',1,1,(
    (#8250,#8251)
    ,(#8252,#8253
    )),.UNSPECIFIED.,.F.,.F.,.F.,(2,2),(2,2),(0.,1.385),(0.,1.),
  .PIECEWISE_BEZIER_KNOTS.);
#8250 = CARTESIAN_POINT('',(0.6925,-1.425,0.9));
#8251 = CARTESIAN_POINT('',(0.646824228722,-1.333648457443,1.55));
#8252 = CARTESIAN_POINT('',(-0.6925,-1.425,0.9));
#8253 = CARTESIAN_POINT('',(-0.646824228722,-1.333648457443,1.55));
#8254 = ADVANCED_FACE('',(#8255),#8266,.T.);
#8255 = FACE_BOUND('',#8256,.T.);
#8256 = EDGE_LOOP('',(#8257,#8258,#8259,#8260));
#8257 = ORIENTED_EDGE('',*,*,#6871,.T.);
#8258 = ORIENTED_EDGE('',*,*,#8076,.T.);
#8259 = ORIENTED_EDGE('',*,*,#6980,.F.);
#8260 = ORIENTED_EDGE('',*,*,#8261,.F.);
#8261 = EDGE_CURVE('',#6864,#6973,#8262,.T.);
#8262 = LINE('',#8263,#8264);
#8263 = CARTESIAN_POINT('',(-1.096201938253,-1.2,0.693412044417));
#8264 = VECTOR('',#8265,1.);
#8265 = DIRECTION('',(1.144237745222E-17,1.,0.));
#8266 = CYLINDRICAL_SURFACE('',#8267,0.25);
#8267 = AXIS2_PLACEMENT_3D('',#8268,#8269,#8270);
#8268 = CARTESIAN_POINT('',(-0.85,-1.2,0.65));
#8269 = DIRECTION('',(-1.144237745222E-17,-1.,0.));
#8270 = DIRECTION('',(-0.984807753012,1.126854202784E-17,0.173648177667)
  );
#8271 = ADVANCED_FACE('',(#8272),#8283,.F.);
#8272 = FACE_BOUND('',#8273,.F.);
#8273 = EDGE_LOOP('',(#8274,#8280,#8281,#8282));
#8274 = ORIENTED_EDGE('',*,*,#8275,.T.);
#8275 = EDGE_CURVE('',#6855,#6964,#8276,.T.);
#8276 = LINE('',#8277,#8278);
#8277 = CARTESIAN_POINT('',(-1.172050016982,-1.2,0.232635182233));
#8278 = VECTOR('',#8279,1.);
#8279 = DIRECTION('',(1.144237745222E-17,1.,0.));
#8280 = ORIENTED_EDGE('',*,*,#6972,.T.);
#8281 = ORIENTED_EDGE('',*,*,#8261,.F.);
#8282 = ORIENTED_EDGE('',*,*,#6863,.F.);
#8283 = PLANE('',#8284);
#8284 = AXIS2_PLACEMENT_3D('',#8285,#8286,#8287);
#8285 = CARTESIAN_POINT('',(-1.172050016982,-1.2,0.232635182233));
#8286 = DIRECTION('',(0.986721169868,-1.129043606572E-17,-0.162423314012
    ));
#8287 = DIRECTION('',(0.162423314012,-1.858508865964E-18,0.986721169868)
  );
#8288 = ADVANCED_FACE('',(#8289),#8300,.F.);
#8289 = FACE_BOUND('',#8290,.F.);
#8290 = EDGE_LOOP('',(#8291,#8297,#8298,#8299));
#8291 = ORIENTED_EDGE('',*,*,#8292,.T.);
#8292 = EDGE_CURVE('',#6847,#6956,#8293,.T.);
#8293 = LINE('',#8294,#8295);
#8294 = CARTESIAN_POINT('',(-1.270530792283,-1.2,0.15));
#8295 = VECTOR('',#8296,1.);
#8296 = DIRECTION('',(1.144237745222E-17,1.,0.));
#8297 = ORIENTED_EDGE('',*,*,#6963,.T.);
#8298 = ORIENTED_EDGE('',*,*,#8275,.F.);
#8299 = ORIENTED_EDGE('',*,*,#6854,.F.);
#8300 = CYLINDRICAL_SURFACE('',#8301,0.1);
#8301 = AXIS2_PLACEMENT_3D('',#8302,#8303,#8304);
#8302 = CARTESIAN_POINT('',(-1.270530792283,-1.2,0.25));
#8303 = DIRECTION('',(-1.144237745222E-17,-1.,0.));
#8304 = DIRECTION('',(-2.22044604925E-15,2.540718180781E-32,-1.));
#8305 = ADVANCED_FACE('',(#8306),#8317,.F.);
#8306 = FACE_BOUND('',#8307,.F.);
#8307 = EDGE_LOOP('',(#8308,#8314,#8315,#8316));
#8308 = ORIENTED_EDGE('',*,*,#8309,.T.);
#8309 = EDGE_CURVE('',#6839,#6948,#8310,.T.);
#8310 = LINE('',#8311,#8312);
#8311 = CARTESIAN_POINT('',(-1.4,-1.2,0.15));
#8312 = VECTOR('',#8313,1.);
#8313 = DIRECTION('',(1.144237745222E-17,1.,0.));
#8314 = ORIENTED_EDGE('',*,*,#6955,.T.);
#8315 = ORIENTED_EDGE('',*,*,#8292,.F.);
#8316 = ORIENTED_EDGE('',*,*,#6846,.F.);
#8317 = PLANE('',#8318);
#8318 = AXIS2_PLACEMENT_3D('',#8319,#8320,#8321);
#8319 = CARTESIAN_POINT('',(-1.4,-1.2,0.15));
#8320 = DIRECTION('',(0.,0.,-1.));
#8321 = DIRECTION('',(1.,-1.144237745222E-17,0.));
#8322 = ADVANCED_FACE('',(#8323),#8334,.F.);
#8323 = FACE_BOUND('',#8324,.F.);
#8324 = EDGE_LOOP('',(#8325,#8331,#8332,#8333));
#8325 = ORIENTED_EDGE('',*,*,#8326,.T.);
#8326 = EDGE_CURVE('',#6831,#6940,#8327,.T.);
#8327 = LINE('',#8328,#8329);
#8328 = CARTESIAN_POINT('',(-1.4,-1.2,0.));
#8329 = VECTOR('',#8330,1.);
#8330 = DIRECTION('',(1.144237745222E-17,1.,0.));
#8331 = ORIENTED_EDGE('',*,*,#6947,.T.);
#8332 = ORIENTED_EDGE('',*,*,#8309,.F.);
#8333 = ORIENTED_EDGE('',*,*,#6838,.F.);
#8334 = PLANE('',#8335);
#8335 = AXIS2_PLACEMENT_3D('',#8336,#8337,#8338);
#8336 = CARTESIAN_POINT('',(-1.4,-1.2,0.));
#8337 = DIRECTION('',(1.,-1.144237745222E-17,0.));
#8338 = DIRECTION('',(0.,0.,1.));
#8339 = ADVANCED_FACE('',(#8340),#8351,.F.);
#8340 = FACE_BOUND('',#8341,.F.);
#8341 = EDGE_LOOP('',(#8342,#8348,#8349,#8350));
#8342 = ORIENTED_EDGE('',*,*,#8343,.T.);
#8343 = EDGE_CURVE('',#6822,#6931,#8344,.T.);
#8344 = LINE('',#8345,#8346);
#8345 = CARTESIAN_POINT('',(-1.270530792283,-1.2,0.));
#8346 = VECTOR('',#8347,1.);
#8347 = DIRECTION('',(1.144237745222E-17,1.,0.));
#8348 = ORIENTED_EDGE('',*,*,#6939,.T.);
#8349 = ORIENTED_EDGE('',*,*,#8326,.F.);
#8350 = ORIENTED_EDGE('',*,*,#6830,.F.);
#8351 = PLANE('',#8352);
#8352 = AXIS2_PLACEMENT_3D('',#8353,#8354,#8355);
#8353 = CARTESIAN_POINT('',(-1.270530792283,-1.2,0.));
#8354 = DIRECTION('',(0.,0.,1.));
#8355 = DIRECTION('',(-1.,1.144237745222E-17,0.));
#8356 = ADVANCED_FACE('',(#8357),#8368,.T.);
#8357 = FACE_BOUND('',#8358,.T.);
#8358 = EDGE_LOOP('',(#8359,#8360,#8361,#8362));
#8359 = ORIENTED_EDGE('',*,*,#6821,.T.);
#8360 = ORIENTED_EDGE('',*,*,#8343,.T.);
#8361 = ORIENTED_EDGE('',*,*,#6930,.F.);
#8362 = ORIENTED_EDGE('',*,*,#8363,.F.);
#8363 = EDGE_CURVE('',#6814,#6923,#8364,.T.);
#8364 = LINE('',#8365,#8366);
#8365 = CARTESIAN_POINT('',(-1.02432885403,-1.2,0.206587955583));
#8366 = VECTOR('',#8367,1.);
#8367 = DIRECTION('',(1.144237745222E-17,1.,0.));
#8368 = CYLINDRICAL_SURFACE('',#8369,0.25);
#8369 = AXIS2_PLACEMENT_3D('',#8370,#8371,#8372);
#8370 = CARTESIAN_POINT('',(-1.270530792283,-1.2,0.25));
#8371 = DIRECTION('',(-1.144237745222E-17,-1.,0.));
#8372 = DIRECTION('',(0.984807753012,-1.126854202784E-17,-0.173648177667
    ));
#8373 = ADVANCED_FACE('',(#8374),#8380,.F.);
#8374 = FACE_BOUND('',#8375,.F.);
#8375 = EDGE_LOOP('',(#8376,#8377,#8378,#8379));
#8376 = ORIENTED_EDGE('',*,*,#6904,.T.);
#8377 = ORIENTED_EDGE('',*,*,#6922,.T.);
#8378 = ORIENTED_EDGE('',*,*,#8363,.F.);
#8379 = ORIENTED_EDGE('',*,*,#6813,.F.);
#8380 = PLANE('',#8381);
#8381 = AXIS2_PLACEMENT_3D('',#8382,#8383,#8384);
#8382 = CARTESIAN_POINT('',(-0.948480775301,-1.2,0.667364817767));
#8383 = DIRECTION('',(-0.986721169868,1.129043606572E-17,0.162423314012)
  );
#8384 = DIRECTION('',(-0.162423314012,1.858508865964E-18,-0.986721169868
    ));
#8385 = ADVANCED_FACE('',(#8386),#8397,.T.);
#8386 = FACE_BOUND('',#8387,.T.);
#8387 = EDGE_LOOP('',(#8388,#8389,#8390,#8391));
#8388 = ORIENTED_EDGE('',*,*,#7094,.T.);
#8389 = ORIENTED_EDGE('',*,*,#8095,.T.);
#8390 = ORIENTED_EDGE('',*,*,#7203,.F.);
#8391 = ORIENTED_EDGE('',*,*,#8392,.F.);
#8392 = EDGE_CURVE('',#7087,#7196,#8393,.T.);
#8393 = LINE('',#8394,#8395);
#8394 = CARTESIAN_POINT('',(-1.096201938253,-0.25,0.693412044417));
#8395 = VECTOR('',#8396,1.);
#8396 = DIRECTION('',(1.144237745222E-17,1.,0.));
#8397 = CYLINDRICAL_SURFACE('',#8398,0.25);
#8398 = AXIS2_PLACEMENT_3D('',#8399,#8400,#8401);
#8399 = CARTESIAN_POINT('',(-0.85,-0.25,0.65));
#8400 = DIRECTION('',(-1.144237745222E-17,-1.,0.));
#8401 = DIRECTION('',(-0.984807753012,1.126854202784E-17,0.173648177667)
  );
#8402 = ADVANCED_FACE('',(#8403),#8414,.F.);
#8403 = FACE_BOUND('',#8404,.F.);
#8404 = EDGE_LOOP('',(#8405,#8411,#8412,#8413));
#8405 = ORIENTED_EDGE('',*,*,#8406,.T.);
#8406 = EDGE_CURVE('',#7078,#7187,#8407,.T.);
#8407 = LINE('',#8408,#8409);
#8408 = CARTESIAN_POINT('',(-1.172050016982,-0.25,0.232635182233));
#8409 = VECTOR('',#8410,1.);
#8410 = DIRECTION('',(1.144237745222E-17,1.,0.));
#8411 = ORIENTED_EDGE('',*,*,#7195,.T.);
#8412 = ORIENTED_EDGE('',*,*,#8392,.F.);
#8413 = ORIENTED_EDGE('',*,*,#7086,.F.);
#8414 = PLANE('',#8415);
#8415 = AXIS2_PLACEMENT_3D('',#8416,#8417,#8418);
#8416 = CARTESIAN_POINT('',(-1.172050016982,-0.25,0.232635182233));
#8417 = DIRECTION('',(0.986721169868,-1.129043606572E-17,-0.162423314012
    ));
#8418 = DIRECTION('',(0.162423314012,-1.858508865964E-18,0.986721169868)
  );
#8419 = ADVANCED_FACE('',(#8420),#8431,.F.);
#8420 = FACE_BOUND('',#8421,.F.);
#8421 = EDGE_LOOP('',(#8422,#8428,#8429,#8430));
#8422 = ORIENTED_EDGE('',*,*,#8423,.T.);
#8423 = EDGE_CURVE('',#7070,#7179,#8424,.T.);
#8424 = LINE('',#8425,#8426);
#8425 = CARTESIAN_POINT('',(-1.270530792283,-0.25,0.15));
#8426 = VECTOR('',#8427,1.);
#8427 = DIRECTION('',(1.144237745222E-17,1.,0.));
#8428 = ORIENTED_EDGE('',*,*,#7186,.T.);
#8429 = ORIENTED_EDGE('',*,*,#8406,.F.);
#8430 = ORIENTED_EDGE('',*,*,#7077,.F.);
#8431 = CYLINDRICAL_SURFACE('',#8432,0.1);
#8432 = AXIS2_PLACEMENT_3D('',#8433,#8434,#8435);
#8433 = CARTESIAN_POINT('',(-1.270530792283,-0.25,0.25));
#8434 = DIRECTION('',(-1.144237745222E-17,-1.,0.));
#8435 = DIRECTION('',(-2.22044604925E-15,2.540718180781E-32,-1.));
#8436 = ADVANCED_FACE('',(#8437),#8448,.F.);
#8437 = FACE_BOUND('',#8438,.F.);
#8438 = EDGE_LOOP('',(#8439,#8445,#8446,#8447));
#8439 = ORIENTED_EDGE('',*,*,#8440,.T.);
#8440 = EDGE_CURVE('',#7062,#7171,#8441,.T.);
#8441 = LINE('',#8442,#8443);
#8442 = CARTESIAN_POINT('',(-1.4,-0.25,0.15));
#8443 = VECTOR('',#8444,1.);
#8444 = DIRECTION('',(1.144237745222E-17,1.,0.));
#8445 = ORIENTED_EDGE('',*,*,#7178,.T.);
#8446 = ORIENTED_EDGE('',*,*,#8423,.F.);
#8447 = ORIENTED_EDGE('',*,*,#7069,.F.);
#8448 = PLANE('',#8449);
#8449 = AXIS2_PLACEMENT_3D('',#8450,#8451,#8452);
#8450 = CARTESIAN_POINT('',(-1.4,-0.25,0.15));
#8451 = DIRECTION('',(0.,0.,-1.));
#8452 = DIRECTION('',(1.,-1.144237745222E-17,0.));
#8453 = ADVANCED_FACE('',(#8454),#8465,.F.);
#8454 = FACE_BOUND('',#8455,.F.);
#8455 = EDGE_LOOP('',(#8456,#8462,#8463,#8464));
#8456 = ORIENTED_EDGE('',*,*,#8457,.T.);
#8457 = EDGE_CURVE('',#7054,#7163,#8458,.T.);
#8458 = LINE('',#8459,#8460);
#8459 = CARTESIAN_POINT('',(-1.4,-0.25,0.));
#8460 = VECTOR('',#8461,1.);
#8461 = DIRECTION('',(1.144237745222E-17,1.,0.));
#8462 = ORIENTED_EDGE('',*,*,#7170,.T.);
#8463 = ORIENTED_EDGE('',*,*,#8440,.F.);
#8464 = ORIENTED_EDGE('',*,*,#7061,.F.);
#8465 = PLANE('',#8466);
#8466 = AXIS2_PLACEMENT_3D('',#8467,#8468,#8469);
#8467 = CARTESIAN_POINT('',(-1.4,-0.25,0.));
#8468 = DIRECTION('',(1.,-1.144237745222E-17,0.));
#8469 = DIRECTION('',(0.,0.,1.));
#8470 = ADVANCED_FACE('',(#8471),#8482,.F.);
#8471 = FACE_BOUND('',#8472,.F.);
#8472 = EDGE_LOOP('',(#8473,#8479,#8480,#8481));
#8473 = ORIENTED_EDGE('',*,*,#8474,.T.);
#8474 = EDGE_CURVE('',#7045,#7154,#8475,.T.);
#8475 = LINE('',#8476,#8477);
#8476 = CARTESIAN_POINT('',(-1.270530792283,-0.25,0.));
#8477 = VECTOR('',#8478,1.);
#8478 = DIRECTION('',(1.144237745222E-17,1.,0.));
#8479 = ORIENTED_EDGE('',*,*,#7162,.T.);
#8480 = ORIENTED_EDGE('',*,*,#8457,.F.);
#8481 = ORIENTED_EDGE('',*,*,#7053,.F.);
#8482 = PLANE('',#8483);
#8483 = AXIS2_PLACEMENT_3D('',#8484,#8485,#8486);
#8484 = CARTESIAN_POINT('',(-1.270530792283,-0.25,0.));
#8485 = DIRECTION('',(0.,0.,1.));
#8486 = DIRECTION('',(-1.,1.144237745222E-17,0.));
#8487 = ADVANCED_FACE('',(#8488),#8499,.T.);
#8488 = FACE_BOUND('',#8489,.T.);
#8489 = EDGE_LOOP('',(#8490,#8491,#8492,#8493));
#8490 = ORIENTED_EDGE('',*,*,#7044,.T.);
#8491 = ORIENTED_EDGE('',*,*,#8474,.T.);
#8492 = ORIENTED_EDGE('',*,*,#7153,.F.);
#8493 = ORIENTED_EDGE('',*,*,#8494,.F.);
#8494 = EDGE_CURVE('',#7037,#7146,#8495,.T.);
#8495 = LINE('',#8496,#8497);
#8496 = CARTESIAN_POINT('',(-1.02432885403,-0.25,0.206587955583));
#8497 = VECTOR('',#8498,1.);
#8498 = DIRECTION('',(1.144237745222E-17,1.,0.));
#8499 = CYLINDRICAL_SURFACE('',#8500,0.25);
#8500 = AXIS2_PLACEMENT_3D('',#8501,#8502,#8503);
#8501 = CARTESIAN_POINT('',(-1.270530792283,-0.25,0.25));
#8502 = DIRECTION('',(-1.144237745222E-17,-1.,0.));
#8503 = DIRECTION('',(0.984807753012,-1.126854202784E-17,-0.173648177667
    ));
#8504 = ADVANCED_FACE('',(#8505),#8511,.F.);
#8505 = FACE_BOUND('',#8506,.F.);
#8506 = EDGE_LOOP('',(#8507,#8508,#8509,#8510));
#8507 = ORIENTED_EDGE('',*,*,#7127,.T.);
#8508 = ORIENTED_EDGE('',*,*,#7145,.T.);
#8509 = ORIENTED_EDGE('',*,*,#8494,.F.);
#8510 = ORIENTED_EDGE('',*,*,#7036,.F.);
#8511 = PLANE('',#8512);
#8512 = AXIS2_PLACEMENT_3D('',#8513,#8514,#8515);
#8513 = CARTESIAN_POINT('',(-0.948480775301,-0.25,0.667364817767));
#8514 = DIRECTION('',(-0.986721169868,1.129043606572E-17,0.162423314012)
  );
#8515 = DIRECTION('',(-0.162423314012,1.858508865964E-18,-0.986721169868
    ));
#8516 = ADVANCED_FACE('',(#8517),#8528,.F.);
#8517 = FACE_BOUND('',#8518,.F.);
#8518 = EDGE_LOOP('',(#8519,#8525,#8526,#8527));
#8519 = ORIENTED_EDGE('',*,*,#8520,.T.);
#8520 = EDGE_CURVE('',#7296,#7398,#8521,.T.);
#8521 = LINE('',#8522,#8523);
#8522 = CARTESIAN_POINT('',(-1.172050016982,0.7,0.232635182233));
#8523 = VECTOR('',#8524,1.);
#8524 = DIRECTION('',(1.144237745222E-17,1.,0.));
#8525 = ORIENTED_EDGE('',*,*,#7406,.T.);
#8526 = ORIENTED_EDGE('',*,*,#8061,.F.);
#8527 = ORIENTED_EDGE('',*,*,#7304,.F.);
#8528 = PLANE('',#8529);
#8529 = AXIS2_PLACEMENT_3D('',#8530,#8531,#8532);
#8530 = CARTESIAN_POINT('',(-1.172050016982,0.7,0.232635182233));
#8531 = DIRECTION('',(0.986721169868,-1.129043606572E-17,-0.162423314012
    ));
#8532 = DIRECTION('',(0.162423314012,-1.858508865964E-18,0.986721169868)
  );
#8533 = ADVANCED_FACE('',(#8534),#8545,.F.);
#8534 = FACE_BOUND('',#8535,.F.);
#8535 = EDGE_LOOP('',(#8536,#8542,#8543,#8544));
#8536 = ORIENTED_EDGE('',*,*,#8537,.T.);
#8537 = EDGE_CURVE('',#7288,#7390,#8538,.T.);
#8538 = LINE('',#8539,#8540);
#8539 = CARTESIAN_POINT('',(-1.270530792283,0.7,0.15));
#8540 = VECTOR('',#8541,1.);
#8541 = DIRECTION('',(1.144237745222E-17,1.,0.));
#8542 = ORIENTED_EDGE('',*,*,#7397,.T.);
#8543 = ORIENTED_EDGE('',*,*,#8520,.F.);
#8544 = ORIENTED_EDGE('',*,*,#7295,.F.);
#8545 = CYLINDRICAL_SURFACE('',#8546,0.1);
#8546 = AXIS2_PLACEMENT_3D('',#8547,#8548,#8549);
#8547 = CARTESIAN_POINT('',(-1.270530792283,0.7,0.25));
#8548 = DIRECTION('',(-1.144237745222E-17,-1.,0.));
#8549 = DIRECTION('',(-2.22044604925E-15,2.540718180781E-32,-1.));
#8550 = ADVANCED_FACE('',(#8551),#8562,.F.);
#8551 = FACE_BOUND('',#8552,.F.);
#8552 = EDGE_LOOP('',(#8553,#8559,#8560,#8561));
#8553 = ORIENTED_EDGE('',*,*,#8554,.T.);
#8554 = EDGE_CURVE('',#7280,#7382,#8555,.T.);
#8555 = LINE('',#8556,#8557);
#8556 = CARTESIAN_POINT('',(-1.4,0.7,0.15));
#8557 = VECTOR('',#8558,1.);
#8558 = DIRECTION('',(1.144237745222E-17,1.,0.));
#8559 = ORIENTED_EDGE('',*,*,#7389,.T.);
#8560 = ORIENTED_EDGE('',*,*,#8537,.F.);
#8561 = ORIENTED_EDGE('',*,*,#7287,.F.);
#8562 = PLANE('',#8563);
#8563 = AXIS2_PLACEMENT_3D('',#8564,#8565,#8566);
#8564 = CARTESIAN_POINT('',(-1.4,0.7,0.15));
#8565 = DIRECTION('',(0.,0.,-1.));
#8566 = DIRECTION('',(1.,-1.144237745222E-17,0.));
#8567 = ADVANCED_FACE('',(#8568),#8579,.F.);
#8568 = FACE_BOUND('',#8569,.F.);
#8569 = EDGE_LOOP('',(#8570,#8576,#8577,#8578));
#8570 = ORIENTED_EDGE('',*,*,#8571,.T.);
#8571 = EDGE_CURVE('',#7272,#7374,#8572,.T.);
#8572 = LINE('',#8573,#8574);
#8573 = CARTESIAN_POINT('',(-1.4,0.7,0.));
#8574 = VECTOR('',#8575,1.);
#8575 = DIRECTION('',(1.144237745222E-17,1.,0.));
#8576 = ORIENTED_EDGE('',*,*,#7381,.T.);
#8577 = ORIENTED_EDGE('',*,*,#8554,.F.);
#8578 = ORIENTED_EDGE('',*,*,#7279,.F.);
#8579 = PLANE('',#8580);
#8580 = AXIS2_PLACEMENT_3D('',#8581,#8582,#8583);
#8581 = CARTESIAN_POINT('',(-1.4,0.7,0.));
#8582 = DIRECTION('',(1.,-1.144237745222E-17,0.));
#8583 = DIRECTION('',(0.,0.,1.));
#8584 = ADVANCED_FACE('',(#8585),#8596,.F.);
#8585 = FACE_BOUND('',#8586,.F.);
#8586 = EDGE_LOOP('',(#8587,#8593,#8594,#8595));
#8587 = ORIENTED_EDGE('',*,*,#8588,.T.);
#8588 = EDGE_CURVE('',#7263,#7365,#8589,.T.);
#8589 = LINE('',#8590,#8591);
#8590 = CARTESIAN_POINT('',(-1.270530792283,0.7,0.));
#8591 = VECTOR('',#8592,1.);
#8592 = DIRECTION('',(1.144237745222E-17,1.,0.));
#8593 = ORIENTED_EDGE('',*,*,#7373,.T.);
#8594 = ORIENTED_EDGE('',*,*,#8571,.F.);
#8595 = ORIENTED_EDGE('',*,*,#7271,.F.);
#8596 = PLANE('',#8597);
#8597 = AXIS2_PLACEMENT_3D('',#8598,#8599,#8600);
#8598 = CARTESIAN_POINT('',(-1.270530792283,0.7,0.));
#8599 = DIRECTION('',(0.,0.,1.));
#8600 = DIRECTION('',(-1.,1.144237745222E-17,0.));
#8601 = ADVANCED_FACE('',(#8602),#8613,.T.);
#8602 = FACE_BOUND('',#8603,.T.);
#8603 = EDGE_LOOP('',(#8604,#8605,#8606,#8607));
#8604 = ORIENTED_EDGE('',*,*,#7262,.T.);
#8605 = ORIENTED_EDGE('',*,*,#8588,.T.);
#8606 = ORIENTED_EDGE('',*,*,#7364,.F.);
#8607 = ORIENTED_EDGE('',*,*,#8608,.F.);
#8608 = EDGE_CURVE('',#7255,#7357,#8609,.T.);
#8609 = LINE('',#8610,#8611);
#8610 = CARTESIAN_POINT('',(-1.02432885403,0.7,0.206587955583));
#8611 = VECTOR('',#8612,1.);
#8612 = DIRECTION('',(1.144237745222E-17,1.,0.));
#8613 = CYLINDRICAL_SURFACE('',#8614,0.25);
#8614 = AXIS2_PLACEMENT_3D('',#8615,#8616,#8617);
#8615 = CARTESIAN_POINT('',(-1.270530792283,0.7,0.25));
#8616 = DIRECTION('',(-1.144237745222E-17,-1.,0.));
#8617 = DIRECTION('',(0.984807753012,-1.126854202784E-17,-0.173648177667
    ));
#8618 = ADVANCED_FACE('',(#8619),#8625,.F.);
#8619 = FACE_BOUND('',#8620,.F.);
#8620 = EDGE_LOOP('',(#8621,#8622,#8623,#8624));
#8621 = ORIENTED_EDGE('',*,*,#7338,.T.);
#8622 = ORIENTED_EDGE('',*,*,#7356,.T.);
#8623 = ORIENTED_EDGE('',*,*,#8608,.F.);
#8624 = ORIENTED_EDGE('',*,*,#7254,.F.);
#8625 = PLANE('',#8626);
#8626 = AXIS2_PLACEMENT_3D('',#8627,#8628,#8629);
#8627 = CARTESIAN_POINT('',(-0.948480775301,0.7,0.667364817767));
#8628 = DIRECTION('',(-0.986721169868,1.129043606572E-17,0.162423314012)
  );
#8629 = DIRECTION('',(-0.162423314012,1.858508865964E-18,-0.986721169868
    ));
#8630 = ADVANCED_FACE('',(#8631),#8642,.F.);
#8631 = FACE_BOUND('',#8632,.F.);
#8632 = EDGE_LOOP('',(#8633,#8639,#8640,#8641));
#8633 = ORIENTED_EDGE('',*,*,#8634,.T.);
#8634 = EDGE_CURVE('',#7483,#7585,#8635,.T.);
#8635 = LINE('',#8636,#8637);
#8636 = CARTESIAN_POINT('',(1.172050016982,1.2,0.232635182233));
#8637 = VECTOR('',#8638,1.);
#8638 = DIRECTION('',(1.110223024625E-16,-1.,0.));
#8639 = ORIENTED_EDGE('',*,*,#7593,.T.);
#8640 = ORIENTED_EDGE('',*,*,#8232,.F.);
#8641 = ORIENTED_EDGE('',*,*,#7491,.F.);
#8642 = PLANE('',#8643);
#8643 = AXIS2_PLACEMENT_3D('',#8644,#8645,#8646);
#8644 = CARTESIAN_POINT('',(1.172050016982,1.2,0.232635182233));
#8645 = DIRECTION('',(-0.986721169868,-1.095480561672E-16,
    -0.162423314012));
#8646 = DIRECTION('',(-0.162423314012,-1.803261029519E-17,0.986721169868
    ));
#8647 = ADVANCED_FACE('',(#8648),#8659,.F.);
#8648 = FACE_BOUND('',#8649,.F.);
#8649 = EDGE_LOOP('',(#8650,#8656,#8657,#8658));
#8650 = ORIENTED_EDGE('',*,*,#8651,.T.);
#8651 = EDGE_CURVE('',#7475,#7577,#8652,.T.);
#8652 = LINE('',#8653,#8654);
#8653 = CARTESIAN_POINT('',(1.270530792283,1.2,0.15));
#8654 = VECTOR('',#8655,1.);
#8655 = DIRECTION('',(1.110223024625E-16,-1.,0.));
#8656 = ORIENTED_EDGE('',*,*,#7584,.T.);
#8657 = ORIENTED_EDGE('',*,*,#8634,.F.);
#8658 = ORIENTED_EDGE('',*,*,#7482,.F.);
#8659 = CYLINDRICAL_SURFACE('',#8660,0.1);
#8660 = AXIS2_PLACEMENT_3D('',#8661,#8662,#8663);
#8661 = CARTESIAN_POINT('',(1.270530792283,1.2,0.25));
#8662 = DIRECTION('',(-1.110223024625E-16,1.,0.));
#8663 = DIRECTION('',(2.22044604925E-15,2.465190328815E-31,-1.));
#8664 = ADVANCED_FACE('',(#8665),#8676,.F.);
#8665 = FACE_BOUND('',#8666,.F.);
#8666 = EDGE_LOOP('',(#8667,#8673,#8674,#8675));
#8667 = ORIENTED_EDGE('',*,*,#8668,.T.);
#8668 = EDGE_CURVE('',#7467,#7569,#8669,.T.);
#8669 = LINE('',#8670,#8671);
#8670 = CARTESIAN_POINT('',(1.4,1.2,0.15));
#8671 = VECTOR('',#8672,1.);
#8672 = DIRECTION('',(1.110223024625E-16,-1.,0.));
#8673 = ORIENTED_EDGE('',*,*,#7576,.T.);
#8674 = ORIENTED_EDGE('',*,*,#8651,.F.);
#8675 = ORIENTED_EDGE('',*,*,#7474,.F.);
#8676 = PLANE('',#8677);
#8677 = AXIS2_PLACEMENT_3D('',#8678,#8679,#8680);
#8678 = CARTESIAN_POINT('',(1.4,1.2,0.15));
#8679 = DIRECTION('',(0.,0.,-1.));
#8680 = DIRECTION('',(-1.,-1.110223024625E-16,-0.));
#8681 = ADVANCED_FACE('',(#8682),#8693,.F.);
#8682 = FACE_BOUND('',#8683,.F.);
#8683 = EDGE_LOOP('',(#8684,#8690,#8691,#8692));
#8684 = ORIENTED_EDGE('',*,*,#8685,.T.);
#8685 = EDGE_CURVE('',#7459,#7561,#8686,.T.);
#8686 = LINE('',#8687,#8688);
#8687 = CARTESIAN_POINT('',(1.4,1.2,0.));
#8688 = VECTOR('',#8689,1.);
#8689 = DIRECTION('',(1.110223024625E-16,-1.,0.));
#8690 = ORIENTED_EDGE('',*,*,#7568,.T.);
#8691 = ORIENTED_EDGE('',*,*,#8668,.F.);
#8692 = ORIENTED_EDGE('',*,*,#7466,.F.);
#8693 = PLANE('',#8694);
#8694 = AXIS2_PLACEMENT_3D('',#8695,#8696,#8697);
#8695 = CARTESIAN_POINT('',(1.4,1.2,0.));
#8696 = DIRECTION('',(-1.,-1.110223024625E-16,0.));
#8697 = DIRECTION('',(0.,0.,1.));
#8698 = ADVANCED_FACE('',(#8699),#8710,.F.);
#8699 = FACE_BOUND('',#8700,.F.);
#8700 = EDGE_LOOP('',(#8701,#8707,#8708,#8709));
#8701 = ORIENTED_EDGE('',*,*,#8702,.T.);
#8702 = EDGE_CURVE('',#7450,#7552,#8703,.T.);
#8703 = LINE('',#8704,#8705);
#8704 = CARTESIAN_POINT('',(1.270530792283,1.2,0.));
#8705 = VECTOR('',#8706,1.);
#8706 = DIRECTION('',(1.110223024625E-16,-1.,0.));
#8707 = ORIENTED_EDGE('',*,*,#7560,.T.);
#8708 = ORIENTED_EDGE('',*,*,#8685,.F.);
#8709 = ORIENTED_EDGE('',*,*,#7458,.F.);
#8710 = PLANE('',#8711);
#8711 = AXIS2_PLACEMENT_3D('',#8712,#8713,#8714);
#8712 = CARTESIAN_POINT('',(1.270530792283,1.2,0.));
#8713 = DIRECTION('',(0.,0.,1.));
#8714 = DIRECTION('',(1.,1.110223024625E-16,-0.));
#8715 = ADVANCED_FACE('',(#8716),#8727,.T.);
#8716 = FACE_BOUND('',#8717,.T.);
#8717 = EDGE_LOOP('',(#8718,#8719,#8720,#8721));
#8718 = ORIENTED_EDGE('',*,*,#7449,.T.);
#8719 = ORIENTED_EDGE('',*,*,#8702,.T.);
#8720 = ORIENTED_EDGE('',*,*,#7551,.F.);
#8721 = ORIENTED_EDGE('',*,*,#8722,.F.);
#8722 = EDGE_CURVE('',#7442,#7544,#8723,.T.);
#8723 = LINE('',#8724,#8725);
#8724 = CARTESIAN_POINT('',(1.02432885403,1.2,0.206587955583));
#8725 = VECTOR('',#8726,1.);
#8726 = DIRECTION('',(1.110223024625E-16,-1.,0.));
#8727 = CYLINDRICAL_SURFACE('',#8728,0.25);
#8728 = AXIS2_PLACEMENT_3D('',#8729,#8730,#8731);
#8729 = CARTESIAN_POINT('',(1.270530792283,1.2,0.25));
#8730 = DIRECTION('',(-1.110223024625E-16,1.,0.));
#8731 = DIRECTION('',(-0.984807753012,-1.093356242223E-16,
    -0.173648177667));
#8732 = ADVANCED_FACE('',(#8733),#8739,.F.);
#8733 = FACE_BOUND('',#8734,.F.);
#8734 = EDGE_LOOP('',(#8735,#8736,#8737,#8738));
#8735 = ORIENTED_EDGE('',*,*,#7525,.T.);
#8736 = ORIENTED_EDGE('',*,*,#7543,.T.);
#8737 = ORIENTED_EDGE('',*,*,#8722,.F.);
#8738 = ORIENTED_EDGE('',*,*,#7441,.F.);
#8739 = PLANE('',#8740);
#8740 = AXIS2_PLACEMENT_3D('',#8741,#8742,#8743);
#8741 = CARTESIAN_POINT('',(0.948480775301,1.2,0.667364817767));
#8742 = DIRECTION('',(0.986721169868,1.095480561672E-16,0.162423314012)
  );
#8743 = DIRECTION('',(0.162423314012,1.803261029519E-17,-0.986721169868)
  );
#8744 = ADVANCED_FACE('',(#8745),#8756,.T.);
#8745 = FACE_BOUND('',#8746,.T.);
#8746 = EDGE_LOOP('',(#8747,#8748,#8749,#8750));
#8747 = ORIENTED_EDGE('',*,*,#7703,.T.);
#8748 = ORIENTED_EDGE('',*,*,#8176,.T.);
#8749 = ORIENTED_EDGE('',*,*,#7812,.F.);
#8750 = ORIENTED_EDGE('',*,*,#8751,.F.);
#8751 = EDGE_CURVE('',#7696,#7805,#8752,.T.);
#8752 = LINE('',#8753,#8754);
#8753 = CARTESIAN_POINT('',(1.096201938253,0.25,0.693412044417));
#8754 = VECTOR('',#8755,1.);
#8755 = DIRECTION('',(1.110223024625E-16,-1.,0.));
#8756 = CYLINDRICAL_SURFACE('',#8757,0.25);
#8757 = AXIS2_PLACEMENT_3D('',#8758,#8759,#8760);
#8758 = CARTESIAN_POINT('',(0.85,0.25,0.65));
#8759 = DIRECTION('',(-1.110223024625E-16,1.,0.));
#8760 = DIRECTION('',(0.984807753012,1.093356242223E-16,0.173648177667)
  );
#8761 = ADVANCED_FACE('',(#8762),#8773,.F.);
#8762 = FACE_BOUND('',#8763,.F.);
#8763 = EDGE_LOOP('',(#8764,#8770,#8771,#8772));
#8764 = ORIENTED_EDGE('',*,*,#8765,.T.);
#8765 = EDGE_CURVE('',#7687,#7796,#8766,.T.);
#8766 = LINE('',#8767,#8768);
#8767 = CARTESIAN_POINT('',(1.172050016982,0.25,0.232635182233));
#8768 = VECTOR('',#8769,1.);
#8769 = DIRECTION('',(1.110223024625E-16,-1.,0.));
#8770 = ORIENTED_EDGE('',*,*,#7804,.T.);
#8771 = ORIENTED_EDGE('',*,*,#8751,.F.);
#8772 = ORIENTED_EDGE('',*,*,#7695,.F.);
#8773 = PLANE('',#8774);
#8774 = AXIS2_PLACEMENT_3D('',#8775,#8776,#8777);
#8775 = CARTESIAN_POINT('',(1.172050016982,0.25,0.232635182233));
#8776 = DIRECTION('',(-0.986721169868,-1.095480561672E-16,
    -0.162423314012));
#8777 = DIRECTION('',(-0.162423314012,-1.803261029519E-17,0.986721169868
    ));
#8778 = ADVANCED_FACE('',(#8779),#8790,.F.);
#8779 = FACE_BOUND('',#8780,.F.);
#8780 = EDGE_LOOP('',(#8781,#8787,#8788,#8789));
#8781 = ORIENTED_EDGE('',*,*,#8782,.T.);
#8782 = EDGE_CURVE('',#7679,#7788,#8783,.T.);
#8783 = LINE('',#8784,#8785);
#8784 = CARTESIAN_POINT('',(1.270530792283,0.25,0.15));
#8785 = VECTOR('',#8786,1.);
#8786 = DIRECTION('',(1.110223024625E-16,-1.,0.));
#8787 = ORIENTED_EDGE('',*,*,#7795,.T.);
#8788 = ORIENTED_EDGE('',*,*,#8765,.F.);
#8789 = ORIENTED_EDGE('',*,*,#7686,.F.);
#8790 = CYLINDRICAL_SURFACE('',#8791,0.1);
#8791 = AXIS2_PLACEMENT_3D('',#8792,#8793,#8794);
#8792 = CARTESIAN_POINT('',(1.270530792283,0.25,0.25));
#8793 = DIRECTION('',(-1.110223024625E-16,1.,0.));
#8794 = DIRECTION('',(2.22044604925E-15,2.465190328815E-31,-1.));
#8795 = ADVANCED_FACE('',(#8796),#8807,.F.);
#8796 = FACE_BOUND('',#8797,.F.);
#8797 = EDGE_LOOP('',(#8798,#8804,#8805,#8806));
#8798 = ORIENTED_EDGE('',*,*,#8799,.T.);
#8799 = EDGE_CURVE('',#7671,#7780,#8800,.T.);
#8800 = LINE('',#8801,#8802);
#8801 = CARTESIAN_POINT('',(1.4,0.25,0.15));
#8802 = VECTOR('',#8803,1.);
#8803 = DIRECTION('',(1.110223024625E-16,-1.,0.));
#8804 = ORIENTED_EDGE('',*,*,#7787,.T.);
#8805 = ORIENTED_EDGE('',*,*,#8782,.F.);
#8806 = ORIENTED_EDGE('',*,*,#7678,.F.);
#8807 = PLANE('',#8808);
#8808 = AXIS2_PLACEMENT_3D('',#8809,#8810,#8811);
#8809 = CARTESIAN_POINT('',(1.4,0.25,0.15));
#8810 = DIRECTION('',(0.,0.,-1.));
#8811 = DIRECTION('',(-1.,-1.110223024625E-16,-0.));
#8812 = ADVANCED_FACE('',(#8813),#8824,.F.);
#8813 = FACE_BOUND('',#8814,.F.);
#8814 = EDGE_LOOP('',(#8815,#8821,#8822,#8823));
#8815 = ORIENTED_EDGE('',*,*,#8816,.T.);
#8816 = EDGE_CURVE('',#7663,#7772,#8817,.T.);
#8817 = LINE('',#8818,#8819);
#8818 = CARTESIAN_POINT('',(1.4,0.25,0.));
#8819 = VECTOR('',#8820,1.);
#8820 = DIRECTION('',(1.110223024625E-16,-1.,0.));
#8821 = ORIENTED_EDGE('',*,*,#7779,.T.);
#8822 = ORIENTED_EDGE('',*,*,#8799,.F.);
#8823 = ORIENTED_EDGE('',*,*,#7670,.F.);
#8824 = PLANE('',#8825);
#8825 = AXIS2_PLACEMENT_3D('',#8826,#8827,#8828);
#8826 = CARTESIAN_POINT('',(1.4,0.25,0.));
#8827 = DIRECTION('',(-1.,-1.110223024625E-16,0.));
#8828 = DIRECTION('',(0.,0.,1.));
#8829 = ADVANCED_FACE('',(#8830),#8841,.F.);
#8830 = FACE_BOUND('',#8831,.F.);
#8831 = EDGE_LOOP('',(#8832,#8838,#8839,#8840));
#8832 = ORIENTED_EDGE('',*,*,#8833,.T.);
#8833 = EDGE_CURVE('',#7654,#7763,#8834,.T.);
#8834 = LINE('',#8835,#8836);
#8835 = CARTESIAN_POINT('',(1.270530792283,0.25,0.));
#8836 = VECTOR('',#8837,1.);
#8837 = DIRECTION('',(1.110223024625E-16,-1.,0.));
#8838 = ORIENTED_EDGE('',*,*,#7771,.T.);
#8839 = ORIENTED_EDGE('',*,*,#8816,.F.);
#8840 = ORIENTED_EDGE('',*,*,#7662,.F.);
#8841 = PLANE('',#8842);
#8842 = AXIS2_PLACEMENT_3D('',#8843,#8844,#8845);
#8843 = CARTESIAN_POINT('',(1.270530792283,0.25,0.));
#8844 = DIRECTION('',(0.,0.,1.));
#8845 = DIRECTION('',(1.,1.110223024625E-16,-0.));
#8846 = ADVANCED_FACE('',(#8847),#8858,.T.);
#8847 = FACE_BOUND('',#8848,.T.);
#8848 = EDGE_LOOP('',(#8849,#8850,#8851,#8852));
#8849 = ORIENTED_EDGE('',*,*,#7653,.T.);
#8850 = ORIENTED_EDGE('',*,*,#8833,.T.);
#8851 = ORIENTED_EDGE('',*,*,#7762,.F.);
#8852 = ORIENTED_EDGE('',*,*,#8853,.F.);
#8853 = EDGE_CURVE('',#7646,#7755,#8854,.T.);
#8854 = LINE('',#8855,#8856);
#8855 = CARTESIAN_POINT('',(1.02432885403,0.25,0.206587955583));
#8856 = VECTOR('',#8857,1.);
#8857 = DIRECTION('',(1.110223024625E-16,-1.,0.));
#8858 = CYLINDRICAL_SURFACE('',#8859,0.25);
#8859 = AXIS2_PLACEMENT_3D('',#8860,#8861,#8862);
#8860 = CARTESIAN_POINT('',(1.270530792283,0.25,0.25));
#8861 = DIRECTION('',(-1.110223024625E-16,1.,0.));
#8862 = DIRECTION('',(-0.984807753012,-1.093356242223E-16,
    -0.173648177667));
#8863 = ADVANCED_FACE('',(#8864),#8870,.F.);
#8864 = FACE_BOUND('',#8865,.F.);
#8865 = EDGE_LOOP('',(#8866,#8867,#8868,#8869));
#8866 = ORIENTED_EDGE('',*,*,#7736,.T.);
#8867 = ORIENTED_EDGE('',*,*,#7754,.T.);
#8868 = ORIENTED_EDGE('',*,*,#8853,.F.);
#8869 = ORIENTED_EDGE('',*,*,#7645,.F.);
#8870 = PLANE('',#8871);
#8871 = AXIS2_PLACEMENT_3D('',#8872,#8873,#8874);
#8872 = CARTESIAN_POINT('',(0.948480775301,0.25,0.667364817767));
#8873 = DIRECTION('',(0.986721169868,1.095480561672E-16,0.162423314012)
  );
#8874 = DIRECTION('',(0.162423314012,1.803261029519E-17,-0.986721169868)
  );
#8875 = ADVANCED_FACE('',(#8876),#8887,.T.);
#8876 = FACE_BOUND('',#8877,.T.);
#8877 = EDGE_LOOP('',(#8878,#8879,#8880,#8881));
#8878 = ORIENTED_EDGE('',*,*,#7926,.T.);
#8879 = ORIENTED_EDGE('',*,*,#8195,.T.);
#8880 = ORIENTED_EDGE('',*,*,#8035,.F.);
#8881 = ORIENTED_EDGE('',*,*,#8882,.F.);
#8882 = EDGE_CURVE('',#7919,#8028,#8883,.T.);
#8883 = LINE('',#8884,#8885);
#8884 = CARTESIAN_POINT('',(1.096201938253,-0.7,0.693412044417));
#8885 = VECTOR('',#8886,1.);
#8886 = DIRECTION('',(1.110223024625E-16,-1.,0.));
#8887 = CYLINDRICAL_SURFACE('',#8888,0.25);
#8888 = AXIS2_PLACEMENT_3D('',#8889,#8890,#8891);
#8889 = CARTESIAN_POINT('',(0.85,-0.7,0.65));
#8890 = DIRECTION('',(-1.110223024625E-16,1.,0.));
#8891 = DIRECTION('',(0.984807753012,1.093356242223E-16,0.173648177667)
  );
#8892 = ADVANCED_FACE('',(#8893),#8904,.F.);
#8893 = FACE_BOUND('',#8894,.F.);
#8894 = EDGE_LOOP('',(#8895,#8901,#8902,#8903));
#8895 = ORIENTED_EDGE('',*,*,#8896,.T.);
#8896 = EDGE_CURVE('',#7910,#8019,#8897,.T.);
#8897 = LINE('',#8898,#8899);
#8898 = CARTESIAN_POINT('',(1.172050016982,-0.7,0.232635182233));
#8899 = VECTOR('',#8900,1.);
#8900 = DIRECTION('',(1.110223024625E-16,-1.,0.));
#8901 = ORIENTED_EDGE('',*,*,#8027,.T.);
#8902 = ORIENTED_EDGE('',*,*,#8882,.F.);
#8903 = ORIENTED_EDGE('',*,*,#7918,.F.);
#8904 = PLANE('',#8905);
#8905 = AXIS2_PLACEMENT_3D('',#8906,#8907,#8908);
#8906 = CARTESIAN_POINT('',(1.172050016982,-0.7,0.232635182233));
#8907 = DIRECTION('',(-0.986721169868,-1.095480561672E-16,
    -0.162423314012));
#8908 = DIRECTION('',(-0.162423314012,-1.803261029519E-17,0.986721169868
    ));
#8909 = ADVANCED_FACE('',(#8910),#8921,.F.);
#8910 = FACE_BOUND('',#8911,.F.);
#8911 = EDGE_LOOP('',(#8912,#8918,#8919,#8920));
#8912 = ORIENTED_EDGE('',*,*,#8913,.T.);
#8913 = EDGE_CURVE('',#7902,#8011,#8914,.T.);
#8914 = LINE('',#8915,#8916);
#8915 = CARTESIAN_POINT('',(1.270530792283,-0.7,0.15));
#8916 = VECTOR('',#8917,1.);
#8917 = DIRECTION('',(1.110223024625E-16,-1.,0.));
#8918 = ORIENTED_EDGE('',*,*,#8018,.T.);
#8919 = ORIENTED_EDGE('',*,*,#8896,.F.);
#8920 = ORIENTED_EDGE('',*,*,#7909,.F.);
#8921 = CYLINDRICAL_SURFACE('',#8922,0.1);
#8922 = AXIS2_PLACEMENT_3D('',#8923,#8924,#8925);
#8923 = CARTESIAN_POINT('',(1.270530792283,-0.7,0.25));
#8924 = DIRECTION('',(-1.110223024625E-16,1.,0.));
#8925 = DIRECTION('',(2.22044604925E-15,2.465190328815E-31,-1.));
#8926 = ADVANCED_FACE('',(#8927),#8938,.F.);
#8927 = FACE_BOUND('',#8928,.F.);
#8928 = EDGE_LOOP('',(#8929,#8935,#8936,#8937));
#8929 = ORIENTED_EDGE('',*,*,#8930,.T.);
#8930 = EDGE_CURVE('',#7894,#8003,#8931,.T.);
#8931 = LINE('',#8932,#8933);
#8932 = CARTESIAN_POINT('',(1.4,-0.7,0.15));
#8933 = VECTOR('',#8934,1.);
#8934 = DIRECTION('',(1.110223024625E-16,-1.,0.));
#8935 = ORIENTED_EDGE('',*,*,#8010,.T.);
#8936 = ORIENTED_EDGE('',*,*,#8913,.F.);
#8937 = ORIENTED_EDGE('',*,*,#7901,.F.);
#8938 = PLANE('',#8939);
#8939 = AXIS2_PLACEMENT_3D('',#8940,#8941,#8942);
#8940 = CARTESIAN_POINT('',(1.4,-0.7,0.15));
#8941 = DIRECTION('',(0.,0.,-1.));
#8942 = DIRECTION('',(-1.,-1.110223024625E-16,-0.));
#8943 = ADVANCED_FACE('',(#8944),#8955,.F.);
#8944 = FACE_BOUND('',#8945,.F.);
#8945 = EDGE_LOOP('',(#8946,#8952,#8953,#8954));
#8946 = ORIENTED_EDGE('',*,*,#8947,.T.);
#8947 = EDGE_CURVE('',#7886,#7995,#8948,.T.);
#8948 = LINE('',#8949,#8950);
#8949 = CARTESIAN_POINT('',(1.4,-0.7,0.));
#8950 = VECTOR('',#8951,1.);
#8951 = DIRECTION('',(1.110223024625E-16,-1.,0.));
#8952 = ORIENTED_EDGE('',*,*,#8002,.T.);
#8953 = ORIENTED_EDGE('',*,*,#8930,.F.);
#8954 = ORIENTED_EDGE('',*,*,#7893,.F.);
#8955 = PLANE('',#8956);
#8956 = AXIS2_PLACEMENT_3D('',#8957,#8958,#8959);
#8957 = CARTESIAN_POINT('',(1.4,-0.7,0.));
#8958 = DIRECTION('',(-1.,-1.110223024625E-16,0.));
#8959 = DIRECTION('',(0.,0.,1.));
#8960 = ADVANCED_FACE('',(#8961),#8972,.F.);
#8961 = FACE_BOUND('',#8962,.F.);
#8962 = EDGE_LOOP('',(#8963,#8969,#8970,#8971));
#8963 = ORIENTED_EDGE('',*,*,#8964,.T.);
#8964 = EDGE_CURVE('',#7877,#7986,#8965,.T.);
#8965 = LINE('',#8966,#8967);
#8966 = CARTESIAN_POINT('',(1.270530792283,-0.7,0.));
#8967 = VECTOR('',#8968,1.);
#8968 = DIRECTION('',(1.110223024625E-16,-1.,0.));
#8969 = ORIENTED_EDGE('',*,*,#7994,.T.);
#8970 = ORIENTED_EDGE('',*,*,#8947,.F.);
#8971 = ORIENTED_EDGE('',*,*,#7885,.F.);
#8972 = PLANE('',#8973);
#8973 = AXIS2_PLACEMENT_3D('',#8974,#8975,#8976);
#8974 = CARTESIAN_POINT('',(1.270530792283,-0.7,0.));
#8975 = DIRECTION('',(0.,0.,1.));
#8976 = DIRECTION('',(1.,1.110223024625E-16,-0.));
#8977 = ADVANCED_FACE('',(#8978),#8989,.T.);
#8978 = FACE_BOUND('',#8979,.T.);
#8979 = EDGE_LOOP('',(#8980,#8981,#8982,#8983));
#8980 = ORIENTED_EDGE('',*,*,#7876,.T.);
#8981 = ORIENTED_EDGE('',*,*,#8964,.T.);
#8982 = ORIENTED_EDGE('',*,*,#7985,.F.);
#8983 = ORIENTED_EDGE('',*,*,#8984,.F.);
#8984 = EDGE_CURVE('',#7869,#7978,#8985,.T.);
#8985 = LINE('',#8986,#8987);
#8986 = CARTESIAN_POINT('',(1.02432885403,-0.7,0.206587955583));
#8987 = VECTOR('',#8988,1.);
#8988 = DIRECTION('',(1.110223024625E-16,-1.,0.));
#8989 = CYLINDRICAL_SURFACE('',#8990,0.25);
#8990 = AXIS2_PLACEMENT_3D('',#8991,#8992,#8993);
#8991 = CARTESIAN_POINT('',(1.270530792283,-0.7,0.25));
#8992 = DIRECTION('',(-1.110223024625E-16,1.,0.));
#8993 = DIRECTION('',(-0.984807753012,-1.093356242223E-16,
    -0.173648177667));
#8994 = ADVANCED_FACE('',(#8995),#9001,.F.);
#8995 = FACE_BOUND('',#8996,.F.);
#8996 = EDGE_LOOP('',(#8997,#8998,#8999,#9000));
#8997 = ORIENTED_EDGE('',*,*,#7959,.T.);
#8998 = ORIENTED_EDGE('',*,*,#7977,.T.);
#8999 = ORIENTED_EDGE('',*,*,#8984,.F.);
#9000 = ORIENTED_EDGE('',*,*,#7868,.F.);
#9001 = PLANE('',#9002);
#9002 = AXIS2_PLACEMENT_3D('',#9003,#9004,#9005);
#9003 = CARTESIAN_POINT('',(0.948480775301,-0.7,0.667364817767));
#9004 = DIRECTION('',(0.986721169868,1.095480561672E-16,0.162423314012)
  );
#9005 = DIRECTION('',(0.162423314012,1.803261029519E-17,-0.986721169868)
  );
#9006 = ADVANCED_FACE('',(#9007),#9010,.F.);
#9007 = FACE_BOUND('',#9008,.T.);
#9008 = EDGE_LOOP('',(#9009));
#9009 = ORIENTED_EDGE('',*,*,#8142,.F.);
#9010 = PLANE('',#9011);
#9011 = AXIS2_PLACEMENT_3D('',#9012,#9013,#9014);
#9012 = CARTESIAN_POINT('',(-0.333648457443,0.983648457443,1.55));
#9013 = DIRECTION('',(0.,0.,-1.));
#9014 = DIRECTION('',(1.110223024625E-16,-1.,0.));
#9015 = ( GEOMETRIC_REPRESENTATION_CONTEXT(3) 
GLOBAL_UNCERTAINTY_ASSIGNED_CONTEXT((#9019)) 
GLOBAL_UNIT_ASSIGNED_CONTEXT((#9016,#9017,#9018)) REPRESENTATION_CONTEXT
('Context #1','3D Context with UNIT and UNCERTAINTY') );
#9016 = ( LENGTH_UNIT() NAMED_UNIT(*) SI_UNIT(.MILLI.,.METRE.) );
#9017 = ( NAMED_UNIT(*) PLANE_ANGLE_UNIT() SI_UNIT($,.RADIAN.) );
#9018 = ( NAMED_UNIT(*) SI_UNIT($,.STERADIAN.) SOLID_ANGLE_UNIT() );
#9019 = UNCERTAINTY_MEASURE_WITH_UNIT(LENGTH_MEASURE(1.E-07),#9016,
  'distance_accuracy_value','confusion accuracy');
#9020 = SHAPE_DEFINITION_REPRESENTATION(#9021,#5478);
#9021 = PRODUCT_DEFINITION_SHAPE('','',#9022);
#9022 = PRODUCT_DEFINITION('design','',#9023,#9026);
#9023 = PRODUCT_DEFINITION_FORMATION('','',#9024);
#9024 = PRODUCT('SOT-23-6','SOT-23-6','',(#9025));
#9025 = PRODUCT_CONTEXT('',#2,'mechanical');
#9026 = PRODUCT_DEFINITION_CONTEXT('part definition',#2,'design');
#9027 = CONTEXT_DEPENDENT_SHAPE_REPRESENTATION(#9028,#9030);
#9028 = ( REPRESENTATION_RELATIONSHIP('','',#5478,#10) 
REPRESENTATION_RELATIONSHIP_WITH_TRANSFORMATION(#9029) 
SHAPE_REPRESENTATION_RELATIONSHIP() );
#9029 = ITEM_DEFINED_TRANSFORMATION('','',#11,#67);
#9030 = PRODUCT_DEFINITION_SHAPE('Placement','Placement of an item',
  #9031);
#9031 = NEXT_ASSEMBLY_USAGE_OCCURRENCE('14','','',#5,#9022,$);
#9032 = PRODUCT_RELATED_PRODUCT_CATEGORY('part',$,(#9024));
#9033 = CONTEXT_DEPENDENT_SHAPE_REPRESENTATION(#9034,#9036);
#9034 = ( REPRESENTATION_RELATIONSHIP('','',#137,#10) 
REPRESENTATION_RELATIONSHIP_WITH_TRANSFORMATION(#9035) 
SHAPE_REPRESENTATION_RELATIONSHIP() );
#9035 = ITEM_DEFINED_TRANSFORMATION('','',#11,#71);
#9036 = PRODUCT_DEFINITION_SHAPE('Placement','Placement of an item',
  #9037);
#9037 = NEXT_ASSEMBLY_USAGE_OCCURRENCE('15','','',#5,#999,$);
#9038 = CONTEXT_DEPENDENT_SHAPE_REPRESENTATION(#9039,#9041);
#9039 = ( REPRESENTATION_RELATIONSHIP('','',#4629,#10) 
REPRESENTATION_RELATIONSHIP_WITH_TRANSFORMATION(#9040) 
SHAPE_REPRESENTATION_RELATIONSHIP() );
#9040 = ITEM_DEFINED_TRANSFORMATION('','',#11,#75);
#9041 = PRODUCT_DEFINITION_SHAPE('Placement','Placement of an item',
  #9042);
#9042 = NEXT_ASSEMBLY_USAGE_OCCURRENCE('16','','',#5,#5427,$);
#9043 = CONTEXT_DEPENDENT_SHAPE_REPRESENTATION(#9044,#9046);
#9044 = ( REPRESENTATION_RELATIONSHIP('','',#137,#10) 
REPRESENTATION_RELATIONSHIP_WITH_TRANSFORMATION(#9045) 
SHAPE_REPRESENTATION_RELATIONSHIP() );
#9045 = ITEM_DEFINED_TRANSFORMATION('','',#11,#79);
#9046 = PRODUCT_DEFINITION_SHAPE('Placement','Placement of an item',
  #9047);
#9047 = NEXT_ASSEMBLY_USAGE_OCCURRENCE('17','','',#5,#999,$);
#9048 = CONTEXT_DEPENDENT_SHAPE_REPRESENTATION(#9049,#9051);
#9049 = ( REPRESENTATION_RELATIONSHIP('','',#137,#10) 
REPRESENTATION_RELATIONSHIP_WITH_TRANSFORMATION(#9050) 
SHAPE_REPRESENTATION_RELATIONSHIP() );
#9050 = ITEM_DEFINED_TRANSFORMATION('','',#11,#83);
#9051 = PRODUCT_DEFINITION_SHAPE('Placement','Placement of an item',
  #9052);
#9052 = NEXT_ASSEMBLY_USAGE_OCCURRENCE('18','','',#5,#999,$);
#9053 = CONTEXT_DEPENDENT_SHAPE_REPRESENTATION(#9054,#9056);
#9054 = ( REPRESENTATION_RELATIONSHIP('','',#137,#10) 
REPRESENTATION_RELATIONSHIP_WITH_TRANSFORMATION(#9055) 
SHAPE_REPRESENTATION_RELATIONSHIP() );
#9055 = ITEM_DEFINED_TRANSFORMATION('','',#11,#87);
#9056 = PRODUCT_DEFINITION_SHAPE('Placement','Placement of an item',
  #9057);
#9057 = NEXT_ASSEMBLY_USAGE_OCCURRENCE('19','','',#5,#999,$);
#9058 = CONTEXT_DEPENDENT_SHAPE_REPRESENTATION(#9059,#9061);
#9059 = ( REPRESENTATION_RELATIONSHIP('','',#137,#10) 
REPRESENTATION_RELATIONSHIP_WITH_TRANSFORMATION(#9060) 
SHAPE_REPRESENTATION_RELATIONSHIP() );
#9060 = ITEM_DEFINED_TRANSFORMATION('','',#11,#91);
#9061 = PRODUCT_DEFINITION_SHAPE('Placement','Placement of an item',
  #9062);
#9062 = NEXT_ASSEMBLY_USAGE_OCCURRENCE('20','','',#5,#999,$);
#9063 = CONTEXT_DEPENDENT_SHAPE_REPRESENTATION(#9064,#9066);
#9064 = ( REPRESENTATION_RELATIONSHIP('','',#137,#10) 
REPRESENTATION_RELATIONSHIP_WITH_TRANSFORMATION(#9065) 
SHAPE_REPRESENTATION_RELATIONSHIP() );
#9065 = ITEM_DEFINED_TRANSFORMATION('','',#11,#95);
#9066 = PRODUCT_DEFINITION_SHAPE('Placement','Placement of an item',
  #9067);
#9067 = NEXT_ASSEMBLY_USAGE_OCCURRENCE('21','','',#5,#999,$);
#9068 = CONTEXT_DEPENDENT_SHAPE_REPRESENTATION(#9069,#9071);
#9069 = ( REPRESENTATION_RELATIONSHIP('','',#137,#10) 
REPRESENTATION_RELATIONSHIP_WITH_TRANSFORMATION(#9070) 
SHAPE_REPRESENTATION_RELATIONSHIP() );
#9070 = ITEM_DEFINED_TRANSFORMATION('','',#11,#99);
#9071 = PRODUCT_DEFINITION_SHAPE('Placement','Placement of an item',
  #9072);
#9072 = NEXT_ASSEMBLY_USAGE_OCCURRENCE('22','','',#5,#999,$);
#9073 = CONTEXT_DEPENDENT_SHAPE_REPRESENTATION(#9074,#9076);
#9074 = ( REPRESENTATION_RELATIONSHIP('','',#3011,#10) 
REPRESENTATION_RELATIONSHIP_WITH_TRANSFORMATION(#9075) 
SHAPE_REPRESENTATION_RELATIONSHIP() );
#9075 = ITEM_DEFINED_TRANSFORMATION('','',#11,#103);
#9076 = PRODUCT_DEFINITION_SHAPE('Placement','Placement of an item',
  #9077);
#9077 = NEXT_ASSEMBLY_USAGE_OCCURRENCE('23','','',#5,#3809,$);
#9078 = ADVANCED_BREP_SHAPE_REPRESENTATION('',(#11,#9079),#9933);
#9079 = MANIFOLD_SOLID_BREP('',#9080);
#9080 = CLOSED_SHELL('',(#9081,#9157,#9188,#9213,#9237,#9262,#9286,#9311
    ,#9335,#9353,#9439,#9470,#9495,#9520,#9544,#9568,#9593,#9618,#9635,
    #9721,#9752,#9777,#9802,#9826,#9850,#9875,#9900,#9917));
#9081 = ADVANCED_FACE('',(#9082),#9152,.T.);
#9082 = FACE_BOUND('',#9083,.T.);
#9083 = EDGE_LOOP('',(#9084,#9094,#9103,#9111,#9120,#9128,#9137,#9145));
#9084 = ORIENTED_EDGE('',*,*,#9085,.T.);
#9085 = EDGE_CURVE('',#9086,#9088,#9090,.T.);
#9086 = VERTEX_POINT('',#9087);
#9087 = CARTESIAN_POINT('',(-1.240692780974,-1.1,0.64));
#9088 = VERTEX_POINT('',#9089);
#9089 = CARTESIAN_POINT('',(1.240692780974,-1.1,0.64));
#9090 = LINE('',#9091,#9092);
#9091 = CARTESIAN_POINT('',(-1.240692780974,-1.1,0.64));
#9092 = VECTOR('',#9093,1.);
#9093 = DIRECTION('',(1.,0.,0.));
#9094 = ORIENTED_EDGE('',*,*,#9095,.T.);
#9095 = EDGE_CURVE('',#9088,#9096,#9098,.T.);
#9096 = VERTEX_POINT('',#9097);
#9097 = CARTESIAN_POINT('',(1.45,-0.890692780974,0.64));
#9098 = CIRCLE('',#9099,0.209307219026);
#9099 = AXIS2_PLACEMENT_3D('',#9100,#9101,#9102);
#9100 = CARTESIAN_POINT('',(1.240692780974,-0.890692780974,0.64));
#9101 = DIRECTION('',(0.,0.,1.));
#9102 = DIRECTION('',(1.,0.,-0.));
#9103 = ORIENTED_EDGE('',*,*,#9104,.T.);
#9104 = EDGE_CURVE('',#9096,#9105,#9107,.T.);
#9105 = VERTEX_POINT('',#9106);
#9106 = CARTESIAN_POINT('',(1.45,0.890692780974,0.64));
#9107 = LINE('',#9108,#9109);
#9108 = CARTESIAN_POINT('',(1.45,-0.890692780974,0.64));
#9109 = VECTOR('',#9110,1.);
#9110 = DIRECTION('',(0.,1.,0.));
#9111 = ORIENTED_EDGE('',*,*,#9112,.T.);
#9112 = EDGE_CURVE('',#9105,#9113,#9115,.T.);
#9113 = VERTEX_POINT('',#9114);
#9114 = CARTESIAN_POINT('',(1.240692780974,1.1,0.64));
#9115 = CIRCLE('',#9116,0.209307219026);
#9116 = AXIS2_PLACEMENT_3D('',#9117,#9118,#9119);
#9117 = CARTESIAN_POINT('',(1.240692780974,0.890692780974,0.64));
#9118 = DIRECTION('',(0.,0.,1.));
#9119 = DIRECTION('',(1.,0.,-0.));
#9120 = ORIENTED_EDGE('',*,*,#9121,.T.);
#9121 = EDGE_CURVE('',#9113,#9122,#9124,.T.);
#9122 = VERTEX_POINT('',#9123);
#9123 = CARTESIAN_POINT('',(-1.240692780974,1.1,0.64));
#9124 = LINE('',#9125,#9126);
#9125 = CARTESIAN_POINT('',(1.240692780974,1.1,0.64));
#9126 = VECTOR('',#9127,1.);
#9127 = DIRECTION('',(-1.,0.,0.));
#9128 = ORIENTED_EDGE('',*,*,#9129,.T.);
#9129 = EDGE_CURVE('',#9122,#9130,#9132,.T.);
#9130 = VERTEX_POINT('',#9131);
#9131 = CARTESIAN_POINT('',(-1.45,0.890692780974,0.64));
#9132 = CIRCLE('',#9133,0.209307219026);
#9133 = AXIS2_PLACEMENT_3D('',#9134,#9135,#9136);
#9134 = CARTESIAN_POINT('',(-1.240692780974,0.890692780974,0.64));
#9135 = DIRECTION('',(0.,0.,1.));
#9136 = DIRECTION('',(1.,0.,-0.));
#9137 = ORIENTED_EDGE('',*,*,#9138,.T.);
#9138 = EDGE_CURVE('',#9130,#9139,#9141,.T.);
#9139 = VERTEX_POINT('',#9140);
#9140 = CARTESIAN_POINT('',(-1.45,-0.890692780974,0.64));
#9141 = LINE('',#9142,#9143);
#9142 = CARTESIAN_POINT('',(-1.45,0.890692780974,0.64));
#9143 = VECTOR('',#9144,1.);
#9144 = DIRECTION('',(0.,-1.,0.));
#9145 = ORIENTED_EDGE('',*,*,#9146,.T.);
#9146 = EDGE_CURVE('',#9139,#9086,#9147,.T.);
#9147 = CIRCLE('',#9148,0.209307219026);
#9148 = AXIS2_PLACEMENT_3D('',#9149,#9150,#9151);
#9149 = CARTESIAN_POINT('',(-1.240692780974,-0.890692780974,0.64));
#9150 = DIRECTION('',(0.,0.,1.));
#9151 = DIRECTION('',(1.,0.,-0.));
#9152 = PLANE('',#9153);
#9153 = AXIS2_PLACEMENT_3D('',#9154,#9155,#9156);
#9154 = CARTESIAN_POINT('',(-2.542317729478E-17,5.649594954397E-18,0.64)
  );
#9155 = DIRECTION('',(-5.763092094539E-33,2.400534346474E-32,1.));
#9156 = DIRECTION('',(0.,1.,-2.400534346474E-32));
#9157 = ADVANCED_FACE('',(#9158),#9183,.F.);
#9158 = FACE_BOUND('',#9159,.F.);
#9159 = EDGE_LOOP('',(#9160,#9168,#9169,#9177));
#9160 = ORIENTED_EDGE('',*,*,#9161,.T.);
#9161 = EDGE_CURVE('',#9162,#9086,#9164,.T.);
#9162 = VERTEX_POINT('',#9163);
#9163 = CARTESIAN_POINT('',(-1.240692780974,-1.1,0.54));
#9164 = LINE('',#9165,#9166);
#9165 = CARTESIAN_POINT('',(-1.240692780974,-1.1,0.54));
#9166 = VECTOR('',#9167,1.);
#9167 = DIRECTION('',(0.,0.,1.));
#9168 = ORIENTED_EDGE('',*,*,#9085,.T.);
#9169 = ORIENTED_EDGE('',*,*,#9170,.F.);
#9170 = EDGE_CURVE('',#9171,#9088,#9173,.T.);
#9171 = VERTEX_POINT('',#9172);
#9172 = CARTESIAN_POINT('',(1.240692780974,-1.1,0.54));
#9173 = LINE('',#9174,#9175);
#9174 = CARTESIAN_POINT('',(1.240692780974,-1.1,0.54));
#9175 = VECTOR('',#9176,1.);
#9176 = DIRECTION('',(0.,0.,1.));
#9177 = ORIENTED_EDGE('',*,*,#9178,.F.);
#9178 = EDGE_CURVE('',#9162,#9171,#9179,.T.);
#9179 = LINE('',#9180,#9181);
#9180 = CARTESIAN_POINT('',(-1.240692780974,-1.1,0.54));
#9181 = VECTOR('',#9182,1.);
#9182 = DIRECTION('',(1.,0.,0.));
#9183 = PLANE('',#9184);
#9184 = AXIS2_PLACEMENT_3D('',#9185,#9186,#9187);
#9185 = CARTESIAN_POINT('',(-1.240692780974,-1.1,0.54));
#9186 = DIRECTION('',(0.,1.,0.));
#9187 = DIRECTION('',(1.,0.,0.));
#9188 = ADVANCED_FACE('',(#9189),#9208,.T.);
#9189 = FACE_BOUND('',#9190,.T.);
#9190 = EDGE_LOOP('',(#9191,#9200,#9206,#9207));
#9191 = ORIENTED_EDGE('',*,*,#9192,.T.);
#9192 = EDGE_CURVE('',#9171,#9193,#9195,.T.);
#9193 = VERTEX_POINT('',#9194);
#9194 = CARTESIAN_POINT('',(1.45,-0.890692780974,0.54));
#9195 = CIRCLE('',#9196,0.209307219026);
#9196 = AXIS2_PLACEMENT_3D('',#9197,#9198,#9199);
#9197 = CARTESIAN_POINT('',(1.240692780974,-0.890692780974,0.54));
#9198 = DIRECTION('',(0.,0.,1.));
#9199 = DIRECTION('',(1.,0.,-0.));
#9200 = ORIENTED_EDGE('',*,*,#9201,.T.);
#9201 = EDGE_CURVE('',#9193,#9096,#9202,.T.);
#9202 = LINE('',#9203,#9204);
#9203 = CARTESIAN_POINT('',(1.45,-0.890692780974,0.54));
#9204 = VECTOR('',#9205,1.);
#9205 = DIRECTION('',(0.,0.,1.));
#9206 = ORIENTED_EDGE('',*,*,#9095,.F.);
#9207 = ORIENTED_EDGE('',*,*,#9170,.F.);
#9208 = CYLINDRICAL_SURFACE('',#9209,0.209307219026);
#9209 = AXIS2_PLACEMENT_3D('',#9210,#9211,#9212);
#9210 = CARTESIAN_POINT('',(1.240692780974,-0.890692780974,0.54));
#9211 = DIRECTION('',(-0.,-0.,-1.));
#9212 = DIRECTION('',(1.,0.,0.));
#9213 = ADVANCED_FACE('',(#9214),#9232,.F.);
#9214 = FACE_BOUND('',#9215,.F.);
#9215 = EDGE_LOOP('',(#9216,#9217,#9218,#9226));
#9216 = ORIENTED_EDGE('',*,*,#9201,.T.);
#9217 = ORIENTED_EDGE('',*,*,#9104,.T.);
#9218 = ORIENTED_EDGE('',*,*,#9219,.F.);
#9219 = EDGE_CURVE('',#9220,#9105,#9222,.T.);
#9220 = VERTEX_POINT('',#9221);
#9221 = CARTESIAN_POINT('',(1.45,0.890692780974,0.54));
#9222 = LINE('',#9223,#9224);
#9223 = CARTESIAN_POINT('',(1.45,0.890692780974,0.54));
#9224 = VECTOR('',#9225,1.);
#9225 = DIRECTION('',(0.,0.,1.));
#9226 = ORIENTED_EDGE('',*,*,#9227,.F.);
#9227 = EDGE_CURVE('',#9193,#9220,#9228,.T.);
#9228 = LINE('',#9229,#9230);
#9229 = CARTESIAN_POINT('',(1.45,-0.890692780974,0.54));
#9230 = VECTOR('',#9231,1.);
#9231 = DIRECTION('',(0.,1.,0.));
#9232 = PLANE('',#9233);
#9233 = AXIS2_PLACEMENT_3D('',#9234,#9235,#9236);
#9234 = CARTESIAN_POINT('',(1.45,-0.890692780974,0.54));
#9235 = DIRECTION('',(-1.,0.,0.));
#9236 = DIRECTION('',(0.,1.,0.));
#9237 = ADVANCED_FACE('',(#9238),#9257,.T.);
#9238 = FACE_BOUND('',#9239,.T.);
#9239 = EDGE_LOOP('',(#9240,#9249,#9255,#9256));
#9240 = ORIENTED_EDGE('',*,*,#9241,.T.);
#9241 = EDGE_CURVE('',#9220,#9242,#9244,.T.);
#9242 = VERTEX_POINT('',#9243);
#9243 = CARTESIAN_POINT('',(1.240692780974,1.1,0.54));
#9244 = CIRCLE('',#9245,0.209307219026);
#9245 = AXIS2_PLACEMENT_3D('',#9246,#9247,#9248);
#9246 = CARTESIAN_POINT('',(1.240692780974,0.890692780974,0.54));
#9247 = DIRECTION('',(0.,0.,1.));
#9248 = DIRECTION('',(1.,0.,-0.));
#9249 = ORIENTED_EDGE('',*,*,#9250,.T.);
#9250 = EDGE_CURVE('',#9242,#9113,#9251,.T.);
#9251 = LINE('',#9252,#9253);
#9252 = CARTESIAN_POINT('',(1.240692780974,1.1,0.54));
#9253 = VECTOR('',#9254,1.);
#9254 = DIRECTION('',(0.,0.,1.));
#9255 = ORIENTED_EDGE('',*,*,#9112,.F.);
#9256 = ORIENTED_EDGE('',*,*,#9219,.F.);
#9257 = CYLINDRICAL_SURFACE('',#9258,0.209307219026);
#9258 = AXIS2_PLACEMENT_3D('',#9259,#9260,#9261);
#9259 = CARTESIAN_POINT('',(1.240692780974,0.890692780974,0.54));
#9260 = DIRECTION('',(-0.,-0.,-1.));
#9261 = DIRECTION('',(1.,0.,0.));
#9262 = ADVANCED_FACE('',(#9263),#9281,.F.);
#9263 = FACE_BOUND('',#9264,.F.);
#9264 = EDGE_LOOP('',(#9265,#9266,#9267,#9275));
#9265 = ORIENTED_EDGE('',*,*,#9250,.T.);
#9266 = ORIENTED_EDGE('',*,*,#9121,.T.);
#9267 = ORIENTED_EDGE('',*,*,#9268,.F.);
#9268 = EDGE_CURVE('',#9269,#9122,#9271,.T.);
#9269 = VERTEX_POINT('',#9270);
#9270 = CARTESIAN_POINT('',(-1.240692780974,1.1,0.54));
#9271 = LINE('',#9272,#9273);
#9272 = CARTESIAN_POINT('',(-1.240692780974,1.1,0.54));
#9273 = VECTOR('',#9274,1.);
#9274 = DIRECTION('',(0.,0.,1.));
#9275 = ORIENTED_EDGE('',*,*,#9276,.F.);
#9276 = EDGE_CURVE('',#9242,#9269,#9277,.T.);
#9277 = LINE('',#9278,#9279);
#9278 = CARTESIAN_POINT('',(1.240692780974,1.1,0.54));
#9279 = VECTOR('',#9280,1.);
#9280 = DIRECTION('',(-1.,0.,0.));
#9281 = PLANE('',#9282);
#9282 = AXIS2_PLACEMENT_3D('',#9283,#9284,#9285);
#9283 = CARTESIAN_POINT('',(1.240692780974,1.1,0.54));
#9284 = DIRECTION('',(0.,-1.,0.));
#9285 = DIRECTION('',(-1.,0.,0.));
#9286 = ADVANCED_FACE('',(#9287),#9306,.T.);
#9287 = FACE_BOUND('',#9288,.T.);
#9288 = EDGE_LOOP('',(#9289,#9298,#9304,#9305));
#9289 = ORIENTED_EDGE('',*,*,#9290,.T.);
#9290 = EDGE_CURVE('',#9269,#9291,#9293,.T.);
#9291 = VERTEX_POINT('',#9292);
#9292 = CARTESIAN_POINT('',(-1.45,0.890692780974,0.54));
#9293 = CIRCLE('',#9294,0.209307219026);
#9294 = AXIS2_PLACEMENT_3D('',#9295,#9296,#9297);
#9295 = CARTESIAN_POINT('',(-1.240692780974,0.890692780974,0.54));
#9296 = DIRECTION('',(0.,0.,1.));
#9297 = DIRECTION('',(1.,0.,-0.));
#9298 = ORIENTED_EDGE('',*,*,#9299,.T.);
#9299 = EDGE_CURVE('',#9291,#9130,#9300,.T.);
#9300 = LINE('',#9301,#9302);
#9301 = CARTESIAN_POINT('',(-1.45,0.890692780974,0.54));
#9302 = VECTOR('',#9303,1.);
#9303 = DIRECTION('',(0.,0.,1.));
#9304 = ORIENTED_EDGE('',*,*,#9129,.F.);
#9305 = ORIENTED_EDGE('',*,*,#9268,.F.);
#9306 = CYLINDRICAL_SURFACE('',#9307,0.209307219026);
#9307 = AXIS2_PLACEMENT_3D('',#9308,#9309,#9310);
#9308 = CARTESIAN_POINT('',(-1.240692780974,0.890692780974,0.54));
#9309 = DIRECTION('',(-0.,-0.,-1.));
#9310 = DIRECTION('',(1.,0.,0.));
#9311 = ADVANCED_FACE('',(#9312),#9330,.F.);
#9312 = FACE_BOUND('',#9313,.F.);
#9313 = EDGE_LOOP('',(#9314,#9315,#9316,#9324));
#9314 = ORIENTED_EDGE('',*,*,#9299,.T.);
#9315 = ORIENTED_EDGE('',*,*,#9138,.T.);
#9316 = ORIENTED_EDGE('',*,*,#9317,.F.);
#9317 = EDGE_CURVE('',#9318,#9139,#9320,.T.);
#9318 = VERTEX_POINT('',#9319);
#9319 = CARTESIAN_POINT('',(-1.45,-0.890692780974,0.54));
#9320 = LINE('',#9321,#9322);
#9321 = CARTESIAN_POINT('',(-1.45,-0.890692780974,0.54));
#9322 = VECTOR('',#9323,1.);
#9323 = DIRECTION('',(0.,0.,1.));
#9324 = ORIENTED_EDGE('',*,*,#9325,.F.);
#9325 = EDGE_CURVE('',#9291,#9318,#9326,.T.);
#9326 = LINE('',#9327,#9328);
#9327 = CARTESIAN_POINT('',(-1.45,0.890692780974,0.54));
#9328 = VECTOR('',#9329,1.);
#9329 = DIRECTION('',(0.,-1.,0.));
#9330 = PLANE('',#9331);
#9331 = AXIS2_PLACEMENT_3D('',#9332,#9333,#9334);
#9332 = CARTESIAN_POINT('',(-1.45,0.890692780974,0.54));
#9333 = DIRECTION('',(1.,0.,0.));
#9334 = DIRECTION('',(0.,-1.,0.));
#9335 = ADVANCED_FACE('',(#9336),#9348,.T.);
#9336 = FACE_BOUND('',#9337,.T.);
#9337 = EDGE_LOOP('',(#9338,#9345,#9346,#9347));
#9338 = ORIENTED_EDGE('',*,*,#9339,.T.);
#9339 = EDGE_CURVE('',#9318,#9162,#9340,.T.);
#9340 = CIRCLE('',#9341,0.209307219026);
#9341 = AXIS2_PLACEMENT_3D('',#9342,#9343,#9344);
#9342 = CARTESIAN_POINT('',(-1.240692780974,-0.890692780974,0.54));
#9343 = DIRECTION('',(0.,0.,1.));
#9344 = DIRECTION('',(1.,0.,-0.));
#9345 = ORIENTED_EDGE('',*,*,#9161,.T.);
#9346 = ORIENTED_EDGE('',*,*,#9146,.F.);
#9347 = ORIENTED_EDGE('',*,*,#9317,.F.);
#9348 = CYLINDRICAL_SURFACE('',#9349,0.209307219026);
#9349 = AXIS2_PLACEMENT_3D('',#9350,#9351,#9352);
#9350 = CARTESIAN_POINT('',(-1.240692780974,-0.890692780974,0.54));
#9351 = DIRECTION('',(-0.,-0.,-1.));
#9352 = DIRECTION('',(1.,0.,0.));
#9353 = ADVANCED_FACE('',(#9354,#9424),#9434,.T.);
#9354 = FACE_BOUND('',#9355,.T.);
#9355 = EDGE_LOOP('',(#9356,#9366,#9375,#9383,#9392,#9400,#9409,#9417));
#9356 = ORIENTED_EDGE('',*,*,#9357,.T.);
#9357 = EDGE_CURVE('',#9358,#9360,#9362,.T.);
#9358 = VERTEX_POINT('',#9359);
#9359 = CARTESIAN_POINT('',(-1.328205850256,-1.2,0.54));
#9360 = VERTEX_POINT('',#9361);
#9361 = CARTESIAN_POINT('',(1.328205850256,-1.2,0.54));
#9362 = LINE('',#9363,#9364);
#9363 = CARTESIAN_POINT('',(-1.328205850256,-1.2,0.54));
#9364 = VECTOR('',#9365,1.);
#9365 = DIRECTION('',(1.,0.,0.));
#9366 = ORIENTED_EDGE('',*,*,#9367,.T.);
#9367 = EDGE_CURVE('',#9360,#9368,#9370,.T.);
#9368 = VERTEX_POINT('',#9369);
#9369 = CARTESIAN_POINT('',(1.55,-0.978205850256,0.54));
#9370 = CIRCLE('',#9371,0.221794149744);
#9371 = AXIS2_PLACEMENT_3D('',#9372,#9373,#9374);
#9372 = CARTESIAN_POINT('',(1.328205850256,-0.978205850256,0.54));
#9373 = DIRECTION('',(0.,0.,1.));
#9374 = DIRECTION('',(1.,0.,-0.));
#9375 = ORIENTED_EDGE('',*,*,#9376,.T.);
#9376 = EDGE_CURVE('',#9368,#9377,#9379,.T.);
#9377 = VERTEX_POINT('',#9378);
#9378 = CARTESIAN_POINT('',(1.55,0.978205850256,0.54));
#9379 = LINE('',#9380,#9381);
#9380 = CARTESIAN_POINT('',(1.55,-0.978205850256,0.54));
#9381 = VECTOR('',#9382,1.);
#9382 = DIRECTION('',(0.,1.,0.));
#9383 = ORIENTED_EDGE('',*,*,#9384,.T.);
#9384 = EDGE_CURVE('',#9377,#9385,#9387,.T.);
#9385 = VERTEX_POINT('',#9386);
#9386 = CARTESIAN_POINT('',(1.328205850256,1.2,0.54));
#9387 = CIRCLE('',#9388,0.221794149744);
#9388 = AXIS2_PLACEMENT_3D('',#9389,#9390,#9391);
#9389 = CARTESIAN_POINT('',(1.328205850256,0.978205850256,0.54));
#9390 = DIRECTION('',(0.,0.,1.));
#9391 = DIRECTION('',(1.,0.,-0.));
#9392 = ORIENTED_EDGE('',*,*,#9393,.T.);
#9393 = EDGE_CURVE('',#9385,#9394,#9396,.T.);
#9394 = VERTEX_POINT('',#9395);
#9395 = CARTESIAN_POINT('',(-1.328205850256,1.2,0.54));
#9396 = LINE('',#9397,#9398);
#9397 = CARTESIAN_POINT('',(1.328205850256,1.2,0.54));
#9398 = VECTOR('',#9399,1.);
#9399 = DIRECTION('',(-1.,0.,0.));
#9400 = ORIENTED_EDGE('',*,*,#9401,.T.);
#9401 = EDGE_CURVE('',#9394,#9402,#9404,.T.);
#9402 = VERTEX_POINT('',#9403);
#9403 = CARTESIAN_POINT('',(-1.55,0.978205850256,0.54));
#9404 = CIRCLE('',#9405,0.221794149744);
#9405 = AXIS2_PLACEMENT_3D('',#9406,#9407,#9408);
#9406 = CARTESIAN_POINT('',(-1.328205850256,0.978205850256,0.54));
#9407 = DIRECTION('',(0.,0.,1.));
#9408 = DIRECTION('',(1.,0.,-0.));
#9409 = ORIENTED_EDGE('',*,*,#9410,.T.);
#9410 = EDGE_CURVE('',#9402,#9411,#9413,.T.);
#9411 = VERTEX_POINT('',#9412);
#9412 = CARTESIAN_POINT('',(-1.55,-0.978205850256,0.54));
#9413 = LINE('',#9414,#9415);
#9414 = CARTESIAN_POINT('',(-1.55,0.978205850256,0.54));
#9415 = VECTOR('',#9416,1.);
#9416 = DIRECTION('',(0.,-1.,0.));
#9417 = ORIENTED_EDGE('',*,*,#9418,.T.);
#9418 = EDGE_CURVE('',#9411,#9358,#9419,.T.);
#9419 = CIRCLE('',#9420,0.221794149744);
#9420 = AXIS2_PLACEMENT_3D('',#9421,#9422,#9423);
#9421 = CARTESIAN_POINT('',(-1.328205850256,-0.978205850256,0.54));
#9422 = DIRECTION('',(0.,0.,1.));
#9423 = DIRECTION('',(1.,0.,-0.));
#9424 = FACE_BOUND('',#9425,.T.);
#9425 = EDGE_LOOP('',(#9426,#9427,#9428,#9429,#9430,#9431,#9432,#9433));
#9426 = ORIENTED_EDGE('',*,*,#9178,.F.);
#9427 = ORIENTED_EDGE('',*,*,#9339,.F.);
#9428 = ORIENTED_EDGE('',*,*,#9325,.F.);
#9429 = ORIENTED_EDGE('',*,*,#9290,.F.);
#9430 = ORIENTED_EDGE('',*,*,#9276,.F.);
#9431 = ORIENTED_EDGE('',*,*,#9241,.F.);
#9432 = ORIENTED_EDGE('',*,*,#9227,.F.);
#9433 = ORIENTED_EDGE('',*,*,#9192,.F.);
#9434 = PLANE('',#9435);
#9435 = AXIS2_PLACEMENT_3D('',#9436,#9437,#9438);
#9436 = CARTESIAN_POINT('',(4.842600293119E-17,-6.544054450161E-18,0.54)
  );
#9437 = DIRECTION('',(0.,0.,1.));
#9438 = DIRECTION('',(1.,0.,-0.));
#9439 = ADVANCED_FACE('',(#9440),#9465,.F.);
#9440 = FACE_BOUND('',#9441,.F.);
#9441 = EDGE_LOOP('',(#9442,#9452,#9458,#9459));
#9442 = ORIENTED_EDGE('',*,*,#9443,.T.);
#9443 = EDGE_CURVE('',#9444,#9446,#9448,.T.);
#9444 = VERTEX_POINT('',#9445);
#9445 = CARTESIAN_POINT('',(1.328205850256,-1.2,0.4));
#9446 = VERTEX_POINT('',#9447);
#9447 = CARTESIAN_POINT('',(-1.328205850256,-1.2,0.4));
#9448 = LINE('',#9449,#9450);
#9449 = CARTESIAN_POINT('',(-0.663662816971,-1.2,0.4));
#9450 = VECTOR('',#9451,1.);
#9451 = DIRECTION('',(-1.,0.,0.));
#9452 = ORIENTED_EDGE('',*,*,#9453,.T.);
#9453 = EDGE_CURVE('',#9446,#9358,#9454,.T.);
#9454 = LINE('',#9455,#9456);
#9455 = CARTESIAN_POINT('',(-1.328205850256,-1.2,0.39));
#9456 = VECTOR('',#9457,1.);
#9457 = DIRECTION('',(0.,0.,1.));
#9458 = ORIENTED_EDGE('',*,*,#9357,.T.);
#9459 = ORIENTED_EDGE('',*,*,#9460,.F.);
#9460 = EDGE_CURVE('',#9444,#9360,#9461,.T.);
#9461 = LINE('',#9462,#9463);
#9462 = CARTESIAN_POINT('',(1.328205850256,-1.2,0.39));
#9463 = VECTOR('',#9464,1.);
#9464 = DIRECTION('',(0.,0.,1.));
#9465 = PLANE('',#9466);
#9466 = AXIS2_PLACEMENT_3D('',#9467,#9468,#9469);
#9467 = CARTESIAN_POINT('',(-1.328205850256,-1.2,0.39));
#9468 = DIRECTION('',(0.,1.,0.));
#9469 = DIRECTION('',(1.,0.,0.));
#9470 = ADVANCED_FACE('',(#9471),#9490,.T.);
#9471 = FACE_BOUND('',#9472,.T.);
#9472 = EDGE_LOOP('',(#9473,#9474,#9475,#9483));
#9473 = ORIENTED_EDGE('',*,*,#9453,.T.);
#9474 = ORIENTED_EDGE('',*,*,#9418,.F.);
#9475 = ORIENTED_EDGE('',*,*,#9476,.F.);
#9476 = EDGE_CURVE('',#9477,#9411,#9479,.T.);
#9477 = VERTEX_POINT('',#9478);
#9478 = CARTESIAN_POINT('',(-1.55,-0.978205850256,0.4));
#9479 = LINE('',#9480,#9481);
#9480 = CARTESIAN_POINT('',(-1.55,-0.978205850256,0.39));
#9481 = VECTOR('',#9482,1.);
#9482 = DIRECTION('',(0.,0.,1.));
#9483 = ORIENTED_EDGE('',*,*,#9484,.F.);
#9484 = EDGE_CURVE('',#9446,#9477,#9485,.T.);
#9485 = CIRCLE('',#9486,0.221794149744);
#9486 = AXIS2_PLACEMENT_3D('',#9487,#9488,#9489);
#9487 = CARTESIAN_POINT('',(-1.328205850256,-0.978205850256,0.4));
#9488 = DIRECTION('',(0.,0.,-1.));
#9489 = DIRECTION('',(1.,0.,0.));
#9490 = CYLINDRICAL_SURFACE('',#9491,0.221794149744);
#9491 = AXIS2_PLACEMENT_3D('',#9492,#9493,#9494);
#9492 = CARTESIAN_POINT('',(-1.328205850256,-0.978205850256,0.39));
#9493 = DIRECTION('',(-0.,-0.,-1.));
#9494 = DIRECTION('',(1.,0.,0.));
#9495 = ADVANCED_FACE('',(#9496),#9515,.T.);
#9496 = FACE_BOUND('',#9497,.T.);
#9497 = EDGE_LOOP('',(#9498,#9506,#9507,#9508));
#9498 = ORIENTED_EDGE('',*,*,#9499,.T.);
#9499 = EDGE_CURVE('',#9500,#9368,#9502,.T.);
#9500 = VERTEX_POINT('',#9501);
#9501 = CARTESIAN_POINT('',(1.55,-0.978205850256,0.4));
#9502 = LINE('',#9503,#9504);
#9503 = CARTESIAN_POINT('',(1.55,-0.978205850256,0.39));
#9504 = VECTOR('',#9505,1.);
#9505 = DIRECTION('',(0.,0.,1.));
#9506 = ORIENTED_EDGE('',*,*,#9367,.F.);
#9507 = ORIENTED_EDGE('',*,*,#9460,.F.);
#9508 = ORIENTED_EDGE('',*,*,#9509,.F.);
#9509 = EDGE_CURVE('',#9500,#9444,#9510,.T.);
#9510 = CIRCLE('',#9511,0.221794149744);
#9511 = AXIS2_PLACEMENT_3D('',#9512,#9513,#9514);
#9512 = CARTESIAN_POINT('',(1.328205850256,-0.978205850256,0.4));
#9513 = DIRECTION('',(0.,0.,-1.));
#9514 = DIRECTION('',(1.,0.,0.));
#9515 = CYLINDRICAL_SURFACE('',#9516,0.221794149744);
#9516 = AXIS2_PLACEMENT_3D('',#9517,#9518,#9519);
#9517 = CARTESIAN_POINT('',(1.328205850256,-0.978205850256,0.39));
#9518 = DIRECTION('',(-0.,-0.,-1.));
#9519 = DIRECTION('',(1.,0.,0.));
#9520 = ADVANCED_FACE('',(#9521),#9539,.F.);
#9521 = FACE_BOUND('',#9522,.F.);
#9522 = EDGE_LOOP('',(#9523,#9531,#9537,#9538));
#9523 = ORIENTED_EDGE('',*,*,#9524,.T.);
#9524 = EDGE_CURVE('',#9477,#9525,#9527,.T.);
#9525 = VERTEX_POINT('',#9526);
#9526 = CARTESIAN_POINT('',(-1.55,0.978205850256,0.4));
#9527 = LINE('',#9528,#9529);
#9528 = CARTESIAN_POINT('',(-1.55,0.488660386396,0.4));
#9529 = VECTOR('',#9530,1.);
#9530 = DIRECTION('',(0.,1.,0.));
#9531 = ORIENTED_EDGE('',*,*,#9532,.T.);
#9532 = EDGE_CURVE('',#9525,#9402,#9533,.T.);
#9533 = LINE('',#9534,#9535);
#9534 = CARTESIAN_POINT('',(-1.55,0.978205850256,0.39));
#9535 = VECTOR('',#9536,1.);
#9536 = DIRECTION('',(0.,0.,1.));
#9537 = ORIENTED_EDGE('',*,*,#9410,.T.);
#9538 = ORIENTED_EDGE('',*,*,#9476,.F.);
#9539 = PLANE('',#9540);
#9540 = AXIS2_PLACEMENT_3D('',#9541,#9542,#9543);
#9541 = CARTESIAN_POINT('',(-1.55,0.978205850256,0.39));
#9542 = DIRECTION('',(1.,0.,0.));
#9543 = DIRECTION('',(0.,-1.,0.));
#9544 = ADVANCED_FACE('',(#9545),#9563,.F.);
#9545 = FACE_BOUND('',#9546,.F.);
#9546 = EDGE_LOOP('',(#9547,#9555,#9556,#9557));
#9547 = ORIENTED_EDGE('',*,*,#9548,.T.);
#9548 = EDGE_CURVE('',#9549,#9500,#9551,.T.);
#9549 = VERTEX_POINT('',#9550);
#9550 = CARTESIAN_POINT('',(1.55,0.978205850256,0.4));
#9551 = LINE('',#9552,#9553);
#9552 = CARTESIAN_POINT('',(1.55,-0.48954546386,0.4));
#9553 = VECTOR('',#9554,1.);
#9554 = DIRECTION('',(0.,-1.,0.));
#9555 = ORIENTED_EDGE('',*,*,#9499,.T.);
#9556 = ORIENTED_EDGE('',*,*,#9376,.T.);
#9557 = ORIENTED_EDGE('',*,*,#9558,.F.);
#9558 = EDGE_CURVE('',#9549,#9377,#9559,.T.);
#9559 = LINE('',#9560,#9561);
#9560 = CARTESIAN_POINT('',(1.55,0.978205850256,0.39));
#9561 = VECTOR('',#9562,1.);
#9562 = DIRECTION('',(0.,0.,1.));
#9563 = PLANE('',#9564);
#9564 = AXIS2_PLACEMENT_3D('',#9565,#9566,#9567);
#9565 = CARTESIAN_POINT('',(1.55,-0.978205850256,0.39));
#9566 = DIRECTION('',(-1.,0.,0.));
#9567 = DIRECTION('',(0.,1.,0.));
#9568 = ADVANCED_FACE('',(#9569),#9588,.T.);
#9569 = FACE_BOUND('',#9570,.T.);
#9570 = EDGE_LOOP('',(#9571,#9572,#9573,#9581));
#9571 = ORIENTED_EDGE('',*,*,#9532,.T.);
#9572 = ORIENTED_EDGE('',*,*,#9401,.F.);
#9573 = ORIENTED_EDGE('',*,*,#9574,.F.);
#9574 = EDGE_CURVE('',#9575,#9394,#9577,.T.);
#9575 = VERTEX_POINT('',#9576);
#9576 = CARTESIAN_POINT('',(-1.328205850256,1.2,0.4));
#9577 = LINE('',#9578,#9579);
#9578 = CARTESIAN_POINT('',(-1.328205850256,1.2,0.39));
#9579 = VECTOR('',#9580,1.);
#9580 = DIRECTION('',(0.,0.,1.));
#9581 = ORIENTED_EDGE('',*,*,#9582,.F.);
#9582 = EDGE_CURVE('',#9525,#9575,#9583,.T.);
#9583 = CIRCLE('',#9584,0.221794149744);
#9584 = AXIS2_PLACEMENT_3D('',#9585,#9586,#9587);
#9585 = CARTESIAN_POINT('',(-1.328205850256,0.978205850256,0.4));
#9586 = DIRECTION('',(0.,0.,-1.));
#9587 = DIRECTION('',(1.,0.,0.));
#9588 = CYLINDRICAL_SURFACE('',#9589,0.221794149744);
#9589 = AXIS2_PLACEMENT_3D('',#9590,#9591,#9592);
#9590 = CARTESIAN_POINT('',(-1.328205850256,0.978205850256,0.39));
#9591 = DIRECTION('',(-0.,-0.,-1.));
#9592 = DIRECTION('',(1.,0.,0.));
#9593 = ADVANCED_FACE('',(#9594),#9613,.T.);
#9594 = FACE_BOUND('',#9595,.T.);
#9595 = EDGE_LOOP('',(#9596,#9604,#9605,#9606));
#9596 = ORIENTED_EDGE('',*,*,#9597,.T.);
#9597 = EDGE_CURVE('',#9598,#9385,#9600,.T.);
#9598 = VERTEX_POINT('',#9599);
#9599 = CARTESIAN_POINT('',(1.328205850256,1.2,0.4));
#9600 = LINE('',#9601,#9602);
#9601 = CARTESIAN_POINT('',(1.328205850256,1.2,0.39));
#9602 = VECTOR('',#9603,1.);
#9603 = DIRECTION('',(0.,0.,1.));
#9604 = ORIENTED_EDGE('',*,*,#9384,.F.);
#9605 = ORIENTED_EDGE('',*,*,#9558,.F.);
#9606 = ORIENTED_EDGE('',*,*,#9607,.F.);
#9607 = EDGE_CURVE('',#9598,#9549,#9608,.T.);
#9608 = CIRCLE('',#9609,0.221794149744);
#9609 = AXIS2_PLACEMENT_3D('',#9610,#9611,#9612);
#9610 = CARTESIAN_POINT('',(1.328205850256,0.978205850256,0.4));
#9611 = DIRECTION('',(0.,0.,-1.));
#9612 = DIRECTION('',(1.,0.,0.));
#9613 = CYLINDRICAL_SURFACE('',#9614,0.221794149744);
#9614 = AXIS2_PLACEMENT_3D('',#9615,#9616,#9617);
#9615 = CARTESIAN_POINT('',(1.328205850256,0.978205850256,0.39));
#9616 = DIRECTION('',(-0.,-0.,-1.));
#9617 = DIRECTION('',(1.,0.,0.));
#9618 = ADVANCED_FACE('',(#9619),#9630,.F.);
#9619 = FACE_BOUND('',#9620,.F.);
#9620 = EDGE_LOOP('',(#9621,#9627,#9628,#9629));
#9621 = ORIENTED_EDGE('',*,*,#9622,.T.);
#9622 = EDGE_CURVE('',#9575,#9598,#9623,.T.);
#9623 = LINE('',#9624,#9625);
#9624 = CARTESIAN_POINT('',(0.664543033285,1.2,0.4));
#9625 = VECTOR('',#9626,1.);
#9626 = DIRECTION('',(1.,0.,0.));
#9627 = ORIENTED_EDGE('',*,*,#9597,.T.);
#9628 = ORIENTED_EDGE('',*,*,#9393,.T.);
#9629 = ORIENTED_EDGE('',*,*,#9574,.F.);
#9630 = PLANE('',#9631);
#9631 = AXIS2_PLACEMENT_3D('',#9632,#9633,#9634);
#9632 = CARTESIAN_POINT('',(1.328205850256,1.2,0.39));
#9633 = DIRECTION('',(0.,-1.,0.));
#9634 = DIRECTION('',(-1.,0.,0.));
#9635 = ADVANCED_FACE('',(#9636,#9706),#9716,.T.);
#9636 = FACE_BOUND('',#9637,.T.);
#9637 = EDGE_LOOP('',(#9638,#9648,#9657,#9665,#9674,#9682,#9691,#9699));
#9638 = ORIENTED_EDGE('',*,*,#9639,.F.);
#9639 = EDGE_CURVE('',#9640,#9642,#9644,.T.);
#9640 = VERTEX_POINT('',#9641);
#9641 = CARTESIAN_POINT('',(-1.499580396422,1.249506131818,0.4));
#9642 = VERTEX_POINT('',#9643);
#9643 = CARTESIAN_POINT('',(1.500419603578,1.249506131818,0.4));
#9644 = LINE('',#9645,#9646);
#9645 = CARTESIAN_POINT('',(-1.499580396422,1.249506131818,0.4));
#9646 = VECTOR('',#9647,1.);
#9647 = DIRECTION('',(1.,0.,0.));
#9648 = ORIENTED_EDGE('',*,*,#9649,.F.);
#9649 = EDGE_CURVE('',#9650,#9640,#9652,.T.);
#9650 = VERTEX_POINT('',#9651);
#9651 = CARTESIAN_POINT('',(-1.599300724757,1.149785803483,0.4));
#9652 = CIRCLE('',#9653,0.10000039108);
#9653 = AXIS2_PLACEMENT_3D('',#9654,#9655,#9656);
#9654 = CARTESIAN_POINT('',(-1.599580396422,1.249785803483,0.4));
#9655 = DIRECTION('',(0.,0.,1.));
#9656 = DIRECTION('',(1.,0.,-0.));
#9657 = ORIENTED_EDGE('',*,*,#9658,.F.);
#9658 = EDGE_CURVE('',#9659,#9650,#9661,.T.);
#9659 = VERTEX_POINT('',#9660);
#9660 = CARTESIAN_POINT('',(-1.599300724757,-1.150214196517,0.4));
#9661 = LINE('',#9662,#9663);
#9662 = CARTESIAN_POINT('',(-1.599300724757,-1.150214196517,0.4));
#9663 = VECTOR('',#9664,1.);
#9664 = DIRECTION('',(0.,1.,0.));
#9665 = ORIENTED_EDGE('',*,*,#9666,.F.);
#9666 = EDGE_CURVE('',#9667,#9659,#9669,.T.);
#9667 = VERTEX_POINT('',#9668);
#9668 = CARTESIAN_POINT('',(-1.500419603578,-1.251333075338,0.4));
#9669 = CIRCLE('',#9670,0.100006259253);
#9670 = AXIS2_PLACEMENT_3D('',#9671,#9672,#9673);
#9671 = CARTESIAN_POINT('',(-1.600419603578,-1.250214196517,0.4));
#9672 = DIRECTION('',(0.,0.,1.));
#9673 = DIRECTION('',(1.,0.,-0.));
#9674 = ORIENTED_EDGE('',*,*,#9675,.F.);
#9675 = EDGE_CURVE('',#9676,#9667,#9678,.T.);
#9676 = VERTEX_POINT('',#9677);
#9677 = CARTESIAN_POINT('',(1.499580396422,-1.251333075338,0.4));
#9678 = LINE('',#9679,#9680);
#9679 = CARTESIAN_POINT('',(1.499580396422,-1.251333075338,0.4));
#9680 = VECTOR('',#9681,1.);
#9681 = DIRECTION('',(-1.,0.,0.));
#9682 = ORIENTED_EDGE('',*,*,#9683,.F.);
#9683 = EDGE_CURVE('',#9684,#9676,#9686,.T.);
#9684 = VERTEX_POINT('',#9685);
#9685 = CARTESIAN_POINT('',(1.601127668277,-1.149785803483,0.4));
#9686 = CIRCLE('',#9687,0.100011969535);
#9687 = AXIS2_PLACEMENT_3D('',#9688,#9689,#9690);
#9688 = CARTESIAN_POINT('',(1.599580396422,-1.249785803483,0.4));
#9689 = DIRECTION('',(0.,0.,1.));
#9690 = DIRECTION('',(1.,0.,-0.));
#9691 = ORIENTED_EDGE('',*,*,#9692,.F.);
#9692 = EDGE_CURVE('',#9693,#9684,#9695,.T.);
#9693 = VERTEX_POINT('',#9694);
#9694 = CARTESIAN_POINT('',(1.601127668277,1.150214196517,0.4));
#9695 = LINE('',#9696,#9697);
#9696 = CARTESIAN_POINT('',(1.601127668277,1.150214196517,0.4));
#9697 = VECTOR('',#9698,1.);
#9698 = DIRECTION('',(0.,-1.,0.));
#9699 = ORIENTED_EDGE('',*,*,#9700,.F.);
#9700 = EDGE_CURVE('',#9642,#9693,#9701,.T.);
#9701 = CIRCLE('',#9702,0.100002506747);
#9702 = AXIS2_PLACEMENT_3D('',#9703,#9704,#9705);
#9703 = CARTESIAN_POINT('',(1.600419603578,1.250214196517,0.4));
#9704 = DIRECTION('',(0.,0.,1.));
#9705 = DIRECTION('',(1.,0.,-0.));
#9706 = FACE_BOUND('',#9707,.T.);
#9707 = EDGE_LOOP('',(#9708,#9709,#9710,#9711,#9712,#9713,#9714,#9715));
#9708 = ORIENTED_EDGE('',*,*,#9509,.T.);
#9709 = ORIENTED_EDGE('',*,*,#9443,.T.);
#9710 = ORIENTED_EDGE('',*,*,#9484,.T.);
#9711 = ORIENTED_EDGE('',*,*,#9524,.T.);
#9712 = ORIENTED_EDGE('',*,*,#9582,.T.);
#9713 = ORIENTED_EDGE('',*,*,#9622,.T.);
#9714 = ORIENTED_EDGE('',*,*,#9607,.T.);
#9715 = ORIENTED_EDGE('',*,*,#9548,.T.);
#9716 = PLANE('',#9717);
#9717 = AXIS2_PLACEMENT_3D('',#9718,#9719,#9720);
#9718 = CARTESIAN_POINT('',(8.802163144183E-04,-8.850774637298E-04,0.4)
  );
#9719 = DIRECTION('',(0.,0.,1.));
#9720 = DIRECTION('',(1.,0.,-0.));
#9721 = ADVANCED_FACE('',(#9722),#9747,.T.);
#9722 = FACE_BOUND('',#9723,.T.);
#9723 = EDGE_LOOP('',(#9724,#9732,#9733,#9741));
#9724 = ORIENTED_EDGE('',*,*,#9725,.T.);
#9725 = EDGE_CURVE('',#9726,#9640,#9728,.T.);
#9726 = VERTEX_POINT('',#9727);
#9727 = CARTESIAN_POINT('',(-1.499580396422,1.249506131818,0.));
#9728 = LINE('',#9729,#9730);
#9729 = CARTESIAN_POINT('',(-1.499580396422,1.249506131818,0.));
#9730 = VECTOR('',#9731,1.);
#9731 = DIRECTION('',(0.,0.,1.));
#9732 = ORIENTED_EDGE('',*,*,#9639,.T.);
#9733 = ORIENTED_EDGE('',*,*,#9734,.F.);
#9734 = EDGE_CURVE('',#9735,#9642,#9737,.T.);
#9735 = VERTEX_POINT('',#9736);
#9736 = CARTESIAN_POINT('',(1.500419603578,1.249506131818,0.));
#9737 = LINE('',#9738,#9739);
#9738 = CARTESIAN_POINT('',(1.500419603578,1.249506131818,0.));
#9739 = VECTOR('',#9740,1.);
#9740 = DIRECTION('',(0.,0.,1.));
#9741 = ORIENTED_EDGE('',*,*,#9742,.F.);
#9742 = EDGE_CURVE('',#9726,#9735,#9743,.T.);
#9743 = LINE('',#9744,#9745);
#9744 = CARTESIAN_POINT('',(-1.499580396422,1.249506131818,0.));
#9745 = VECTOR('',#9746,1.);
#9746 = DIRECTION('',(1.,0.,0.));
#9747 = PLANE('',#9748);
#9748 = AXIS2_PLACEMENT_3D('',#9749,#9750,#9751);
#9749 = CARTESIAN_POINT('',(-1.499580396422,1.249506131818,0.));
#9750 = DIRECTION('',(0.,1.,0.));
#9751 = DIRECTION('',(1.,0.,0.));
#9752 = ADVANCED_FACE('',(#9753),#9772,.F.);
#9753 = FACE_BOUND('',#9754,.F.);
#9754 = EDGE_LOOP('',(#9755,#9764,#9765,#9766));
#9755 = ORIENTED_EDGE('',*,*,#9756,.T.);
#9756 = EDGE_CURVE('',#9757,#9726,#9759,.T.);
#9757 = VERTEX_POINT('',#9758);
#9758 = CARTESIAN_POINT('',(-1.599300724757,1.149785803483,0.));
#9759 = CIRCLE('',#9760,0.10000039108);
#9760 = AXIS2_PLACEMENT_3D('',#9761,#9762,#9763);
#9761 = CARTESIAN_POINT('',(-1.599580396422,1.249785803483,0.));
#9762 = DIRECTION('',(0.,0.,1.));
#9763 = DIRECTION('',(1.,0.,-0.));
#9764 = ORIENTED_EDGE('',*,*,#9725,.T.);
#9765 = ORIENTED_EDGE('',*,*,#9649,.F.);
#9766 = ORIENTED_EDGE('',*,*,#9767,.F.);
#9767 = EDGE_CURVE('',#9757,#9650,#9768,.T.);
#9768 = LINE('',#9769,#9770);
#9769 = CARTESIAN_POINT('',(-1.599300724757,1.149785803483,0.));
#9770 = VECTOR('',#9771,1.);
#9771 = DIRECTION('',(0.,0.,1.));
#9772 = CYLINDRICAL_SURFACE('',#9773,0.10000039108);
#9773 = AXIS2_PLACEMENT_3D('',#9774,#9775,#9776);
#9774 = CARTESIAN_POINT('',(-1.599580396422,1.249785803483,0.));
#9775 = DIRECTION('',(-0.,-0.,-1.));
#9776 = DIRECTION('',(1.,0.,0.));
#9777 = ADVANCED_FACE('',(#9778),#9797,.F.);
#9778 = FACE_BOUND('',#9779,.F.);
#9779 = EDGE_LOOP('',(#9780,#9789,#9795,#9796));
#9780 = ORIENTED_EDGE('',*,*,#9781,.T.);
#9781 = EDGE_CURVE('',#9735,#9782,#9784,.T.);
#9782 = VERTEX_POINT('',#9783);
#9783 = CARTESIAN_POINT('',(1.601127668277,1.150214196517,0.));
#9784 = CIRCLE('',#9785,0.100002506747);
#9785 = AXIS2_PLACEMENT_3D('',#9786,#9787,#9788);
#9786 = CARTESIAN_POINT('',(1.600419603578,1.250214196517,0.));
#9787 = DIRECTION('',(0.,0.,1.));
#9788 = DIRECTION('',(1.,0.,-0.));
#9789 = ORIENTED_EDGE('',*,*,#9790,.T.);
#9790 = EDGE_CURVE('',#9782,#9693,#9791,.T.);
#9791 = LINE('',#9792,#9793);
#9792 = CARTESIAN_POINT('',(1.601127668277,1.150214196517,0.));
#9793 = VECTOR('',#9794,1.);
#9794 = DIRECTION('',(0.,0.,1.));
#9795 = ORIENTED_EDGE('',*,*,#9700,.F.);
#9796 = ORIENTED_EDGE('',*,*,#9734,.F.);
#9797 = CYLINDRICAL_SURFACE('',#9798,0.100002506747);
#9798 = AXIS2_PLACEMENT_3D('',#9799,#9800,#9801);
#9799 = CARTESIAN_POINT('',(1.600419603578,1.250214196517,0.));
#9800 = DIRECTION('',(-0.,-0.,-1.));
#9801 = DIRECTION('',(1.,0.,0.));
#9802 = ADVANCED_FACE('',(#9803),#9821,.T.);
#9803 = FACE_BOUND('',#9804,.T.);
#9804 = EDGE_LOOP('',(#9805,#9813,#9814,#9815));
#9805 = ORIENTED_EDGE('',*,*,#9806,.T.);
#9806 = EDGE_CURVE('',#9807,#9659,#9809,.T.);
#9807 = VERTEX_POINT('',#9808);
#9808 = CARTESIAN_POINT('',(-1.599300724757,-1.150214196517,0.));
#9809 = LINE('',#9810,#9811);
#9810 = CARTESIAN_POINT('',(-1.599300724757,-1.150214196517,0.));
#9811 = VECTOR('',#9812,1.);
#9812 = DIRECTION('',(0.,0.,1.));
#9813 = ORIENTED_EDGE('',*,*,#9658,.T.);
#9814 = ORIENTED_EDGE('',*,*,#9767,.F.);
#9815 = ORIENTED_EDGE('',*,*,#9816,.F.);
#9816 = EDGE_CURVE('',#9807,#9757,#9817,.T.);
#9817 = LINE('',#9818,#9819);
#9818 = CARTESIAN_POINT('',(-1.599300724757,-1.150214196517,0.));
#9819 = VECTOR('',#9820,1.);
#9820 = DIRECTION('',(0.,1.,0.));
#9821 = PLANE('',#9822);
#9822 = AXIS2_PLACEMENT_3D('',#9823,#9824,#9825);
#9823 = CARTESIAN_POINT('',(-1.599300724757,-1.150214196517,0.));
#9824 = DIRECTION('',(-1.,0.,0.));
#9825 = DIRECTION('',(0.,1.,0.));
#9826 = ADVANCED_FACE('',(#9827),#9845,.T.);
#9827 = FACE_BOUND('',#9828,.T.);
#9828 = EDGE_LOOP('',(#9829,#9830,#9831,#9839));
#9829 = ORIENTED_EDGE('',*,*,#9790,.T.);
#9830 = ORIENTED_EDGE('',*,*,#9692,.T.);
#9831 = ORIENTED_EDGE('',*,*,#9832,.F.);
#9832 = EDGE_CURVE('',#9833,#9684,#9835,.T.);
#9833 = VERTEX_POINT('',#9834);
#9834 = CARTESIAN_POINT('',(1.601127668277,-1.149785803483,0.));
#9835 = LINE('',#9836,#9837);
#9836 = CARTESIAN_POINT('',(1.601127668277,-1.149785803483,0.));
#9837 = VECTOR('',#9838,1.);
#9838 = DIRECTION('',(0.,0.,1.));
#9839 = ORIENTED_EDGE('',*,*,#9840,.F.);
#9840 = EDGE_CURVE('',#9782,#9833,#9841,.T.);
#9841 = LINE('',#9842,#9843);
#9842 = CARTESIAN_POINT('',(1.601127668277,1.150214196517,0.));
#9843 = VECTOR('',#9844,1.);
#9844 = DIRECTION('',(0.,-1.,0.));
#9845 = PLANE('',#9846);
#9846 = AXIS2_PLACEMENT_3D('',#9847,#9848,#9849);
#9847 = CARTESIAN_POINT('',(1.601127668277,1.150214196517,0.));
#9848 = DIRECTION('',(1.,0.,0.));
#9849 = DIRECTION('',(0.,-1.,0.));
#9850 = ADVANCED_FACE('',(#9851),#9870,.F.);
#9851 = FACE_BOUND('',#9852,.F.);
#9852 = EDGE_LOOP('',(#9853,#9862,#9863,#9864));
#9853 = ORIENTED_EDGE('',*,*,#9854,.T.);
#9854 = EDGE_CURVE('',#9855,#9807,#9857,.T.);
#9855 = VERTEX_POINT('',#9856);
#9856 = CARTESIAN_POINT('',(-1.500419603578,-1.251333075338,0.));
#9857 = CIRCLE('',#9858,0.100006259253);
#9858 = AXIS2_PLACEMENT_3D('',#9859,#9860,#9861);
#9859 = CARTESIAN_POINT('',(-1.600419603578,-1.250214196517,0.));
#9860 = DIRECTION('',(0.,0.,1.));
#9861 = DIRECTION('',(1.,0.,-0.));
#9862 = ORIENTED_EDGE('',*,*,#9806,.T.);
#9863 = ORIENTED_EDGE('',*,*,#9666,.F.);
#9864 = ORIENTED_EDGE('',*,*,#9865,.F.);
#9865 = EDGE_CURVE('',#9855,#9667,#9866,.T.);
#9866 = LINE('',#9867,#9868);
#9867 = CARTESIAN_POINT('',(-1.500419603578,-1.251333075338,0.));
#9868 = VECTOR('',#9869,1.);
#9869 = DIRECTION('',(0.,0.,1.));
#9870 = CYLINDRICAL_SURFACE('',#9871,0.100006259253);
#9871 = AXIS2_PLACEMENT_3D('',#9872,#9873,#9874);
#9872 = CARTESIAN_POINT('',(-1.600419603578,-1.250214196517,0.));
#9873 = DIRECTION('',(-0.,-0.,-1.));
#9874 = DIRECTION('',(1.,0.,0.));
#9875 = ADVANCED_FACE('',(#9876),#9895,.F.);
#9876 = FACE_BOUND('',#9877,.F.);
#9877 = EDGE_LOOP('',(#9878,#9887,#9893,#9894));
#9878 = ORIENTED_EDGE('',*,*,#9879,.T.);
#9879 = EDGE_CURVE('',#9833,#9880,#9882,.T.);
#9880 = VERTEX_POINT('',#9881);
#9881 = CARTESIAN_POINT('',(1.499580396422,-1.251333075338,0.));
#9882 = CIRCLE('',#9883,0.100011969535);
#9883 = AXIS2_PLACEMENT_3D('',#9884,#9885,#9886);
#9884 = CARTESIAN_POINT('',(1.599580396422,-1.249785803483,0.));
#9885 = DIRECTION('',(0.,0.,1.));
#9886 = DIRECTION('',(1.,0.,-0.));
#9887 = ORIENTED_EDGE('',*,*,#9888,.T.);
#9888 = EDGE_CURVE('',#9880,#9676,#9889,.T.);
#9889 = LINE('',#9890,#9891);
#9890 = CARTESIAN_POINT('',(1.499580396422,-1.251333075338,0.));
#9891 = VECTOR('',#9892,1.);
#9892 = DIRECTION('',(0.,0.,1.));
#9893 = ORIENTED_EDGE('',*,*,#9683,.F.);
#9894 = ORIENTED_EDGE('',*,*,#9832,.F.);
#9895 = CYLINDRICAL_SURFACE('',#9896,0.100011969535);
#9896 = AXIS2_PLACEMENT_3D('',#9897,#9898,#9899);
#9897 = CARTESIAN_POINT('',(1.599580396422,-1.249785803483,0.));
#9898 = DIRECTION('',(-0.,-0.,-1.));
#9899 = DIRECTION('',(1.,0.,0.));
#9900 = ADVANCED_FACE('',(#9901),#9912,.T.);
#9901 = FACE_BOUND('',#9902,.T.);
#9902 = EDGE_LOOP('',(#9903,#9904,#9905,#9906));
#9903 = ORIENTED_EDGE('',*,*,#9888,.T.);
#9904 = ORIENTED_EDGE('',*,*,#9675,.T.);
#9905 = ORIENTED_EDGE('',*,*,#9865,.F.);
#9906 = ORIENTED_EDGE('',*,*,#9907,.F.);
#9907 = EDGE_CURVE('',#9880,#9855,#9908,.T.);
#9908 = LINE('',#9909,#9910);
#9909 = CARTESIAN_POINT('',(1.499580396422,-1.251333075338,0.));
#9910 = VECTOR('',#9911,1.);
#9911 = DIRECTION('',(-1.,0.,0.));
#9912 = PLANE('',#9913);
#9913 = AXIS2_PLACEMENT_3D('',#9914,#9915,#9916);
#9914 = CARTESIAN_POINT('',(1.499580396422,-1.251333075338,0.));
#9915 = DIRECTION('',(0.,-1.,0.));
#9916 = DIRECTION('',(-1.,0.,0.));
#9917 = ADVANCED_FACE('',(#9918),#9928,.F.);
#9918 = FACE_BOUND('',#9919,.T.);
#9919 = EDGE_LOOP('',(#9920,#9921,#9922,#9923,#9924,#9925,#9926,#9927));
#9920 = ORIENTED_EDGE('',*,*,#9742,.T.);
#9921 = ORIENTED_EDGE('',*,*,#9781,.T.);
#9922 = ORIENTED_EDGE('',*,*,#9840,.T.);
#9923 = ORIENTED_EDGE('',*,*,#9879,.T.);
#9924 = ORIENTED_EDGE('',*,*,#9907,.T.);
#9925 = ORIENTED_EDGE('',*,*,#9854,.T.);
#9926 = ORIENTED_EDGE('',*,*,#9816,.T.);
#9927 = ORIENTED_EDGE('',*,*,#9756,.T.);
#9928 = PLANE('',#9929);
#9929 = AXIS2_PLACEMENT_3D('',#9930,#9931,#9932);
#9930 = CARTESIAN_POINT('',(8.802163144183E-04,-8.850774637298E-04,0.));
#9931 = DIRECTION('',(0.,0.,1.));
#9932 = DIRECTION('',(1.,0.,-0.));
#9933 = ( GEOMETRIC_REPRESENTATION_CONTEXT(3) 
GLOBAL_UNCERTAINTY_ASSIGNED_CONTEXT((#9937)) 
GLOBAL_UNIT_ASSIGNED_CONTEXT((#9934,#9935,#9936)) REPRESENTATION_CONTEXT
('Context #1','3D Context with UNIT and UNCERTAINTY') );
#9934 = ( LENGTH_UNIT() NAMED_UNIT(*) SI_UNIT(.MILLI.,.METRE.) );
#9935 = ( NAMED_UNIT(*) PLANE_ANGLE_UNIT() SI_UNIT($,.RADIAN.) );
#9936 = ( NAMED_UNIT(*) SI_UNIT($,.STERADIAN.) SOLID_ANGLE_UNIT() );
#9937 = UNCERTAINTY_MEASURE_WITH_UNIT(LENGTH_MEASURE(1.E-07),#9934,
  'distance_accuracy_value','confusion accuracy');
#9938 = SHAPE_DEFINITION_REPRESENTATION(#9939,#9078);
#9939 = PRODUCT_DEFINITION_SHAPE('','',#9940);
#9940 = PRODUCT_DEFINITION('design','',#9941,#9944);
#9941 = PRODUCT_DEFINITION_FORMATION('','',#9942);
#9942 = PRODUCT('Crystal_SMD_3225-4Pin_3.2x2.5mm',
  'Crystal_SMD_3225-4Pin_3.2x2.5mm','',(#9943));
#9943 = PRODUCT_CONTEXT('',#2,'mechanical');
#9944 = PRODUCT_DEFINITION_CONTEXT('part definition',#2,'design');
#9945 = CONTEXT_DEPENDENT_SHAPE_REPRESENTATION(#9946,#9948);
#9946 = ( REPRESENTATION_RELATIONSHIP('','',#9078,#10) 
REPRESENTATION_RELATIONSHIP_WITH_TRANSFORMATION(#9947) 
SHAPE_REPRESENTATION_RELATIONSHIP() );
#9947 = ITEM_DEFINED_TRANSFORMATION('','',#11,#107);
#9948 = PRODUCT_DEFINITION_SHAPE('Placement','Placement of an item',
  #9949);
#9949 = NEXT_ASSEMBLY_USAGE_OCCURRENCE('24','','',#5,#9940,$);
#9950 = PRODUCT_RELATED_PRODUCT_CATEGORY('part',$,(#9942));
#9951 = CONTEXT_DEPENDENT_SHAPE_REPRESENTATION(#9952,#9954);
#9952 = ( REPRESENTATION_RELATIONSHIP('','',#4629,#10) 
REPRESENTATION_RELATIONSHIP_WITH_TRANSFORMATION(#9953) 
SHAPE_REPRESENTATION_RELATIONSHIP() );
#9953 = ITEM_DEFINED_TRANSFORMATION('','',#11,#111);
#9954 = PRODUCT_DEFINITION_SHAPE('Placement','Placement of an item',
  #9955);
#9955 = NEXT_ASSEMBLY_USAGE_OCCURRENCE('25','','',#5,#5427,$);
#9956 = CONTEXT_DEPENDENT_SHAPE_REPRESENTATION(#9957,#9959);
#9957 = ( REPRESENTATION_RELATIONSHIP('','',#137,#10) 
REPRESENTATION_RELATIONSHIP_WITH_TRANSFORMATION(#9958) 
SHAPE_REPRESENTATION_RELATIONSHIP() );
#9958 = ITEM_DEFINED_TRANSFORMATION('','',#11,#115);
#9959 = PRODUCT_DEFINITION_SHAPE('Placement','Placement of an item',
  #9960);
#9960 = NEXT_ASSEMBLY_USAGE_OCCURRENCE('26','','',#5,#999,$);
#9961 = CONTEXT_DEPENDENT_SHAPE_REPRESENTATION(#9962,#9964);
#9962 = ( REPRESENTATION_RELATIONSHIP('','',#4629,#10) 
REPRESENTATION_RELATIONSHIP_WITH_TRANSFORMATION(#9963) 
SHAPE_REPRESENTATION_RELATIONSHIP() );
#9963 = ITEM_DEFINED_TRANSFORMATION('','',#11,#119);
#9964 = PRODUCT_DEFINITION_SHAPE('Placement','Placement of an item',
  #9965);
#9965 = NEXT_ASSEMBLY_USAGE_OCCURRENCE('27','','',#5,#5427,$);
#9966 = CONTEXT_DEPENDENT_SHAPE_REPRESENTATION(#9967,#9969);
#9967 = ( REPRESENTATION_RELATIONSHIP('','',#137,#10) 
REPRESENTATION_RELATIONSHIP_WITH_TRANSFORMATION(#9968) 
SHAPE_REPRESENTATION_RELATIONSHIP() );
#9968 = ITEM_DEFINED_TRANSFORMATION('','',#11,#123);
#9969 = PRODUCT_DEFINITION_SHAPE('Placement','Placement of an item',
  #9970);
#9970 = NEXT_ASSEMBLY_USAGE_OCCURRENCE('28','','',#5,#999,$);
#9971 = ADVANCED_BREP_SHAPE_REPRESENTATION('',(#11,#9972),#12811);
#9972 = MANIFOLD_SOLID_BREP('',#9973);
#9973 = CLOSED_SHELL('',(#9974,#10016,#10047,#10078,#10835,#11592,#11609
    ,#11626,#11643,#11660,#11672,#11689,#11706,#11723,#11740,#11757,
    #11774,#11791,#11808,#11825,#11842,#11859,#11876,#11893,#11910,
    #11927,#11944,#11961,#11978,#11995,#12012,#12029,#12046,#12063,
    #12080,#12097,#12114,#12131,#12148,#12165,#12182,#12199,#12216,
    #12233,#12250,#12267,#12284,#12301,#12318,#12340,#12357,#12374,
    #12386,#12408,#12425,#12442,#12454,#12471,#12488,#12505,#12522,
    #12539,#12556,#12573,#12590,#12607,#12624,#12641,#12663,#12680,
    #12697,#12709,#12731,#12748,#12765,#12777,#12794));
#9974 = ADVANCED_FACE('',(#9975),#10011,.T.);
#9975 = FACE_BOUND('',#9976,.T.);
#9976 = EDGE_LOOP('',(#9977,#9987,#9996,#10004));
#9977 = ORIENTED_EDGE('',*,*,#9978,.T.);
#9978 = EDGE_CURVE('',#9979,#9981,#9983,.T.);
#9979 = VERTEX_POINT('',#9980);
#9980 = CARTESIAN_POINT('',(215.0745,-30.400625,0.));
#9981 = VERTEX_POINT('',#9982);
#9982 = CARTESIAN_POINT('',(215.0745,-30.400625,1.51));
#9983 = LINE('',#9984,#9985);
#9984 = CARTESIAN_POINT('',(215.0745,-30.400625,0.));
#9985 = VECTOR('',#9986,1.);
#9986 = DIRECTION('',(0.,0.,1.));
#9987 = ORIENTED_EDGE('',*,*,#9988,.T.);
#9988 = EDGE_CURVE('',#9981,#9989,#9991,.T.);
#9989 = VERTEX_POINT('',#9990);
#9990 = CARTESIAN_POINT('',(216.662,-31.988125,1.51));
#9991 = CIRCLE('',#9992,1.58750005167);
#9992 = AXIS2_PLACEMENT_3D('',#9993,#9994,#9995);
#9993 = CARTESIAN_POINT('',(215.07449994833,-31.98812505166,1.51));
#9994 = DIRECTION('',(0.,0.,-1.));
#9995 = DIRECTION('',(3.254771702215E-08,1.,0.));
#9996 = ORIENTED_EDGE('',*,*,#9997,.F.);
#9997 = EDGE_CURVE('',#9998,#9989,#10000,.T.);
#9998 = VERTEX_POINT('',#9999);
#9999 = CARTESIAN_POINT('',(216.662,-31.988125,0.));
#10000 = LINE('',#10001,#10002);
#10001 = CARTESIAN_POINT('',(216.662,-31.988125,0.));
#10002 = VECTOR('',#10003,1.);
#10003 = DIRECTION('',(0.,0.,1.));
#10004 = ORIENTED_EDGE('',*,*,#10005,.F.);
#10005 = EDGE_CURVE('',#9979,#9998,#10006,.T.);
#10006 = CIRCLE('',#10007,1.58750005167);
#10007 = AXIS2_PLACEMENT_3D('',#10008,#10009,#10010);
#10008 = CARTESIAN_POINT('',(215.07449994833,-31.98812505166,0.));
#10009 = DIRECTION('',(0.,0.,-1.));
#10010 = DIRECTION('',(3.254771702215E-08,1.,0.));
#10011 = CYLINDRICAL_SURFACE('',#10012,1.58750005167);
#10012 = AXIS2_PLACEMENT_3D('',#10013,#10014,#10015);
#10013 = CARTESIAN_POINT('',(215.07449994833,-31.98812505166,0.));
#10014 = DIRECTION('',(0.,0.,-1.));
#10015 = DIRECTION('',(3.254771702215E-08,1.,0.));
#10016 = ADVANCED_FACE('',(#10017),#10042,.T.);
#10017 = FACE_BOUND('',#10018,.T.);
#10018 = EDGE_LOOP('',(#10019,#10029,#10035,#10036));
#10019 = ORIENTED_EDGE('',*,*,#10020,.T.);
#10020 = EDGE_CURVE('',#10021,#10023,#10025,.T.);
#10021 = VERTEX_POINT('',#10022);
#10022 = CARTESIAN_POINT('',(173.0375,-30.400625,0.));
#10023 = VERTEX_POINT('',#10024);
#10024 = CARTESIAN_POINT('',(173.0375,-30.400625,1.51));
#10025 = LINE('',#10026,#10027);
#10026 = CARTESIAN_POINT('',(173.0375,-30.400625,0.));
#10027 = VECTOR('',#10028,1.);
#10028 = DIRECTION('',(0.,0.,1.));
#10029 = ORIENTED_EDGE('',*,*,#10030,.T.);
#10030 = EDGE_CURVE('',#10023,#9981,#10031,.T.);
#10031 = LINE('',#10032,#10033);
#10032 = CARTESIAN_POINT('',(173.0375,-30.400625,1.51));
#10033 = VECTOR('',#10034,1.);
#10034 = DIRECTION('',(1.,0.,0.));
#10035 = ORIENTED_EDGE('',*,*,#9978,.F.);
#10036 = ORIENTED_EDGE('',*,*,#10037,.F.);
#10037 = EDGE_CURVE('',#10021,#9979,#10038,.T.);
#10038 = LINE('',#10039,#10040);
#10039 = CARTESIAN_POINT('',(173.0375,-30.400625,0.));
#10040 = VECTOR('',#10041,1.);
#10041 = DIRECTION('',(1.,0.,0.));
#10042 = PLANE('',#10043);
#10043 = AXIS2_PLACEMENT_3D('',#10044,#10045,#10046);
#10044 = CARTESIAN_POINT('',(173.0375,-30.400625,0.));
#10045 = DIRECTION('',(0.,1.,0.));
#10046 = DIRECTION('',(1.,0.,0.));
#10047 = ADVANCED_FACE('',(#10048),#10073,.T.);
#10048 = FACE_BOUND('',#10049,.T.);
#10049 = EDGE_LOOP('',(#10050,#10051,#10059,#10067));
#10050 = ORIENTED_EDGE('',*,*,#9997,.T.);
#10051 = ORIENTED_EDGE('',*,*,#10052,.T.);
#10052 = EDGE_CURVE('',#9989,#10053,#10055,.T.);
#10053 = VERTEX_POINT('',#10054);
#10054 = CARTESIAN_POINT('',(216.662,-122.2375,1.51));
#10055 = LINE('',#10056,#10057);
#10056 = CARTESIAN_POINT('',(216.662,-31.988125,1.51));
#10057 = VECTOR('',#10058,1.);
#10058 = DIRECTION('',(0.,-1.,0.));
#10059 = ORIENTED_EDGE('',*,*,#10060,.F.);
#10060 = EDGE_CURVE('',#10061,#10053,#10063,.T.);
#10061 = VERTEX_POINT('',#10062);
#10062 = CARTESIAN_POINT('',(216.662,-122.2375,0.));
#10063 = LINE('',#10064,#10065);
#10064 = CARTESIAN_POINT('',(216.662,-122.2375,0.));
#10065 = VECTOR('',#10066,1.);
#10066 = DIRECTION('',(0.,0.,1.));
#10067 = ORIENTED_EDGE('',*,*,#10068,.F.);
#10068 = EDGE_CURVE('',#9998,#10061,#10069,.T.);
#10069 = LINE('',#10070,#10071);
#10070 = CARTESIAN_POINT('',(216.662,-31.988125,0.));
#10071 = VECTOR('',#10072,1.);
#10072 = DIRECTION('',(0.,-1.,0.));
#10073 = PLANE('',#10074);
#10074 = AXIS2_PLACEMENT_3D('',#10075,#10076,#10077);
#10075 = CARTESIAN_POINT('',(216.662,-31.988125,0.));
#10076 = DIRECTION('',(1.,0.,-0.));
#10077 = DIRECTION('',(0.,-1.,0.));
#10078 = ADVANCED_FACE('',(#10079,#10125,#10136,#10147,#10158,#10169,
    #10180,#10191,#10202,#10213,#10224,#10235,#10246,#10257,#10268,
    #10279,#10290,#10301,#10312,#10323,#10334,#10345,#10356,#10367,
    #10378,#10389,#10400,#10411,#10422,#10433,#10444,#10455,#10466,
    #10477,#10488,#10499,#10510,#10521,#10532,#10543,#10579,#10615,
    #10626,#10637,#10648,#10659,#10670,#10681,#10692,#10703,#10714,
    #10725,#10736,#10772,#10808,#10819),#10830,.F.);
#10079 = FACE_BOUND('',#10080,.F.);
#10080 = EDGE_LOOP('',(#10081,#10082,#10083,#10092,#10100,#10109,#10117,
    #10124));
#10081 = ORIENTED_EDGE('',*,*,#10005,.F.);
#10082 = ORIENTED_EDGE('',*,*,#10037,.F.);
#10083 = ORIENTED_EDGE('',*,*,#10084,.F.);
#10084 = EDGE_CURVE('',#10085,#10021,#10087,.T.);
#10085 = VERTEX_POINT('',#10086);
#10086 = CARTESIAN_POINT('',(171.45,-31.988125,0.));
#10087 = CIRCLE('',#10088,1.587500051669);
#10088 = AXIS2_PLACEMENT_3D('',#10089,#10090,#10091);
#10089 = CARTESIAN_POINT('',(173.03750005166,-31.98812505166,0.));
#10090 = DIRECTION('',(0.,0.,-1.));
#10091 = DIRECTION('',(-1.,3.25477058325E-08,0.));
#10092 = ORIENTED_EDGE('',*,*,#10093,.F.);
#10093 = EDGE_CURVE('',#10094,#10085,#10096,.T.);
#10094 = VERTEX_POINT('',#10095);
#10095 = CARTESIAN_POINT('',(171.45,-122.2375,0.));
#10096 = LINE('',#10097,#10098);
#10097 = CARTESIAN_POINT('',(171.45,-122.2375,0.));
#10098 = VECTOR('',#10099,1.);
#10099 = DIRECTION('',(0.,1.,0.));
#10100 = ORIENTED_EDGE('',*,*,#10101,.F.);
#10101 = EDGE_CURVE('',#10102,#10094,#10104,.T.);
#10102 = VERTEX_POINT('',#10103);
#10103 = CARTESIAN_POINT('',(173.0375,-123.825,0.));
#10104 = CIRCLE('',#10105,1.587500051669);
#10105 = AXIS2_PLACEMENT_3D('',#10106,#10107,#10108);
#10106 = CARTESIAN_POINT('',(173.03750005166,-122.2374999483,0.));
#10107 = DIRECTION('',(0.,0.,-1.));
#10108 = DIRECTION('',(-3.254769911871E-08,-1.,-0.));
#10109 = ORIENTED_EDGE('',*,*,#10110,.F.);
#10110 = EDGE_CURVE('',#10111,#10102,#10113,.T.);
#10111 = VERTEX_POINT('',#10112);
#10112 = CARTESIAN_POINT('',(215.0745,-123.825,0.));
#10113 = LINE('',#10114,#10115);
#10114 = CARTESIAN_POINT('',(215.0745,-123.825,0.));
#10115 = VECTOR('',#10116,1.);
#10116 = DIRECTION('',(-1.,0.,0.));
#10117 = ORIENTED_EDGE('',*,*,#10118,.F.);
#10118 = EDGE_CURVE('',#10061,#10111,#10119,.T.);
#10119 = CIRCLE('',#10120,1.58750005167);
#10120 = AXIS2_PLACEMENT_3D('',#10121,#10122,#10123);
#10121 = CARTESIAN_POINT('',(215.07449994833,-122.2374999483,0.));
#10122 = DIRECTION('',(0.,0.,-1.));
#10123 = DIRECTION('',(1.,-3.254770807043E-08,0.));
#10124 = ORIENTED_EDGE('',*,*,#10068,.F.);
#10125 = FACE_BOUND('',#10126,.F.);
#10126 = EDGE_LOOP('',(#10127));
#10127 = ORIENTED_EDGE('',*,*,#10128,.T.);
#10128 = EDGE_CURVE('',#10129,#10129,#10131,.T.);
#10129 = VERTEX_POINT('',#10130);
#10130 = CARTESIAN_POINT('',(183.515,-120.007,0.));
#10131 = CIRCLE('',#10132,0.5);
#10132 = AXIS2_PLACEMENT_3D('',#10133,#10134,#10135);
#10133 = CARTESIAN_POINT('',(183.515,-119.507,0.));
#10134 = DIRECTION('',(-0.,0.,-1.));
#10135 = DIRECTION('',(-0.,-1.,0.));
#10136 = FACE_BOUND('',#10137,.F.);
#10137 = EDGE_LOOP('',(#10138));
#10138 = ORIENTED_EDGE('',*,*,#10139,.T.);
#10139 = EDGE_CURVE('',#10140,#10140,#10142,.T.);
#10140 = VERTEX_POINT('',#10141);
#10141 = CARTESIAN_POINT('',(183.515,-117.467,0.));
#10142 = CIRCLE('',#10143,0.5);
#10143 = AXIS2_PLACEMENT_3D('',#10144,#10145,#10146);
#10144 = CARTESIAN_POINT('',(183.515,-116.967,0.));
#10145 = DIRECTION('',(-0.,0.,-1.));
#10146 = DIRECTION('',(-0.,-1.,0.));
#10147 = FACE_BOUND('',#10148,.F.);
#10148 = EDGE_LOOP('',(#10149));
#10149 = ORIENTED_EDGE('',*,*,#10150,.T.);
#10150 = EDGE_CURVE('',#10151,#10151,#10153,.T.);
#10151 = VERTEX_POINT('',#10152);
#10152 = CARTESIAN_POINT('',(183.515,-114.927,0.));
#10153 = CIRCLE('',#10154,0.5);
#10154 = AXIS2_PLACEMENT_3D('',#10155,#10156,#10157);
#10155 = CARTESIAN_POINT('',(183.515,-114.427,0.));
#10156 = DIRECTION('',(-0.,0.,-1.));
#10157 = DIRECTION('',(-0.,-1.,0.));
#10158 = FACE_BOUND('',#10159,.F.);
#10159 = EDGE_LOOP('',(#10160));
#10160 = ORIENTED_EDGE('',*,*,#10161,.T.);
#10161 = EDGE_CURVE('',#10162,#10162,#10164,.T.);
#10162 = VERTEX_POINT('',#10163);
#10163 = CARTESIAN_POINT('',(183.515,-112.387,0.));
#10164 = CIRCLE('',#10165,0.5);
#10165 = AXIS2_PLACEMENT_3D('',#10166,#10167,#10168);
#10166 = CARTESIAN_POINT('',(183.515,-111.887,0.));
#10167 = DIRECTION('',(-0.,0.,-1.));
#10168 = DIRECTION('',(-0.,-1.,0.));
#10169 = FACE_BOUND('',#10170,.F.);
#10170 = EDGE_LOOP('',(#10171));
#10171 = ORIENTED_EDGE('',*,*,#10172,.T.);
#10172 = EDGE_CURVE('',#10173,#10173,#10175,.T.);
#10173 = VERTEX_POINT('',#10174);
#10174 = CARTESIAN_POINT('',(183.515,-109.847,0.));
#10175 = CIRCLE('',#10176,0.5);
#10176 = AXIS2_PLACEMENT_3D('',#10177,#10178,#10179);
#10177 = CARTESIAN_POINT('',(183.515,-109.347,0.));
#10178 = DIRECTION('',(-0.,0.,-1.));
#10179 = DIRECTION('',(-0.,-1.,0.));
#10180 = FACE_BOUND('',#10181,.F.);
#10181 = EDGE_LOOP('',(#10182));
#10182 = ORIENTED_EDGE('',*,*,#10183,.T.);
#10183 = EDGE_CURVE('',#10184,#10184,#10186,.T.);
#10184 = VERTEX_POINT('',#10185);
#10185 = CARTESIAN_POINT('',(183.515,-107.307,0.));
#10186 = CIRCLE('',#10187,0.5);
#10187 = AXIS2_PLACEMENT_3D('',#10188,#10189,#10190);
#10188 = CARTESIAN_POINT('',(183.515,-106.807,0.));
#10189 = DIRECTION('',(-0.,0.,-1.));
#10190 = DIRECTION('',(-0.,-1.,0.));
#10191 = FACE_BOUND('',#10192,.F.);
#10192 = EDGE_LOOP('',(#10193));
#10193 = ORIENTED_EDGE('',*,*,#10194,.T.);
#10194 = EDGE_CURVE('',#10195,#10195,#10197,.T.);
#10195 = VERTEX_POINT('',#10196);
#10196 = CARTESIAN_POINT('',(183.515,-104.767,0.));
#10197 = CIRCLE('',#10198,0.5);
#10198 = AXIS2_PLACEMENT_3D('',#10199,#10200,#10201);
#10199 = CARTESIAN_POINT('',(183.515,-104.267,0.));
#10200 = DIRECTION('',(-0.,0.,-1.));
#10201 = DIRECTION('',(-0.,-1.,0.));
#10202 = FACE_BOUND('',#10203,.F.);
#10203 = EDGE_LOOP('',(#10204));
#10204 = ORIENTED_EDGE('',*,*,#10205,.T.);
#10205 = EDGE_CURVE('',#10206,#10206,#10208,.T.);
#10206 = VERTEX_POINT('',#10207);
#10207 = CARTESIAN_POINT('',(183.515,-102.227,0.));
#10208 = CIRCLE('',#10209,0.5);
#10209 = AXIS2_PLACEMENT_3D('',#10210,#10211,#10212);
#10210 = CARTESIAN_POINT('',(183.515,-101.727,0.));
#10211 = DIRECTION('',(-0.,0.,-1.));
#10212 = DIRECTION('',(-0.,-1.,0.));
#10213 = FACE_BOUND('',#10214,.F.);
#10214 = EDGE_LOOP('',(#10215));
#10215 = ORIENTED_EDGE('',*,*,#10216,.T.);
#10216 = EDGE_CURVE('',#10217,#10217,#10219,.T.);
#10217 = VERTEX_POINT('',#10218);
#10218 = CARTESIAN_POINT('',(183.515,-99.687,0.));
#10219 = CIRCLE('',#10220,0.5);
#10220 = AXIS2_PLACEMENT_3D('',#10221,#10222,#10223);
#10221 = CARTESIAN_POINT('',(183.515,-99.187,0.));
#10222 = DIRECTION('',(-0.,0.,-1.));
#10223 = DIRECTION('',(-0.,-1.,0.));
#10224 = FACE_BOUND('',#10225,.F.);
#10225 = EDGE_LOOP('',(#10226));
#10226 = ORIENTED_EDGE('',*,*,#10227,.T.);
#10227 = EDGE_CURVE('',#10228,#10228,#10230,.T.);
#10228 = VERTEX_POINT('',#10229);
#10229 = CARTESIAN_POINT('',(196.18325,-119.864125,0.));
#10230 = CIRCLE('',#10231,0.5);
#10231 = AXIS2_PLACEMENT_3D('',#10232,#10233,#10234);
#10232 = CARTESIAN_POINT('',(196.18325,-119.364125,0.));
#10233 = DIRECTION('',(-0.,0.,-1.));
#10234 = DIRECTION('',(-0.,-1.,0.));
#10235 = FACE_BOUND('',#10236,.F.);
#10236 = EDGE_LOOP('',(#10237));
#10237 = ORIENTED_EDGE('',*,*,#10238,.T.);
#10238 = EDGE_CURVE('',#10239,#10239,#10241,.T.);
#10239 = VERTEX_POINT('',#10240);
#10240 = CARTESIAN_POINT('',(196.18325,-117.324125,0.));
#10241 = CIRCLE('',#10242,0.5);
#10242 = AXIS2_PLACEMENT_3D('',#10243,#10244,#10245);
#10243 = CARTESIAN_POINT('',(196.18325,-116.824125,0.));
#10244 = DIRECTION('',(-0.,0.,-1.));
#10245 = DIRECTION('',(-0.,-1.,0.));
#10246 = FACE_BOUND('',#10247,.F.);
#10247 = EDGE_LOOP('',(#10248));
#10248 = ORIENTED_EDGE('',*,*,#10249,.T.);
#10249 = EDGE_CURVE('',#10250,#10250,#10252,.T.);
#10250 = VERTEX_POINT('',#10251);
#10251 = CARTESIAN_POINT('',(196.18325,-114.784125,0.));
#10252 = CIRCLE('',#10253,0.5);
#10253 = AXIS2_PLACEMENT_3D('',#10254,#10255,#10256);
#10254 = CARTESIAN_POINT('',(196.18325,-114.284125,0.));
#10255 = DIRECTION('',(-0.,0.,-1.));
#10256 = DIRECTION('',(-0.,-1.,0.));
#10257 = FACE_BOUND('',#10258,.F.);
#10258 = EDGE_LOOP('',(#10259));
#10259 = ORIENTED_EDGE('',*,*,#10260,.T.);
#10260 = EDGE_CURVE('',#10261,#10261,#10263,.T.);
#10261 = VERTEX_POINT('',#10262);
#10262 = CARTESIAN_POINT('',(196.18325,-112.244125,0.));
#10263 = CIRCLE('',#10264,0.5);
#10264 = AXIS2_PLACEMENT_3D('',#10265,#10266,#10267);
#10265 = CARTESIAN_POINT('',(196.18325,-111.744125,0.));
#10266 = DIRECTION('',(-0.,0.,-1.));
#10267 = DIRECTION('',(-0.,-1.,0.));
#10268 = FACE_BOUND('',#10269,.F.);
#10269 = EDGE_LOOP('',(#10270));
#10270 = ORIENTED_EDGE('',*,*,#10271,.T.);
#10271 = EDGE_CURVE('',#10272,#10272,#10274,.T.);
#10272 = VERTEX_POINT('',#10273);
#10273 = CARTESIAN_POINT('',(196.18325,-109.704125,0.));
#10274 = CIRCLE('',#10275,0.5);
#10275 = AXIS2_PLACEMENT_3D('',#10276,#10277,#10278);
#10276 = CARTESIAN_POINT('',(196.18325,-109.204125,0.));
#10277 = DIRECTION('',(-0.,0.,-1.));
#10278 = DIRECTION('',(-0.,-1.,0.));
#10279 = FACE_BOUND('',#10280,.F.);
#10280 = EDGE_LOOP('',(#10281));
#10281 = ORIENTED_EDGE('',*,*,#10282,.T.);
#10282 = EDGE_CURVE('',#10283,#10283,#10285,.T.);
#10283 = VERTEX_POINT('',#10284);
#10284 = CARTESIAN_POINT('',(196.18325,-107.164125,0.));
#10285 = CIRCLE('',#10286,0.5);
#10286 = AXIS2_PLACEMENT_3D('',#10287,#10288,#10289);
#10287 = CARTESIAN_POINT('',(196.18325,-106.664125,0.));
#10288 = DIRECTION('',(-0.,0.,-1.));
#10289 = DIRECTION('',(-0.,-1.,0.));
#10290 = FACE_BOUND('',#10291,.F.);
#10291 = EDGE_LOOP('',(#10292));
#10292 = ORIENTED_EDGE('',*,*,#10293,.T.);
#10293 = EDGE_CURVE('',#10294,#10294,#10296,.T.);
#10294 = VERTEX_POINT('',#10295);
#10295 = CARTESIAN_POINT('',(196.18325,-104.624125,0.));
#10296 = CIRCLE('',#10297,0.5);
#10297 = AXIS2_PLACEMENT_3D('',#10298,#10299,#10300);
#10298 = CARTESIAN_POINT('',(196.18325,-104.124125,0.));
#10299 = DIRECTION('',(-0.,0.,-1.));
#10300 = DIRECTION('',(-0.,-1.,0.));
#10301 = FACE_BOUND('',#10302,.F.);
#10302 = EDGE_LOOP('',(#10303));
#10303 = ORIENTED_EDGE('',*,*,#10304,.T.);
#10304 = EDGE_CURVE('',#10305,#10305,#10307,.T.);
#10305 = VERTEX_POINT('',#10306);
#10306 = CARTESIAN_POINT('',(196.18325,-102.084125,0.));
#10307 = CIRCLE('',#10308,0.5);
#10308 = AXIS2_PLACEMENT_3D('',#10309,#10310,#10311);
#10309 = CARTESIAN_POINT('',(196.18325,-101.584125,0.));
#10310 = DIRECTION('',(-0.,0.,-1.));
#10311 = DIRECTION('',(-0.,-1.,0.));
#10312 = FACE_BOUND('',#10313,.F.);
#10313 = EDGE_LOOP('',(#10314));
#10314 = ORIENTED_EDGE('',*,*,#10315,.T.);
#10315 = EDGE_CURVE('',#10316,#10316,#10318,.T.);
#10316 = VERTEX_POINT('',#10317);
#10317 = CARTESIAN_POINT('',(196.18325,-99.544125,0.));
#10318 = CIRCLE('',#10319,0.5);
#10319 = AXIS2_PLACEMENT_3D('',#10320,#10321,#10322);
#10320 = CARTESIAN_POINT('',(196.18325,-99.044125,0.));
#10321 = DIRECTION('',(-0.,0.,-1.));
#10322 = DIRECTION('',(-0.,-1.,0.));
#10323 = FACE_BOUND('',#10324,.F.);
#10324 = EDGE_LOOP('',(#10325));
#10325 = ORIENTED_EDGE('',*,*,#10326,.T.);
#10326 = EDGE_CURVE('',#10327,#10327,#10329,.T.);
#10327 = VERTEX_POINT('',#10328);
#10328 = CARTESIAN_POINT('',(183.515,-97.147,0.));
#10329 = CIRCLE('',#10330,0.5);
#10330 = AXIS2_PLACEMENT_3D('',#10331,#10332,#10333);
#10331 = CARTESIAN_POINT('',(183.515,-96.647,0.));
#10332 = DIRECTION('',(-0.,0.,-1.));
#10333 = DIRECTION('',(-0.,-1.,0.));
#10334 = FACE_BOUND('',#10335,.F.);
#10335 = EDGE_LOOP('',(#10336));
#10336 = ORIENTED_EDGE('',*,*,#10337,.T.);
#10337 = EDGE_CURVE('',#10338,#10338,#10340,.T.);
#10338 = VERTEX_POINT('',#10339);
#10339 = CARTESIAN_POINT('',(183.515,-94.607,0.));
#10340 = CIRCLE('',#10341,0.5);
#10341 = AXIS2_PLACEMENT_3D('',#10342,#10343,#10344);
#10342 = CARTESIAN_POINT('',(183.515,-94.107,0.));
#10343 = DIRECTION('',(-0.,0.,-1.));
#10344 = DIRECTION('',(-0.,-1.,0.));
#10345 = FACE_BOUND('',#10346,.F.);
#10346 = EDGE_LOOP('',(#10347));
#10347 = ORIENTED_EDGE('',*,*,#10348,.T.);
#10348 = EDGE_CURVE('',#10349,#10349,#10351,.T.);
#10349 = VERTEX_POINT('',#10350);
#10350 = CARTESIAN_POINT('',(196.18325,-97.004125,0.));
#10351 = CIRCLE('',#10352,0.5);
#10352 = AXIS2_PLACEMENT_3D('',#10353,#10354,#10355);
#10353 = CARTESIAN_POINT('',(196.18325,-96.504125,0.));
#10354 = DIRECTION('',(-0.,0.,-1.));
#10355 = DIRECTION('',(-0.,-1.,0.));
#10356 = FACE_BOUND('',#10357,.F.);
#10357 = EDGE_LOOP('',(#10358));
#10358 = ORIENTED_EDGE('',*,*,#10359,.T.);
#10359 = EDGE_CURVE('',#10360,#10360,#10362,.T.);
#10360 = VERTEX_POINT('',#10361);
#10361 = CARTESIAN_POINT('',(196.18325,-94.464125,0.));
#10362 = CIRCLE('',#10363,0.5);
#10363 = AXIS2_PLACEMENT_3D('',#10364,#10365,#10366);
#10364 = CARTESIAN_POINT('',(196.18325,-93.964125,0.));
#10365 = DIRECTION('',(-0.,0.,-1.));
#10366 = DIRECTION('',(-0.,-1.,0.));
#10367 = FACE_BOUND('',#10368,.F.);
#10368 = EDGE_LOOP('',(#10369));
#10369 = ORIENTED_EDGE('',*,*,#10370,.T.);
#10370 = EDGE_CURVE('',#10371,#10371,#10373,.T.);
#10371 = VERTEX_POINT('',#10372);
#10372 = CARTESIAN_POINT('',(193.26225,-84.431125,0.));
#10373 = CIRCLE('',#10374,0.5);
#10374 = AXIS2_PLACEMENT_3D('',#10375,#10376,#10377);
#10375 = CARTESIAN_POINT('',(193.26225,-83.931125,0.));
#10376 = DIRECTION('',(-0.,0.,-1.));
#10377 = DIRECTION('',(-0.,-1.,0.));
#10378 = FACE_BOUND('',#10379,.F.);
#10379 = EDGE_LOOP('',(#10380));
#10380 = ORIENTED_EDGE('',*,*,#10381,.T.);
#10381 = EDGE_CURVE('',#10382,#10382,#10384,.T.);
#10382 = VERTEX_POINT('',#10383);
#10383 = CARTESIAN_POINT('',(195.80225,-84.431125,0.));
#10384 = CIRCLE('',#10385,0.5);
#10385 = AXIS2_PLACEMENT_3D('',#10386,#10387,#10388);
#10386 = CARTESIAN_POINT('',(195.80225,-83.931125,0.));
#10387 = DIRECTION('',(-0.,0.,-1.));
#10388 = DIRECTION('',(-0.,-1.,0.));
#10389 = FACE_BOUND('',#10390,.F.);
#10390 = EDGE_LOOP('',(#10391));
#10391 = ORIENTED_EDGE('',*,*,#10392,.T.);
#10392 = EDGE_CURVE('',#10393,#10393,#10395,.T.);
#10393 = VERTEX_POINT('',#10394);
#10394 = CARTESIAN_POINT('',(208.6995,-119.775625,0.));
#10395 = CIRCLE('',#10396,0.5);
#10396 = AXIS2_PLACEMENT_3D('',#10397,#10398,#10399);
#10397 = CARTESIAN_POINT('',(208.6995,-119.275625,0.));
#10398 = DIRECTION('',(-0.,0.,-1.));
#10399 = DIRECTION('',(-0.,-1.,0.));
#10400 = FACE_BOUND('',#10401,.F.);
#10401 = EDGE_LOOP('',(#10402));
#10402 = ORIENTED_EDGE('',*,*,#10403,.T.);
#10403 = EDGE_CURVE('',#10404,#10404,#10406,.T.);
#10404 = VERTEX_POINT('',#10405);
#10405 = CARTESIAN_POINT('',(208.6995,-117.235625,0.));
#10406 = CIRCLE('',#10407,0.5);
#10407 = AXIS2_PLACEMENT_3D('',#10408,#10409,#10410);
#10408 = CARTESIAN_POINT('',(208.6995,-116.735625,0.));
#10409 = DIRECTION('',(-0.,0.,-1.));
#10410 = DIRECTION('',(-0.,-1.,0.));
#10411 = FACE_BOUND('',#10412,.F.);
#10412 = EDGE_LOOP('',(#10413));
#10413 = ORIENTED_EDGE('',*,*,#10414,.T.);
#10414 = EDGE_CURVE('',#10415,#10415,#10417,.T.);
#10415 = VERTEX_POINT('',#10416);
#10416 = CARTESIAN_POINT('',(208.6995,-114.695625,0.));
#10417 = CIRCLE('',#10418,0.5);
#10418 = AXIS2_PLACEMENT_3D('',#10419,#10420,#10421);
#10419 = CARTESIAN_POINT('',(208.6995,-114.195625,0.));
#10420 = DIRECTION('',(-0.,0.,-1.));
#10421 = DIRECTION('',(-0.,-1.,0.));
#10422 = FACE_BOUND('',#10423,.F.);
#10423 = EDGE_LOOP('',(#10424));
#10424 = ORIENTED_EDGE('',*,*,#10425,.T.);
#10425 = EDGE_CURVE('',#10426,#10426,#10428,.T.);
#10426 = VERTEX_POINT('',#10427);
#10427 = CARTESIAN_POINT('',(208.6995,-112.155625,0.));
#10428 = CIRCLE('',#10429,0.5);
#10429 = AXIS2_PLACEMENT_3D('',#10430,#10431,#10432);
#10430 = CARTESIAN_POINT('',(208.6995,-111.655625,0.));
#10431 = DIRECTION('',(-0.,0.,-1.));
#10432 = DIRECTION('',(-0.,-1.,0.));
#10433 = FACE_BOUND('',#10434,.F.);
#10434 = EDGE_LOOP('',(#10435));
#10435 = ORIENTED_EDGE('',*,*,#10436,.T.);
#10436 = EDGE_CURVE('',#10437,#10437,#10439,.T.);
#10437 = VERTEX_POINT('',#10438);
#10438 = CARTESIAN_POINT('',(208.6995,-109.615625,0.));
#10439 = CIRCLE('',#10440,0.5);
#10440 = AXIS2_PLACEMENT_3D('',#10441,#10442,#10443);
#10441 = CARTESIAN_POINT('',(208.6995,-109.115625,0.));
#10442 = DIRECTION('',(-0.,0.,-1.));
#10443 = DIRECTION('',(-0.,-1.,0.));
#10444 = FACE_BOUND('',#10445,.F.);
#10445 = EDGE_LOOP('',(#10446));
#10446 = ORIENTED_EDGE('',*,*,#10447,.T.);
#10447 = EDGE_CURVE('',#10448,#10448,#10450,.T.);
#10448 = VERTEX_POINT('',#10449);
#10449 = CARTESIAN_POINT('',(208.6995,-107.075625,0.));
#10450 = CIRCLE('',#10451,0.5);
#10451 = AXIS2_PLACEMENT_3D('',#10452,#10453,#10454);
#10452 = CARTESIAN_POINT('',(208.6995,-106.575625,0.));
#10453 = DIRECTION('',(-0.,0.,-1.));
#10454 = DIRECTION('',(-0.,-1.,0.));
#10455 = FACE_BOUND('',#10456,.F.);
#10456 = EDGE_LOOP('',(#10457));
#10457 = ORIENTED_EDGE('',*,*,#10458,.T.);
#10458 = EDGE_CURVE('',#10459,#10459,#10461,.T.);
#10459 = VERTEX_POINT('',#10460);
#10460 = CARTESIAN_POINT('',(208.6995,-104.535625,0.));
#10461 = CIRCLE('',#10462,0.5);
#10462 = AXIS2_PLACEMENT_3D('',#10463,#10464,#10465);
#10463 = CARTESIAN_POINT('',(208.6995,-104.035625,0.));
#10464 = DIRECTION('',(-0.,0.,-1.));
#10465 = DIRECTION('',(-0.,-1.,0.));
#10466 = FACE_BOUND('',#10467,.F.);
#10467 = EDGE_LOOP('',(#10468));
#10468 = ORIENTED_EDGE('',*,*,#10469,.T.);
#10469 = EDGE_CURVE('',#10470,#10470,#10472,.T.);
#10470 = VERTEX_POINT('',#10471);
#10471 = CARTESIAN_POINT('',(208.6995,-101.995625,0.));
#10472 = CIRCLE('',#10473,0.5);
#10473 = AXIS2_PLACEMENT_3D('',#10474,#10475,#10476);
#10474 = CARTESIAN_POINT('',(208.6995,-101.495625,0.));
#10475 = DIRECTION('',(-0.,0.,-1.));
#10476 = DIRECTION('',(-0.,-1.,0.));
#10477 = FACE_BOUND('',#10478,.F.);
#10478 = EDGE_LOOP('',(#10479));
#10479 = ORIENTED_EDGE('',*,*,#10480,.T.);
#10480 = EDGE_CURVE('',#10481,#10481,#10483,.T.);
#10481 = VERTEX_POINT('',#10482);
#10482 = CARTESIAN_POINT('',(208.6995,-99.455625,0.));
#10483 = CIRCLE('',#10484,0.5);
#10484 = AXIS2_PLACEMENT_3D('',#10485,#10486,#10487);
#10485 = CARTESIAN_POINT('',(208.6995,-98.955625,0.));
#10486 = DIRECTION('',(-0.,0.,-1.));
#10487 = DIRECTION('',(-0.,-1.,0.));
#10488 = FACE_BOUND('',#10489,.F.);
#10489 = EDGE_LOOP('',(#10490));
#10490 = ORIENTED_EDGE('',*,*,#10491,.T.);
#10491 = EDGE_CURVE('',#10492,#10492,#10494,.T.);
#10492 = VERTEX_POINT('',#10493);
#10493 = CARTESIAN_POINT('',(198.34225,-84.431125,0.));
#10494 = CIRCLE('',#10495,0.5);
#10495 = AXIS2_PLACEMENT_3D('',#10496,#10497,#10498);
#10496 = CARTESIAN_POINT('',(198.34225,-83.931125,0.));
#10497 = DIRECTION('',(-0.,0.,-1.));
#10498 = DIRECTION('',(-0.,-1.,0.));
#10499 = FACE_BOUND('',#10500,.F.);
#10500 = EDGE_LOOP('',(#10501));
#10501 = ORIENTED_EDGE('',*,*,#10502,.T.);
#10502 = EDGE_CURVE('',#10503,#10503,#10505,.T.);
#10503 = VERTEX_POINT('',#10504);
#10504 = CARTESIAN_POINT('',(200.88225,-84.431125,0.));
#10505 = CIRCLE('',#10506,0.5);
#10506 = AXIS2_PLACEMENT_3D('',#10507,#10508,#10509);
#10507 = CARTESIAN_POINT('',(200.88225,-83.931125,0.));
#10508 = DIRECTION('',(-0.,0.,-1.));
#10509 = DIRECTION('',(-0.,-1.,0.));
#10510 = FACE_BOUND('',#10511,.F.);
#10511 = EDGE_LOOP('',(#10512));
#10512 = ORIENTED_EDGE('',*,*,#10513,.T.);
#10513 = EDGE_CURVE('',#10514,#10514,#10516,.T.);
#10514 = VERTEX_POINT('',#10515);
#10515 = CARTESIAN_POINT('',(203.42225,-84.431125,0.));
#10516 = CIRCLE('',#10517,0.5);
#10517 = AXIS2_PLACEMENT_3D('',#10518,#10519,#10520);
#10518 = CARTESIAN_POINT('',(203.42225,-83.931125,0.));
#10519 = DIRECTION('',(-0.,0.,-1.));
#10520 = DIRECTION('',(-0.,-1.,0.));
#10521 = FACE_BOUND('',#10522,.F.);
#10522 = EDGE_LOOP('',(#10523));
#10523 = ORIENTED_EDGE('',*,*,#10524,.T.);
#10524 = EDGE_CURVE('',#10525,#10525,#10527,.T.);
#10525 = VERTEX_POINT('',#10526);
#10526 = CARTESIAN_POINT('',(208.6995,-96.915625,0.));
#10527 = CIRCLE('',#10528,0.5);
#10528 = AXIS2_PLACEMENT_3D('',#10529,#10530,#10531);
#10529 = CARTESIAN_POINT('',(208.6995,-96.415625,0.));
#10530 = DIRECTION('',(-0.,0.,-1.));
#10531 = DIRECTION('',(-0.,-1.,0.));
#10532 = FACE_BOUND('',#10533,.F.);
#10533 = EDGE_LOOP('',(#10534));
#10534 = ORIENTED_EDGE('',*,*,#10535,.T.);
#10535 = EDGE_CURVE('',#10536,#10536,#10538,.T.);
#10536 = VERTEX_POINT('',#10537);
#10537 = CARTESIAN_POINT('',(208.6995,-94.375625,0.));
#10538 = CIRCLE('',#10539,0.5);
#10539 = AXIS2_PLACEMENT_3D('',#10540,#10541,#10542);
#10540 = CARTESIAN_POINT('',(208.6995,-93.875625,0.));
#10541 = DIRECTION('',(-0.,0.,-1.));
#10542 = DIRECTION('',(-0.,-1.,0.));
#10543 = FACE_BOUND('',#10544,.F.);
#10544 = EDGE_LOOP('',(#10545,#10556,#10564,#10573));
#10545 = ORIENTED_EDGE('',*,*,#10546,.T.);
#10546 = EDGE_CURVE('',#10547,#10549,#10551,.T.);
#10547 = VERTEX_POINT('',#10548);
#10548 = CARTESIAN_POINT('',(196.767,-36.461875,0.));
#10549 = VERTEX_POINT('',#10550);
#10550 = CARTESIAN_POINT('',(196.167,-36.461875,0.));
#10551 = CIRCLE('',#10552,0.3);
#10552 = AXIS2_PLACEMENT_3D('',#10553,#10554,#10555);
#10553 = CARTESIAN_POINT('',(196.467,-36.461875,0.));
#10554 = DIRECTION('',(-0.,0.,-1.));
#10555 = DIRECTION('',(-1.,0.,0.));
#10556 = ORIENTED_EDGE('',*,*,#10557,.T.);
#10557 = EDGE_CURVE('',#10549,#10558,#10560,.T.);
#10558 = VERTEX_POINT('',#10559);
#10559 = CARTESIAN_POINT('',(196.167,-35.361875,0.));
#10560 = LINE('',#10561,#10562);
#10561 = CARTESIAN_POINT('',(196.167,-17.6809375,0.));
#10562 = VECTOR('',#10563,1.);
#10563 = DIRECTION('',(-0.,1.,0.));
#10564 = ORIENTED_EDGE('',*,*,#10565,.T.);
#10565 = EDGE_CURVE('',#10558,#10566,#10568,.T.);
#10566 = VERTEX_POINT('',#10567);
#10567 = CARTESIAN_POINT('',(196.767,-35.361875,0.));
#10568 = CIRCLE('',#10569,0.3);
#10569 = AXIS2_PLACEMENT_3D('',#10570,#10571,#10572);
#10570 = CARTESIAN_POINT('',(196.467,-35.361875,0.));
#10571 = DIRECTION('',(0.,-0.,-1.));
#10572 = DIRECTION('',(1.,2.368475785867E-14,-0.));
#10573 = ORIENTED_EDGE('',*,*,#10574,.T.);
#10574 = EDGE_CURVE('',#10566,#10547,#10575,.T.);
#10575 = LINE('',#10576,#10577);
#10576 = CARTESIAN_POINT('',(196.767,-18.2309375,0.));
#10577 = VECTOR('',#10578,1.);
#10578 = DIRECTION('',(0.,-1.,0.));
#10579 = FACE_BOUND('',#10580,.F.);
#10580 = EDGE_LOOP('',(#10581,#10592,#10600,#10609));
#10581 = ORIENTED_EDGE('',*,*,#10582,.T.);
#10582 = EDGE_CURVE('',#10583,#10585,#10587,.T.);
#10583 = VERTEX_POINT('',#10584);
#10584 = CARTESIAN_POINT('',(196.767,-32.031875,0.));
#10585 = VERTEX_POINT('',#10586);
#10586 = CARTESIAN_POINT('',(196.167,-32.031875,0.));
#10587 = CIRCLE('',#10588,0.3);
#10588 = AXIS2_PLACEMENT_3D('',#10589,#10590,#10591);
#10589 = CARTESIAN_POINT('',(196.467,-32.031875,0.));
#10590 = DIRECTION('',(-0.,0.,-1.));
#10591 = DIRECTION('',(-1.,-2.368475785867E-14,0.));
#10592 = ORIENTED_EDGE('',*,*,#10593,.T.);
#10593 = EDGE_CURVE('',#10585,#10594,#10596,.T.);
#10594 = VERTEX_POINT('',#10595);
#10595 = CARTESIAN_POINT('',(196.167,-31.431875,0.));
#10596 = LINE('',#10597,#10598);
#10597 = CARTESIAN_POINT('',(196.167,-15.7159375,0.));
#10598 = VECTOR('',#10599,1.);
#10599 = DIRECTION('',(-0.,1.,0.));
#10600 = ORIENTED_EDGE('',*,*,#10601,.T.);
#10601 = EDGE_CURVE('',#10594,#10602,#10604,.T.);
#10602 = VERTEX_POINT('',#10603);
#10603 = CARTESIAN_POINT('',(196.767,-31.431875,0.));
#10604 = CIRCLE('',#10605,0.3);
#10605 = AXIS2_PLACEMENT_3D('',#10606,#10607,#10608);
#10606 = CARTESIAN_POINT('',(196.467,-31.431875,0.));
#10607 = DIRECTION('',(0.,-0.,-1.));
#10608 = DIRECTION('',(1.,1.184237892934E-14,-0.));
#10609 = ORIENTED_EDGE('',*,*,#10610,.T.);
#10610 = EDGE_CURVE('',#10602,#10583,#10611,.T.);
#10611 = LINE('',#10612,#10613);
#10612 = CARTESIAN_POINT('',(196.767,-16.0159375,0.));
#10613 = VECTOR('',#10614,1.);
#10614 = DIRECTION('',(0.,-1.,0.));
#10615 = FACE_BOUND('',#10616,.F.);
#10616 = EDGE_LOOP('',(#10617));
#10617 = ORIENTED_EDGE('',*,*,#10618,.T.);
#10618 = EDGE_CURVE('',#10619,#10619,#10621,.T.);
#10619 = VERTEX_POINT('',#10620);
#10620 = CARTESIAN_POINT('',(200.087,-68.506107,0.));
#10621 = CIRCLE('',#10622,0.175);
#10622 = AXIS2_PLACEMENT_3D('',#10623,#10624,#10625);
#10623 = CARTESIAN_POINT('',(200.087,-68.331107,0.));
#10624 = DIRECTION('',(-0.,0.,-1.));
#10625 = DIRECTION('',(-0.,-1.,0.));
#10626 = FACE_BOUND('',#10627,.F.);
#10627 = EDGE_LOOP('',(#10628));
#10628 = ORIENTED_EDGE('',*,*,#10629,.T.);
#10629 = EDGE_CURVE('',#10630,#10630,#10632,.T.);
#10630 = VERTEX_POINT('',#10631);
#10631 = CARTESIAN_POINT('',(201.362,-68.506107,0.));
#10632 = CIRCLE('',#10633,0.175);
#10633 = AXIS2_PLACEMENT_3D('',#10634,#10635,#10636);
#10634 = CARTESIAN_POINT('',(201.362,-68.331107,0.));
#10635 = DIRECTION('',(-0.,0.,-1.));
#10636 = DIRECTION('',(-1.624097681738E-13,-1.,0.));
#10637 = FACE_BOUND('',#10638,.F.);
#10638 = EDGE_LOOP('',(#10639));
#10639 = ORIENTED_EDGE('',*,*,#10640,.T.);
#10640 = EDGE_CURVE('',#10641,#10641,#10643,.T.);
#10641 = VERTEX_POINT('',#10642);
#10642 = CARTESIAN_POINT('',(200.087,-67.231107,0.));
#10643 = CIRCLE('',#10644,0.175);
#10644 = AXIS2_PLACEMENT_3D('',#10645,#10646,#10647);
#10645 = CARTESIAN_POINT('',(200.087,-67.056107,0.));
#10646 = DIRECTION('',(-0.,0.,-1.));
#10647 = DIRECTION('',(-0.,-1.,0.));
#10648 = FACE_BOUND('',#10649,.F.);
#10649 = EDGE_LOOP('',(#10650));
#10650 = ORIENTED_EDGE('',*,*,#10651,.T.);
#10651 = EDGE_CURVE('',#10652,#10652,#10654,.T.);
#10652 = VERTEX_POINT('',#10653);
#10653 = CARTESIAN_POINT('',(200.087,-65.956107,0.));
#10654 = CIRCLE('',#10655,0.175);
#10655 = AXIS2_PLACEMENT_3D('',#10656,#10657,#10658);
#10656 = CARTESIAN_POINT('',(200.087,-65.781107,0.));
#10657 = DIRECTION('',(-0.,0.,-1.));
#10658 = DIRECTION('',(-0.,-1.,0.));
#10659 = FACE_BOUND('',#10660,.F.);
#10660 = EDGE_LOOP('',(#10661));
#10661 = ORIENTED_EDGE('',*,*,#10662,.T.);
#10662 = EDGE_CURVE('',#10663,#10663,#10665,.T.);
#10663 = VERTEX_POINT('',#10664);
#10664 = CARTESIAN_POINT('',(201.362,-67.231107,0.));
#10665 = CIRCLE('',#10666,0.175);
#10666 = AXIS2_PLACEMENT_3D('',#10667,#10668,#10669);
#10667 = CARTESIAN_POINT('',(201.362,-67.056107,0.));
#10668 = DIRECTION('',(-0.,0.,-1.));
#10669 = DIRECTION('',(-1.624097681738E-13,-1.,0.));
#10670 = FACE_BOUND('',#10671,.F.);
#10671 = EDGE_LOOP('',(#10672));
#10672 = ORIENTED_EDGE('',*,*,#10673,.T.);
#10673 = EDGE_CURVE('',#10674,#10674,#10676,.T.);
#10674 = VERTEX_POINT('',#10675);
#10675 = CARTESIAN_POINT('',(201.362,-65.956107,0.));
#10676 = CIRCLE('',#10677,0.175);
#10677 = AXIS2_PLACEMENT_3D('',#10678,#10679,#10680);
#10678 = CARTESIAN_POINT('',(201.362,-65.781107,0.));
#10679 = DIRECTION('',(-0.,0.,-1.));
#10680 = DIRECTION('',(-1.624097681738E-13,-1.,0.));
#10681 = FACE_BOUND('',#10682,.F.);
#10682 = EDGE_LOOP('',(#10683));
#10683 = ORIENTED_EDGE('',*,*,#10684,.T.);
#10684 = EDGE_CURVE('',#10685,#10685,#10687,.T.);
#10685 = VERTEX_POINT('',#10686);
#10686 = CARTESIAN_POINT('',(202.637,-68.506107,0.));
#10687 = CIRCLE('',#10688,0.175);
#10688 = AXIS2_PLACEMENT_3D('',#10689,#10690,#10691);
#10689 = CARTESIAN_POINT('',(202.637,-68.331107,0.));
#10690 = DIRECTION('',(-0.,0.,-1.));
#10691 = DIRECTION('',(-0.,-1.,0.));
#10692 = FACE_BOUND('',#10693,.F.);
#10693 = EDGE_LOOP('',(#10694));
#10694 = ORIENTED_EDGE('',*,*,#10695,.T.);
#10695 = EDGE_CURVE('',#10696,#10696,#10698,.T.);
#10696 = VERTEX_POINT('',#10697);
#10697 = CARTESIAN_POINT('',(202.637,-67.231107,0.));
#10698 = CIRCLE('',#10699,0.175);
#10699 = AXIS2_PLACEMENT_3D('',#10700,#10701,#10702);
#10700 = CARTESIAN_POINT('',(202.637,-67.056107,0.));
#10701 = DIRECTION('',(-0.,0.,-1.));
#10702 = DIRECTION('',(-0.,-1.,0.));
#10703 = FACE_BOUND('',#10704,.F.);
#10704 = EDGE_LOOP('',(#10705));
#10705 = ORIENTED_EDGE('',*,*,#10706,.T.);
#10706 = EDGE_CURVE('',#10707,#10707,#10709,.T.);
#10707 = VERTEX_POINT('',#10708);
#10708 = CARTESIAN_POINT('',(202.637,-65.956107,0.));
#10709 = CIRCLE('',#10710,0.175);
#10710 = AXIS2_PLACEMENT_3D('',#10711,#10712,#10713);
#10711 = CARTESIAN_POINT('',(202.637,-65.781107,0.));
#10712 = DIRECTION('',(-0.,0.,-1.));
#10713 = DIRECTION('',(-0.,-1.,0.));
#10714 = FACE_BOUND('',#10715,.F.);
#10715 = EDGE_LOOP('',(#10716));
#10716 = ORIENTED_EDGE('',*,*,#10717,.T.);
#10717 = EDGE_CURVE('',#10718,#10718,#10720,.T.);
#10718 = VERTEX_POINT('',#10719);
#10719 = CARTESIAN_POINT('',(197.897,-35.706875,0.));
#10720 = CIRCLE('',#10721,0.325);
#10721 = AXIS2_PLACEMENT_3D('',#10722,#10723,#10724);
#10722 = CARTESIAN_POINT('',(197.897,-35.381875,0.));
#10723 = DIRECTION('',(-0.,0.,-1.));
#10724 = DIRECTION('',(-0.,-1.,0.));
#10725 = FACE_BOUND('',#10726,.F.);
#10726 = EDGE_LOOP('',(#10727));
#10727 = ORIENTED_EDGE('',*,*,#10728,.T.);
#10728 = EDGE_CURVE('',#10729,#10729,#10731,.T.);
#10729 = VERTEX_POINT('',#10730);
#10730 = CARTESIAN_POINT('',(203.677,-35.706875,0.));
#10731 = CIRCLE('',#10732,0.325);
#10732 = AXIS2_PLACEMENT_3D('',#10733,#10734,#10735);
#10733 = CARTESIAN_POINT('',(203.677,-35.381875,0.));
#10734 = DIRECTION('',(-0.,0.,-1.));
#10735 = DIRECTION('',(-8.745141363202E-14,-1.,0.));
#10736 = FACE_BOUND('',#10737,.F.);
#10737 = EDGE_LOOP('',(#10738,#10749,#10757,#10766));
#10738 = ORIENTED_EDGE('',*,*,#10739,.T.);
#10739 = EDGE_CURVE('',#10740,#10742,#10744,.T.);
#10740 = VERTEX_POINT('',#10741);
#10741 = CARTESIAN_POINT('',(205.407,-36.461875,0.));
#10742 = VERTEX_POINT('',#10743);
#10743 = CARTESIAN_POINT('',(204.807,-36.461875,0.));
#10744 = CIRCLE('',#10745,0.3);
#10745 = AXIS2_PLACEMENT_3D('',#10746,#10747,#10748);
#10746 = CARTESIAN_POINT('',(205.107,-36.461875,0.));
#10747 = DIRECTION('',(-0.,0.,-1.));
#10748 = DIRECTION('',(-1.,-4.736951571734E-14,0.));
#10749 = ORIENTED_EDGE('',*,*,#10750,.T.);
#10750 = EDGE_CURVE('',#10742,#10751,#10753,.T.);
#10751 = VERTEX_POINT('',#10752);
#10752 = CARTESIAN_POINT('',(204.807,-35.361875,0.));
#10753 = LINE('',#10754,#10755);
#10754 = CARTESIAN_POINT('',(204.807,-17.6809375,0.));
#10755 = VECTOR('',#10756,1.);
#10756 = DIRECTION('',(-0.,1.,0.));
#10757 = ORIENTED_EDGE('',*,*,#10758,.T.);
#10758 = EDGE_CURVE('',#10751,#10759,#10761,.T.);
#10759 = VERTEX_POINT('',#10760);
#10760 = CARTESIAN_POINT('',(205.407,-35.361875,0.));
#10761 = CIRCLE('',#10762,0.3);
#10762 = AXIS2_PLACEMENT_3D('',#10763,#10764,#10765);
#10763 = CARTESIAN_POINT('',(205.107,-35.361875,0.));
#10764 = DIRECTION('',(0.,-0.,-1.));
#10765 = DIRECTION('',(1.,4.736951571734E-14,-0.));
#10766 = ORIENTED_EDGE('',*,*,#10767,.T.);
#10767 = EDGE_CURVE('',#10759,#10740,#10768,.T.);
#10768 = LINE('',#10769,#10770);
#10769 = CARTESIAN_POINT('',(205.407,-18.2309375,0.));
#10770 = VECTOR('',#10771,1.);
#10771 = DIRECTION('',(0.,-1.,0.));
#10772 = FACE_BOUND('',#10773,.F.);
#10773 = EDGE_LOOP('',(#10774,#10785,#10793,#10802));
#10774 = ORIENTED_EDGE('',*,*,#10775,.T.);
#10775 = EDGE_CURVE('',#10776,#10778,#10780,.T.);
#10776 = VERTEX_POINT('',#10777);
#10777 = CARTESIAN_POINT('',(205.407,-32.031875,0.));
#10778 = VERTEX_POINT('',#10779);
#10779 = CARTESIAN_POINT('',(204.807,-32.031875,0.));
#10780 = CIRCLE('',#10781,0.3);
#10781 = AXIS2_PLACEMENT_3D('',#10782,#10783,#10784);
#10782 = CARTESIAN_POINT('',(205.107,-32.031875,0.));
#10783 = DIRECTION('',(-0.,0.,-1.));
#10784 = DIRECTION('',(-1.,-4.736951571734E-14,0.));
#10785 = ORIENTED_EDGE('',*,*,#10786,.T.);
#10786 = EDGE_CURVE('',#10778,#10787,#10789,.T.);
#10787 = VERTEX_POINT('',#10788);
#10788 = CARTESIAN_POINT('',(204.807,-31.431875,0.));
#10789 = LINE('',#10790,#10791);
#10790 = CARTESIAN_POINT('',(204.807,-15.7159375,0.));
#10791 = VECTOR('',#10792,1.);
#10792 = DIRECTION('',(-0.,1.,0.));
#10793 = ORIENTED_EDGE('',*,*,#10794,.T.);
#10794 = EDGE_CURVE('',#10787,#10795,#10797,.T.);
#10795 = VERTEX_POINT('',#10796);
#10796 = CARTESIAN_POINT('',(205.407,-31.431875,0.));
#10797 = CIRCLE('',#10798,0.3);
#10798 = AXIS2_PLACEMENT_3D('',#10799,#10800,#10801);
#10799 = CARTESIAN_POINT('',(205.107,-31.431875,0.));
#10800 = DIRECTION('',(0.,-0.,-1.));
#10801 = DIRECTION('',(1.,3.5527136788E-14,-0.));
#10802 = ORIENTED_EDGE('',*,*,#10803,.T.);
#10803 = EDGE_CURVE('',#10795,#10776,#10804,.T.);
#10804 = LINE('',#10805,#10806);
#10805 = CARTESIAN_POINT('',(205.407,-16.0159375,0.));
#10806 = VECTOR('',#10807,1.);
#10807 = DIRECTION('',(0.,-1.,0.));
#10808 = FACE_BOUND('',#10809,.F.);
#10809 = EDGE_LOOP('',(#10810));
#10810 = ORIENTED_EDGE('',*,*,#10811,.T.);
#10811 = EDGE_CURVE('',#10812,#10812,#10814,.T.);
#10812 = VERTEX_POINT('',#10813);
#10813 = CARTESIAN_POINT('',(209.39125,-41.632125,0.));
#10814 = CIRCLE('',#10815,0.5);
#10815 = AXIS2_PLACEMENT_3D('',#10816,#10817,#10818);
#10816 = CARTESIAN_POINT('',(209.39125,-41.132125,0.));
#10817 = DIRECTION('',(-0.,0.,-1.));
#10818 = DIRECTION('',(-0.,-1.,0.));
#10819 = FACE_BOUND('',#10820,.F.);
#10820 = EDGE_LOOP('',(#10821));
#10821 = ORIENTED_EDGE('',*,*,#10822,.T.);
#10822 = EDGE_CURVE('',#10823,#10823,#10825,.T.);
#10823 = VERTEX_POINT('',#10824);
#10824 = CARTESIAN_POINT('',(211.93125,-41.632125,0.));
#10825 = CIRCLE('',#10826,0.5);
#10826 = AXIS2_PLACEMENT_3D('',#10827,#10828,#10829);
#10827 = CARTESIAN_POINT('',(211.93125,-41.132125,0.));
#10828 = DIRECTION('',(-0.,0.,-1.));
#10829 = DIRECTION('',(-0.,-1.,0.));
#10830 = PLANE('',#10831);
#10831 = AXIS2_PLACEMENT_3D('',#10832,#10833,#10834);
#10832 = CARTESIAN_POINT('',(0.,0.,0.));
#10833 = DIRECTION('',(0.,0.,1.));
#10834 = DIRECTION('',(1.,0.,-0.));
#10835 = ADVANCED_FACE('',(#10836,#10882,#10893,#10904,#10915,#10926,
    #10937,#10948,#10959,#10970,#10981,#10992,#11003,#11014,#11025,
    #11036,#11047,#11058,#11069,#11080,#11091,#11102,#11113,#11124,
    #11135,#11146,#11157,#11168,#11179,#11190,#11201,#11212,#11223,
    #11234,#11245,#11256,#11267,#11278,#11289,#11300,#11336,#11372,
    #11383,#11394,#11405,#11416,#11427,#11438,#11449,#11460,#11471,
    #11482,#11493,#11529,#11565,#11576),#11587,.T.);
#10836 = FACE_BOUND('',#10837,.T.);
#10837 = EDGE_LOOP('',(#10838,#10839,#10840,#10849,#10857,#10866,#10874,
    #10881));
#10838 = ORIENTED_EDGE('',*,*,#9988,.F.);
#10839 = ORIENTED_EDGE('',*,*,#10030,.F.);
#10840 = ORIENTED_EDGE('',*,*,#10841,.F.);
#10841 = EDGE_CURVE('',#10842,#10023,#10844,.T.);
#10842 = VERTEX_POINT('',#10843);
#10843 = CARTESIAN_POINT('',(171.45,-31.988125,1.51));
#10844 = CIRCLE('',#10845,1.587500051669);
#10845 = AXIS2_PLACEMENT_3D('',#10846,#10847,#10848);
#10846 = CARTESIAN_POINT('',(173.03750005166,-31.98812505166,1.51));
#10847 = DIRECTION('',(0.,0.,-1.));
#10848 = DIRECTION('',(-1.,3.25477058325E-08,0.));
#10849 = ORIENTED_EDGE('',*,*,#10850,.F.);
#10850 = EDGE_CURVE('',#10851,#10842,#10853,.T.);
#10851 = VERTEX_POINT('',#10852);
#10852 = CARTESIAN_POINT('',(171.45,-122.2375,1.51));
#10853 = LINE('',#10854,#10855);
#10854 = CARTESIAN_POINT('',(171.45,-122.2375,1.51));
#10855 = VECTOR('',#10856,1.);
#10856 = DIRECTION('',(0.,1.,0.));
#10857 = ORIENTED_EDGE('',*,*,#10858,.F.);
#10858 = EDGE_CURVE('',#10859,#10851,#10861,.T.);
#10859 = VERTEX_POINT('',#10860);
#10860 = CARTESIAN_POINT('',(173.0375,-123.825,1.51));
#10861 = CIRCLE('',#10862,1.587500051669);
#10862 = AXIS2_PLACEMENT_3D('',#10863,#10864,#10865);
#10863 = CARTESIAN_POINT('',(173.03750005166,-122.2374999483,1.51));
#10864 = DIRECTION('',(0.,0.,-1.));
#10865 = DIRECTION('',(-3.254769911871E-08,-1.,-0.));
#10866 = ORIENTED_EDGE('',*,*,#10867,.F.);
#10867 = EDGE_CURVE('',#10868,#10859,#10870,.T.);
#10868 = VERTEX_POINT('',#10869);
#10869 = CARTESIAN_POINT('',(215.0745,-123.825,1.51));
#10870 = LINE('',#10871,#10872);
#10871 = CARTESIAN_POINT('',(215.0745,-123.825,1.51));
#10872 = VECTOR('',#10873,1.);
#10873 = DIRECTION('',(-1.,0.,0.));
#10874 = ORIENTED_EDGE('',*,*,#10875,.F.);
#10875 = EDGE_CURVE('',#10053,#10868,#10876,.T.);
#10876 = CIRCLE('',#10877,1.58750005167);
#10877 = AXIS2_PLACEMENT_3D('',#10878,#10879,#10880);
#10878 = CARTESIAN_POINT('',(215.07449994833,-122.2374999483,1.51));
#10879 = DIRECTION('',(0.,0.,-1.));
#10880 = DIRECTION('',(1.,-3.254770807043E-08,0.));
#10881 = ORIENTED_EDGE('',*,*,#10052,.F.);
#10882 = FACE_BOUND('',#10883,.T.);
#10883 = EDGE_LOOP('',(#10884));
#10884 = ORIENTED_EDGE('',*,*,#10885,.T.);
#10885 = EDGE_CURVE('',#10886,#10886,#10888,.T.);
#10886 = VERTEX_POINT('',#10887);
#10887 = CARTESIAN_POINT('',(183.515,-120.007,1.51));
#10888 = CIRCLE('',#10889,0.5);
#10889 = AXIS2_PLACEMENT_3D('',#10890,#10891,#10892);
#10890 = CARTESIAN_POINT('',(183.515,-119.507,1.51));
#10891 = DIRECTION('',(-0.,0.,-1.));
#10892 = DIRECTION('',(-0.,-1.,0.));
#10893 = FACE_BOUND('',#10894,.T.);
#10894 = EDGE_LOOP('',(#10895));
#10895 = ORIENTED_EDGE('',*,*,#10896,.T.);
#10896 = EDGE_CURVE('',#10897,#10897,#10899,.T.);
#10897 = VERTEX_POINT('',#10898);
#10898 = CARTESIAN_POINT('',(183.515,-117.467,1.51));
#10899 = CIRCLE('',#10900,0.5);
#10900 = AXIS2_PLACEMENT_3D('',#10901,#10902,#10903);
#10901 = CARTESIAN_POINT('',(183.515,-116.967,1.51));
#10902 = DIRECTION('',(-0.,0.,-1.));
#10903 = DIRECTION('',(-0.,-1.,0.));
#10904 = FACE_BOUND('',#10905,.T.);
#10905 = EDGE_LOOP('',(#10906));
#10906 = ORIENTED_EDGE('',*,*,#10907,.T.);
#10907 = EDGE_CURVE('',#10908,#10908,#10910,.T.);
#10908 = VERTEX_POINT('',#10909);
#10909 = CARTESIAN_POINT('',(183.515,-114.927,1.51));
#10910 = CIRCLE('',#10911,0.5);
#10911 = AXIS2_PLACEMENT_3D('',#10912,#10913,#10914);
#10912 = CARTESIAN_POINT('',(183.515,-114.427,1.51));
#10913 = DIRECTION('',(-0.,0.,-1.));
#10914 = DIRECTION('',(-0.,-1.,0.));
#10915 = FACE_BOUND('',#10916,.T.);
#10916 = EDGE_LOOP('',(#10917));
#10917 = ORIENTED_EDGE('',*,*,#10918,.T.);
#10918 = EDGE_CURVE('',#10919,#10919,#10921,.T.);
#10919 = VERTEX_POINT('',#10920);
#10920 = CARTESIAN_POINT('',(183.515,-112.387,1.51));
#10921 = CIRCLE('',#10922,0.5);
#10922 = AXIS2_PLACEMENT_3D('',#10923,#10924,#10925);
#10923 = CARTESIAN_POINT('',(183.515,-111.887,1.51));
#10924 = DIRECTION('',(-0.,0.,-1.));
#10925 = DIRECTION('',(-0.,-1.,0.));
#10926 = FACE_BOUND('',#10927,.T.);
#10927 = EDGE_LOOP('',(#10928));
#10928 = ORIENTED_EDGE('',*,*,#10929,.T.);
#10929 = EDGE_CURVE('',#10930,#10930,#10932,.T.);
#10930 = VERTEX_POINT('',#10931);
#10931 = CARTESIAN_POINT('',(183.515,-109.847,1.51));
#10932 = CIRCLE('',#10933,0.5);
#10933 = AXIS2_PLACEMENT_3D('',#10934,#10935,#10936);
#10934 = CARTESIAN_POINT('',(183.515,-109.347,1.51));
#10935 = DIRECTION('',(-0.,0.,-1.));
#10936 = DIRECTION('',(-0.,-1.,0.));
#10937 = FACE_BOUND('',#10938,.T.);
#10938 = EDGE_LOOP('',(#10939));
#10939 = ORIENTED_EDGE('',*,*,#10940,.T.);
#10940 = EDGE_CURVE('',#10941,#10941,#10943,.T.);
#10941 = VERTEX_POINT('',#10942);
#10942 = CARTESIAN_POINT('',(183.515,-107.307,1.51));
#10943 = CIRCLE('',#10944,0.5);
#10944 = AXIS2_PLACEMENT_3D('',#10945,#10946,#10947);
#10945 = CARTESIAN_POINT('',(183.515,-106.807,1.51));
#10946 = DIRECTION('',(-0.,0.,-1.));
#10947 = DIRECTION('',(-0.,-1.,0.));
#10948 = FACE_BOUND('',#10949,.T.);
#10949 = EDGE_LOOP('',(#10950));
#10950 = ORIENTED_EDGE('',*,*,#10951,.T.);
#10951 = EDGE_CURVE('',#10952,#10952,#10954,.T.);
#10952 = VERTEX_POINT('',#10953);
#10953 = CARTESIAN_POINT('',(183.515,-104.767,1.51));
#10954 = CIRCLE('',#10955,0.5);
#10955 = AXIS2_PLACEMENT_3D('',#10956,#10957,#10958);
#10956 = CARTESIAN_POINT('',(183.515,-104.267,1.51));
#10957 = DIRECTION('',(-0.,0.,-1.));
#10958 = DIRECTION('',(-0.,-1.,0.));
#10959 = FACE_BOUND('',#10960,.T.);
#10960 = EDGE_LOOP('',(#10961));
#10961 = ORIENTED_EDGE('',*,*,#10962,.T.);
#10962 = EDGE_CURVE('',#10963,#10963,#10965,.T.);
#10963 = VERTEX_POINT('',#10964);
#10964 = CARTESIAN_POINT('',(183.515,-102.227,1.51));
#10965 = CIRCLE('',#10966,0.5);
#10966 = AXIS2_PLACEMENT_3D('',#10967,#10968,#10969);
#10967 = CARTESIAN_POINT('',(183.515,-101.727,1.51));
#10968 = DIRECTION('',(-0.,0.,-1.));
#10969 = DIRECTION('',(-0.,-1.,0.));
#10970 = FACE_BOUND('',#10971,.T.);
#10971 = EDGE_LOOP('',(#10972));
#10972 = ORIENTED_EDGE('',*,*,#10973,.T.);
#10973 = EDGE_CURVE('',#10974,#10974,#10976,.T.);
#10974 = VERTEX_POINT('',#10975);
#10975 = CARTESIAN_POINT('',(183.515,-99.687,1.51));
#10976 = CIRCLE('',#10977,0.5);
#10977 = AXIS2_PLACEMENT_3D('',#10978,#10979,#10980);
#10978 = CARTESIAN_POINT('',(183.515,-99.187,1.51));
#10979 = DIRECTION('',(-0.,0.,-1.));
#10980 = DIRECTION('',(-0.,-1.,0.));
#10981 = FACE_BOUND('',#10982,.T.);
#10982 = EDGE_LOOP('',(#10983));
#10983 = ORIENTED_EDGE('',*,*,#10984,.T.);
#10984 = EDGE_CURVE('',#10985,#10985,#10987,.T.);
#10985 = VERTEX_POINT('',#10986);
#10986 = CARTESIAN_POINT('',(196.18325,-119.864125,1.51));
#10987 = CIRCLE('',#10988,0.5);
#10988 = AXIS2_PLACEMENT_3D('',#10989,#10990,#10991);
#10989 = CARTESIAN_POINT('',(196.18325,-119.364125,1.51));
#10990 = DIRECTION('',(-0.,0.,-1.));
#10991 = DIRECTION('',(-0.,-1.,0.));
#10992 = FACE_BOUND('',#10993,.T.);
#10993 = EDGE_LOOP('',(#10994));
#10994 = ORIENTED_EDGE('',*,*,#10995,.T.);
#10995 = EDGE_CURVE('',#10996,#10996,#10998,.T.);
#10996 = VERTEX_POINT('',#10997);
#10997 = CARTESIAN_POINT('',(196.18325,-117.324125,1.51));
#10998 = CIRCLE('',#10999,0.5);
#10999 = AXIS2_PLACEMENT_3D('',#11000,#11001,#11002);
#11000 = CARTESIAN_POINT('',(196.18325,-116.824125,1.51));
#11001 = DIRECTION('',(-0.,0.,-1.));
#11002 = DIRECTION('',(-0.,-1.,0.));
#11003 = FACE_BOUND('',#11004,.T.);
#11004 = EDGE_LOOP('',(#11005));
#11005 = ORIENTED_EDGE('',*,*,#11006,.T.);
#11006 = EDGE_CURVE('',#11007,#11007,#11009,.T.);
#11007 = VERTEX_POINT('',#11008);
#11008 = CARTESIAN_POINT('',(196.18325,-114.784125,1.51));
#11009 = CIRCLE('',#11010,0.5);
#11010 = AXIS2_PLACEMENT_3D('',#11011,#11012,#11013);
#11011 = CARTESIAN_POINT('',(196.18325,-114.284125,1.51));
#11012 = DIRECTION('',(-0.,0.,-1.));
#11013 = DIRECTION('',(-0.,-1.,0.));
#11014 = FACE_BOUND('',#11015,.T.);
#11015 = EDGE_LOOP('',(#11016));
#11016 = ORIENTED_EDGE('',*,*,#11017,.T.);
#11017 = EDGE_CURVE('',#11018,#11018,#11020,.T.);
#11018 = VERTEX_POINT('',#11019);
#11019 = CARTESIAN_POINT('',(196.18325,-112.244125,1.51));
#11020 = CIRCLE('',#11021,0.5);
#11021 = AXIS2_PLACEMENT_3D('',#11022,#11023,#11024);
#11022 = CARTESIAN_POINT('',(196.18325,-111.744125,1.51));
#11023 = DIRECTION('',(-0.,0.,-1.));
#11024 = DIRECTION('',(-0.,-1.,0.));
#11025 = FACE_BOUND('',#11026,.T.);
#11026 = EDGE_LOOP('',(#11027));
#11027 = ORIENTED_EDGE('',*,*,#11028,.T.);
#11028 = EDGE_CURVE('',#11029,#11029,#11031,.T.);
#11029 = VERTEX_POINT('',#11030);
#11030 = CARTESIAN_POINT('',(196.18325,-109.704125,1.51));
#11031 = CIRCLE('',#11032,0.5);
#11032 = AXIS2_PLACEMENT_3D('',#11033,#11034,#11035);
#11033 = CARTESIAN_POINT('',(196.18325,-109.204125,1.51));
#11034 = DIRECTION('',(-0.,0.,-1.));
#11035 = DIRECTION('',(-0.,-1.,0.));
#11036 = FACE_BOUND('',#11037,.T.);
#11037 = EDGE_LOOP('',(#11038));
#11038 = ORIENTED_EDGE('',*,*,#11039,.T.);
#11039 = EDGE_CURVE('',#11040,#11040,#11042,.T.);
#11040 = VERTEX_POINT('',#11041);
#11041 = CARTESIAN_POINT('',(196.18325,-107.164125,1.51));
#11042 = CIRCLE('',#11043,0.5);
#11043 = AXIS2_PLACEMENT_3D('',#11044,#11045,#11046);
#11044 = CARTESIAN_POINT('',(196.18325,-106.664125,1.51));
#11045 = DIRECTION('',(-0.,0.,-1.));
#11046 = DIRECTION('',(-0.,-1.,0.));
#11047 = FACE_BOUND('',#11048,.T.);
#11048 = EDGE_LOOP('',(#11049));
#11049 = ORIENTED_EDGE('',*,*,#11050,.T.);
#11050 = EDGE_CURVE('',#11051,#11051,#11053,.T.);
#11051 = VERTEX_POINT('',#11052);
#11052 = CARTESIAN_POINT('',(196.18325,-104.624125,1.51));
#11053 = CIRCLE('',#11054,0.5);
#11054 = AXIS2_PLACEMENT_3D('',#11055,#11056,#11057);
#11055 = CARTESIAN_POINT('',(196.18325,-104.124125,1.51));
#11056 = DIRECTION('',(-0.,0.,-1.));
#11057 = DIRECTION('',(-0.,-1.,0.));
#11058 = FACE_BOUND('',#11059,.T.);
#11059 = EDGE_LOOP('',(#11060));
#11060 = ORIENTED_EDGE('',*,*,#11061,.T.);
#11061 = EDGE_CURVE('',#11062,#11062,#11064,.T.);
#11062 = VERTEX_POINT('',#11063);
#11063 = CARTESIAN_POINT('',(196.18325,-102.084125,1.51));
#11064 = CIRCLE('',#11065,0.5);
#11065 = AXIS2_PLACEMENT_3D('',#11066,#11067,#11068);
#11066 = CARTESIAN_POINT('',(196.18325,-101.584125,1.51));
#11067 = DIRECTION('',(-0.,0.,-1.));
#11068 = DIRECTION('',(-0.,-1.,0.));
#11069 = FACE_BOUND('',#11070,.T.);
#11070 = EDGE_LOOP('',(#11071));
#11071 = ORIENTED_EDGE('',*,*,#11072,.T.);
#11072 = EDGE_CURVE('',#11073,#11073,#11075,.T.);
#11073 = VERTEX_POINT('',#11074);
#11074 = CARTESIAN_POINT('',(196.18325,-99.544125,1.51));
#11075 = CIRCLE('',#11076,0.5);
#11076 = AXIS2_PLACEMENT_3D('',#11077,#11078,#11079);
#11077 = CARTESIAN_POINT('',(196.18325,-99.044125,1.51));
#11078 = DIRECTION('',(-0.,0.,-1.));
#11079 = DIRECTION('',(-0.,-1.,0.));
#11080 = FACE_BOUND('',#11081,.T.);
#11081 = EDGE_LOOP('',(#11082));
#11082 = ORIENTED_EDGE('',*,*,#11083,.T.);
#11083 = EDGE_CURVE('',#11084,#11084,#11086,.T.);
#11084 = VERTEX_POINT('',#11085);
#11085 = CARTESIAN_POINT('',(183.515,-97.147,1.51));
#11086 = CIRCLE('',#11087,0.5);
#11087 = AXIS2_PLACEMENT_3D('',#11088,#11089,#11090);
#11088 = CARTESIAN_POINT('',(183.515,-96.647,1.51));
#11089 = DIRECTION('',(-0.,0.,-1.));
#11090 = DIRECTION('',(-0.,-1.,0.));
#11091 = FACE_BOUND('',#11092,.T.);
#11092 = EDGE_LOOP('',(#11093));
#11093 = ORIENTED_EDGE('',*,*,#11094,.T.);
#11094 = EDGE_CURVE('',#11095,#11095,#11097,.T.);
#11095 = VERTEX_POINT('',#11096);
#11096 = CARTESIAN_POINT('',(183.515,-94.607,1.51));
#11097 = CIRCLE('',#11098,0.5);
#11098 = AXIS2_PLACEMENT_3D('',#11099,#11100,#11101);
#11099 = CARTESIAN_POINT('',(183.515,-94.107,1.51));
#11100 = DIRECTION('',(-0.,0.,-1.));
#11101 = DIRECTION('',(-0.,-1.,0.));
#11102 = FACE_BOUND('',#11103,.T.);
#11103 = EDGE_LOOP('',(#11104));
#11104 = ORIENTED_EDGE('',*,*,#11105,.T.);
#11105 = EDGE_CURVE('',#11106,#11106,#11108,.T.);
#11106 = VERTEX_POINT('',#11107);
#11107 = CARTESIAN_POINT('',(196.18325,-97.004125,1.51));
#11108 = CIRCLE('',#11109,0.5);
#11109 = AXIS2_PLACEMENT_3D('',#11110,#11111,#11112);
#11110 = CARTESIAN_POINT('',(196.18325,-96.504125,1.51));
#11111 = DIRECTION('',(-0.,0.,-1.));
#11112 = DIRECTION('',(-0.,-1.,0.));
#11113 = FACE_BOUND('',#11114,.T.);
#11114 = EDGE_LOOP('',(#11115));
#11115 = ORIENTED_EDGE('',*,*,#11116,.T.);
#11116 = EDGE_CURVE('',#11117,#11117,#11119,.T.);
#11117 = VERTEX_POINT('',#11118);
#11118 = CARTESIAN_POINT('',(196.18325,-94.464125,1.51));
#11119 = CIRCLE('',#11120,0.5);
#11120 = AXIS2_PLACEMENT_3D('',#11121,#11122,#11123);
#11121 = CARTESIAN_POINT('',(196.18325,-93.964125,1.51));
#11122 = DIRECTION('',(-0.,0.,-1.));
#11123 = DIRECTION('',(-0.,-1.,0.));
#11124 = FACE_BOUND('',#11125,.T.);
#11125 = EDGE_LOOP('',(#11126));
#11126 = ORIENTED_EDGE('',*,*,#11127,.T.);
#11127 = EDGE_CURVE('',#11128,#11128,#11130,.T.);
#11128 = VERTEX_POINT('',#11129);
#11129 = CARTESIAN_POINT('',(193.26225,-84.431125,1.51));
#11130 = CIRCLE('',#11131,0.5);
#11131 = AXIS2_PLACEMENT_3D('',#11132,#11133,#11134);
#11132 = CARTESIAN_POINT('',(193.26225,-83.931125,1.51));
#11133 = DIRECTION('',(-0.,0.,-1.));
#11134 = DIRECTION('',(-0.,-1.,0.));
#11135 = FACE_BOUND('',#11136,.T.);
#11136 = EDGE_LOOP('',(#11137));
#11137 = ORIENTED_EDGE('',*,*,#11138,.T.);
#11138 = EDGE_CURVE('',#11139,#11139,#11141,.T.);
#11139 = VERTEX_POINT('',#11140);
#11140 = CARTESIAN_POINT('',(195.80225,-84.431125,1.51));
#11141 = CIRCLE('',#11142,0.5);
#11142 = AXIS2_PLACEMENT_3D('',#11143,#11144,#11145);
#11143 = CARTESIAN_POINT('',(195.80225,-83.931125,1.51));
#11144 = DIRECTION('',(-0.,0.,-1.));
#11145 = DIRECTION('',(-0.,-1.,0.));
#11146 = FACE_BOUND('',#11147,.T.);
#11147 = EDGE_LOOP('',(#11148));
#11148 = ORIENTED_EDGE('',*,*,#11149,.T.);
#11149 = EDGE_CURVE('',#11150,#11150,#11152,.T.);
#11150 = VERTEX_POINT('',#11151);
#11151 = CARTESIAN_POINT('',(208.6995,-119.775625,1.51));
#11152 = CIRCLE('',#11153,0.5);
#11153 = AXIS2_PLACEMENT_3D('',#11154,#11155,#11156);
#11154 = CARTESIAN_POINT('',(208.6995,-119.275625,1.51));
#11155 = DIRECTION('',(-0.,0.,-1.));
#11156 = DIRECTION('',(-0.,-1.,0.));
#11157 = FACE_BOUND('',#11158,.T.);
#11158 = EDGE_LOOP('',(#11159));
#11159 = ORIENTED_EDGE('',*,*,#11160,.T.);
#11160 = EDGE_CURVE('',#11161,#11161,#11163,.T.);
#11161 = VERTEX_POINT('',#11162);
#11162 = CARTESIAN_POINT('',(208.6995,-117.235625,1.51));
#11163 = CIRCLE('',#11164,0.5);
#11164 = AXIS2_PLACEMENT_3D('',#11165,#11166,#11167);
#11165 = CARTESIAN_POINT('',(208.6995,-116.735625,1.51));
#11166 = DIRECTION('',(-0.,0.,-1.));
#11167 = DIRECTION('',(-0.,-1.,0.));
#11168 = FACE_BOUND('',#11169,.T.);
#11169 = EDGE_LOOP('',(#11170));
#11170 = ORIENTED_EDGE('',*,*,#11171,.T.);
#11171 = EDGE_CURVE('',#11172,#11172,#11174,.T.);
#11172 = VERTEX_POINT('',#11173);
#11173 = CARTESIAN_POINT('',(208.6995,-114.695625,1.51));
#11174 = CIRCLE('',#11175,0.5);
#11175 = AXIS2_PLACEMENT_3D('',#11176,#11177,#11178);
#11176 = CARTESIAN_POINT('',(208.6995,-114.195625,1.51));
#11177 = DIRECTION('',(-0.,0.,-1.));
#11178 = DIRECTION('',(-0.,-1.,0.));
#11179 = FACE_BOUND('',#11180,.T.);
#11180 = EDGE_LOOP('',(#11181));
#11181 = ORIENTED_EDGE('',*,*,#11182,.T.);
#11182 = EDGE_CURVE('',#11183,#11183,#11185,.T.);
#11183 = VERTEX_POINT('',#11184);
#11184 = CARTESIAN_POINT('',(208.6995,-112.155625,1.51));
#11185 = CIRCLE('',#11186,0.5);
#11186 = AXIS2_PLACEMENT_3D('',#11187,#11188,#11189);
#11187 = CARTESIAN_POINT('',(208.6995,-111.655625,1.51));
#11188 = DIRECTION('',(-0.,0.,-1.));
#11189 = DIRECTION('',(-0.,-1.,0.));
#11190 = FACE_BOUND('',#11191,.T.);
#11191 = EDGE_LOOP('',(#11192));
#11192 = ORIENTED_EDGE('',*,*,#11193,.T.);
#11193 = EDGE_CURVE('',#11194,#11194,#11196,.T.);
#11194 = VERTEX_POINT('',#11195);
#11195 = CARTESIAN_POINT('',(208.6995,-109.615625,1.51));
#11196 = CIRCLE('',#11197,0.5);
#11197 = AXIS2_PLACEMENT_3D('',#11198,#11199,#11200);
#11198 = CARTESIAN_POINT('',(208.6995,-109.115625,1.51));
#11199 = DIRECTION('',(-0.,0.,-1.));
#11200 = DIRECTION('',(-0.,-1.,0.));
#11201 = FACE_BOUND('',#11202,.T.);
#11202 = EDGE_LOOP('',(#11203));
#11203 = ORIENTED_EDGE('',*,*,#11204,.T.);
#11204 = EDGE_CURVE('',#11205,#11205,#11207,.T.);
#11205 = VERTEX_POINT('',#11206);
#11206 = CARTESIAN_POINT('',(208.6995,-107.075625,1.51));
#11207 = CIRCLE('',#11208,0.5);
#11208 = AXIS2_PLACEMENT_3D('',#11209,#11210,#11211);
#11209 = CARTESIAN_POINT('',(208.6995,-106.575625,1.51));
#11210 = DIRECTION('',(-0.,0.,-1.));
#11211 = DIRECTION('',(-0.,-1.,0.));
#11212 = FACE_BOUND('',#11213,.T.);
#11213 = EDGE_LOOP('',(#11214));
#11214 = ORIENTED_EDGE('',*,*,#11215,.T.);
#11215 = EDGE_CURVE('',#11216,#11216,#11218,.T.);
#11216 = VERTEX_POINT('',#11217);
#11217 = CARTESIAN_POINT('',(208.6995,-104.535625,1.51));
#11218 = CIRCLE('',#11219,0.5);
#11219 = AXIS2_PLACEMENT_3D('',#11220,#11221,#11222);
#11220 = CARTESIAN_POINT('',(208.6995,-104.035625,1.51));
#11221 = DIRECTION('',(-0.,0.,-1.));
#11222 = DIRECTION('',(-0.,-1.,0.));
#11223 = FACE_BOUND('',#11224,.T.);
#11224 = EDGE_LOOP('',(#11225));
#11225 = ORIENTED_EDGE('',*,*,#11226,.T.);
#11226 = EDGE_CURVE('',#11227,#11227,#11229,.T.);
#11227 = VERTEX_POINT('',#11228);
#11228 = CARTESIAN_POINT('',(208.6995,-101.995625,1.51));
#11229 = CIRCLE('',#11230,0.5);
#11230 = AXIS2_PLACEMENT_3D('',#11231,#11232,#11233);
#11231 = CARTESIAN_POINT('',(208.6995,-101.495625,1.51));
#11232 = DIRECTION('',(-0.,0.,-1.));
#11233 = DIRECTION('',(-0.,-1.,0.));
#11234 = FACE_BOUND('',#11235,.T.);
#11235 = EDGE_LOOP('',(#11236));
#11236 = ORIENTED_EDGE('',*,*,#11237,.T.);
#11237 = EDGE_CURVE('',#11238,#11238,#11240,.T.);
#11238 = VERTEX_POINT('',#11239);
#11239 = CARTESIAN_POINT('',(208.6995,-99.455625,1.51));
#11240 = CIRCLE('',#11241,0.5);
#11241 = AXIS2_PLACEMENT_3D('',#11242,#11243,#11244);
#11242 = CARTESIAN_POINT('',(208.6995,-98.955625,1.51));
#11243 = DIRECTION('',(-0.,0.,-1.));
#11244 = DIRECTION('',(-0.,-1.,0.));
#11245 = FACE_BOUND('',#11246,.T.);
#11246 = EDGE_LOOP('',(#11247));
#11247 = ORIENTED_EDGE('',*,*,#11248,.T.);
#11248 = EDGE_CURVE('',#11249,#11249,#11251,.T.);
#11249 = VERTEX_POINT('',#11250);
#11250 = CARTESIAN_POINT('',(198.34225,-84.431125,1.51));
#11251 = CIRCLE('',#11252,0.5);
#11252 = AXIS2_PLACEMENT_3D('',#11253,#11254,#11255);
#11253 = CARTESIAN_POINT('',(198.34225,-83.931125,1.51));
#11254 = DIRECTION('',(-0.,0.,-1.));
#11255 = DIRECTION('',(-0.,-1.,0.));
#11256 = FACE_BOUND('',#11257,.T.);
#11257 = EDGE_LOOP('',(#11258));
#11258 = ORIENTED_EDGE('',*,*,#11259,.T.);
#11259 = EDGE_CURVE('',#11260,#11260,#11262,.T.);
#11260 = VERTEX_POINT('',#11261);
#11261 = CARTESIAN_POINT('',(200.88225,-84.431125,1.51));
#11262 = CIRCLE('',#11263,0.5);
#11263 = AXIS2_PLACEMENT_3D('',#11264,#11265,#11266);
#11264 = CARTESIAN_POINT('',(200.88225,-83.931125,1.51));
#11265 = DIRECTION('',(-0.,0.,-1.));
#11266 = DIRECTION('',(-0.,-1.,0.));
#11267 = FACE_BOUND('',#11268,.T.);
#11268 = EDGE_LOOP('',(#11269));
#11269 = ORIENTED_EDGE('',*,*,#11270,.T.);
#11270 = EDGE_CURVE('',#11271,#11271,#11273,.T.);
#11271 = VERTEX_POINT('',#11272);
#11272 = CARTESIAN_POINT('',(203.42225,-84.431125,1.51));
#11273 = CIRCLE('',#11274,0.5);
#11274 = AXIS2_PLACEMENT_3D('',#11275,#11276,#11277);
#11275 = CARTESIAN_POINT('',(203.42225,-83.931125,1.51));
#11276 = DIRECTION('',(-0.,0.,-1.));
#11277 = DIRECTION('',(-0.,-1.,0.));
#11278 = FACE_BOUND('',#11279,.T.);
#11279 = EDGE_LOOP('',(#11280));
#11280 = ORIENTED_EDGE('',*,*,#11281,.T.);
#11281 = EDGE_CURVE('',#11282,#11282,#11284,.T.);
#11282 = VERTEX_POINT('',#11283);
#11283 = CARTESIAN_POINT('',(208.6995,-96.915625,1.51));
#11284 = CIRCLE('',#11285,0.5);
#11285 = AXIS2_PLACEMENT_3D('',#11286,#11287,#11288);
#11286 = CARTESIAN_POINT('',(208.6995,-96.415625,1.51));
#11287 = DIRECTION('',(-0.,0.,-1.));
#11288 = DIRECTION('',(-0.,-1.,0.));
#11289 = FACE_BOUND('',#11290,.T.);
#11290 = EDGE_LOOP('',(#11291));
#11291 = ORIENTED_EDGE('',*,*,#11292,.T.);
#11292 = EDGE_CURVE('',#11293,#11293,#11295,.T.);
#11293 = VERTEX_POINT('',#11294);
#11294 = CARTESIAN_POINT('',(208.6995,-94.375625,1.51));
#11295 = CIRCLE('',#11296,0.5);
#11296 = AXIS2_PLACEMENT_3D('',#11297,#11298,#11299);
#11297 = CARTESIAN_POINT('',(208.6995,-93.875625,1.51));
#11298 = DIRECTION('',(-0.,0.,-1.));
#11299 = DIRECTION('',(-0.,-1.,0.));
#11300 = FACE_BOUND('',#11301,.T.);
#11301 = EDGE_LOOP('',(#11302,#11313,#11321,#11330));
#11302 = ORIENTED_EDGE('',*,*,#11303,.T.);
#11303 = EDGE_CURVE('',#11304,#11306,#11308,.T.);
#11304 = VERTEX_POINT('',#11305);
#11305 = CARTESIAN_POINT('',(196.767,-36.461875,1.51));
#11306 = VERTEX_POINT('',#11307);
#11307 = CARTESIAN_POINT('',(196.167,-36.461875,1.51));
#11308 = CIRCLE('',#11309,0.3);
#11309 = AXIS2_PLACEMENT_3D('',#11310,#11311,#11312);
#11310 = CARTESIAN_POINT('',(196.467,-36.461875,1.51));
#11311 = DIRECTION('',(-0.,0.,-1.));
#11312 = DIRECTION('',(-1.,0.,0.));
#11313 = ORIENTED_EDGE('',*,*,#11314,.T.);
#11314 = EDGE_CURVE('',#11306,#11315,#11317,.T.);
#11315 = VERTEX_POINT('',#11316);
#11316 = CARTESIAN_POINT('',(196.167,-35.361875,1.51));
#11317 = LINE('',#11318,#11319);
#11318 = CARTESIAN_POINT('',(196.167,-17.6809375,1.51));
#11319 = VECTOR('',#11320,1.);
#11320 = DIRECTION('',(-0.,1.,0.));
#11321 = ORIENTED_EDGE('',*,*,#11322,.T.);
#11322 = EDGE_CURVE('',#11315,#11323,#11325,.T.);
#11323 = VERTEX_POINT('',#11324);
#11324 = CARTESIAN_POINT('',(196.767,-35.361875,1.51));
#11325 = CIRCLE('',#11326,0.3);
#11326 = AXIS2_PLACEMENT_3D('',#11327,#11328,#11329);
#11327 = CARTESIAN_POINT('',(196.467,-35.361875,1.51));
#11328 = DIRECTION('',(0.,-0.,-1.));
#11329 = DIRECTION('',(1.,2.368475785867E-14,-0.));
#11330 = ORIENTED_EDGE('',*,*,#11331,.T.);
#11331 = EDGE_CURVE('',#11323,#11304,#11332,.T.);
#11332 = LINE('',#11333,#11334);
#11333 = CARTESIAN_POINT('',(196.767,-18.2309375,1.51));
#11334 = VECTOR('',#11335,1.);
#11335 = DIRECTION('',(0.,-1.,0.));
#11336 = FACE_BOUND('',#11337,.T.);
#11337 = EDGE_LOOP('',(#11338,#11349,#11357,#11366));
#11338 = ORIENTED_EDGE('',*,*,#11339,.T.);
#11339 = EDGE_CURVE('',#11340,#11342,#11344,.T.);
#11340 = VERTEX_POINT('',#11341);
#11341 = CARTESIAN_POINT('',(196.767,-32.031875,1.51));
#11342 = VERTEX_POINT('',#11343);
#11343 = CARTESIAN_POINT('',(196.167,-32.031875,1.51));
#11344 = CIRCLE('',#11345,0.3);
#11345 = AXIS2_PLACEMENT_3D('',#11346,#11347,#11348);
#11346 = CARTESIAN_POINT('',(196.467,-32.031875,1.51));
#11347 = DIRECTION('',(-0.,0.,-1.));
#11348 = DIRECTION('',(-1.,-2.368475785867E-14,0.));
#11349 = ORIENTED_EDGE('',*,*,#11350,.T.);
#11350 = EDGE_CURVE('',#11342,#11351,#11353,.T.);
#11351 = VERTEX_POINT('',#11352);
#11352 = CARTESIAN_POINT('',(196.167,-31.431875,1.51));
#11353 = LINE('',#11354,#11355);
#11354 = CARTESIAN_POINT('',(196.167,-15.7159375,1.51));
#11355 = VECTOR('',#11356,1.);
#11356 = DIRECTION('',(-0.,1.,0.));
#11357 = ORIENTED_EDGE('',*,*,#11358,.T.);
#11358 = EDGE_CURVE('',#11351,#11359,#11361,.T.);
#11359 = VERTEX_POINT('',#11360);
#11360 = CARTESIAN_POINT('',(196.767,-31.431875,1.51));
#11361 = CIRCLE('',#11362,0.3);
#11362 = AXIS2_PLACEMENT_3D('',#11363,#11364,#11365);
#11363 = CARTESIAN_POINT('',(196.467,-31.431875,1.51));
#11364 = DIRECTION('',(0.,-0.,-1.));
#11365 = DIRECTION('',(1.,1.184237892934E-14,-0.));
#11366 = ORIENTED_EDGE('',*,*,#11367,.T.);
#11367 = EDGE_CURVE('',#11359,#11340,#11368,.T.);
#11368 = LINE('',#11369,#11370);
#11369 = CARTESIAN_POINT('',(196.767,-16.0159375,1.51));
#11370 = VECTOR('',#11371,1.);
#11371 = DIRECTION('',(0.,-1.,0.));
#11372 = FACE_BOUND('',#11373,.T.);
#11373 = EDGE_LOOP('',(#11374));
#11374 = ORIENTED_EDGE('',*,*,#11375,.T.);
#11375 = EDGE_CURVE('',#11376,#11376,#11378,.T.);
#11376 = VERTEX_POINT('',#11377);
#11377 = CARTESIAN_POINT('',(200.087,-68.506107,1.51));
#11378 = CIRCLE('',#11379,0.175);
#11379 = AXIS2_PLACEMENT_3D('',#11380,#11381,#11382);
#11380 = CARTESIAN_POINT('',(200.087,-68.331107,1.51));
#11381 = DIRECTION('',(-0.,0.,-1.));
#11382 = DIRECTION('',(-0.,-1.,0.));
#11383 = FACE_BOUND('',#11384,.T.);
#11384 = EDGE_LOOP('',(#11385));
#11385 = ORIENTED_EDGE('',*,*,#11386,.T.);
#11386 = EDGE_CURVE('',#11387,#11387,#11389,.T.);
#11387 = VERTEX_POINT('',#11388);
#11388 = CARTESIAN_POINT('',(201.362,-68.506107,1.51));
#11389 = CIRCLE('',#11390,0.175);
#11390 = AXIS2_PLACEMENT_3D('',#11391,#11392,#11393);
#11391 = CARTESIAN_POINT('',(201.362,-68.331107,1.51));
#11392 = DIRECTION('',(-0.,0.,-1.));
#11393 = DIRECTION('',(-1.624097681738E-13,-1.,0.));
#11394 = FACE_BOUND('',#11395,.T.);
#11395 = EDGE_LOOP('',(#11396));
#11396 = ORIENTED_EDGE('',*,*,#11397,.T.);
#11397 = EDGE_CURVE('',#11398,#11398,#11400,.T.);
#11398 = VERTEX_POINT('',#11399);
#11399 = CARTESIAN_POINT('',(200.087,-67.231107,1.51));
#11400 = CIRCLE('',#11401,0.175);
#11401 = AXIS2_PLACEMENT_3D('',#11402,#11403,#11404);
#11402 = CARTESIAN_POINT('',(200.087,-67.056107,1.51));
#11403 = DIRECTION('',(-0.,0.,-1.));
#11404 = DIRECTION('',(-0.,-1.,0.));
#11405 = FACE_BOUND('',#11406,.T.);
#11406 = EDGE_LOOP('',(#11407));
#11407 = ORIENTED_EDGE('',*,*,#11408,.T.);
#11408 = EDGE_CURVE('',#11409,#11409,#11411,.T.);
#11409 = VERTEX_POINT('',#11410);
#11410 = CARTESIAN_POINT('',(200.087,-65.956107,1.51));
#11411 = CIRCLE('',#11412,0.175);
#11412 = AXIS2_PLACEMENT_3D('',#11413,#11414,#11415);
#11413 = CARTESIAN_POINT('',(200.087,-65.781107,1.51));
#11414 = DIRECTION('',(-0.,0.,-1.));
#11415 = DIRECTION('',(-0.,-1.,0.));
#11416 = FACE_BOUND('',#11417,.T.);
#11417 = EDGE_LOOP('',(#11418));
#11418 = ORIENTED_EDGE('',*,*,#11419,.T.);
#11419 = EDGE_CURVE('',#11420,#11420,#11422,.T.);
#11420 = VERTEX_POINT('',#11421);
#11421 = CARTESIAN_POINT('',(201.362,-67.231107,1.51));
#11422 = CIRCLE('',#11423,0.175);
#11423 = AXIS2_PLACEMENT_3D('',#11424,#11425,#11426);
#11424 = CARTESIAN_POINT('',(201.362,-67.056107,1.51));
#11425 = DIRECTION('',(-0.,0.,-1.));
#11426 = DIRECTION('',(-1.624097681738E-13,-1.,0.));
#11427 = FACE_BOUND('',#11428,.T.);
#11428 = EDGE_LOOP('',(#11429));
#11429 = ORIENTED_EDGE('',*,*,#11430,.T.);
#11430 = EDGE_CURVE('',#11431,#11431,#11433,.T.);
#11431 = VERTEX_POINT('',#11432);
#11432 = CARTESIAN_POINT('',(201.362,-65.956107,1.51));
#11433 = CIRCLE('',#11434,0.175);
#11434 = AXIS2_PLACEMENT_3D('',#11435,#11436,#11437);
#11435 = CARTESIAN_POINT('',(201.362,-65.781107,1.51));
#11436 = DIRECTION('',(-0.,0.,-1.));
#11437 = DIRECTION('',(-1.624097681738E-13,-1.,0.));
#11438 = FACE_BOUND('',#11439,.T.);
#11439 = EDGE_LOOP('',(#11440));
#11440 = ORIENTED_EDGE('',*,*,#11441,.T.);
#11441 = EDGE_CURVE('',#11442,#11442,#11444,.T.);
#11442 = VERTEX_POINT('',#11443);
#11443 = CARTESIAN_POINT('',(202.637,-68.506107,1.51));
#11444 = CIRCLE('',#11445,0.175);
#11445 = AXIS2_PLACEMENT_3D('',#11446,#11447,#11448);
#11446 = CARTESIAN_POINT('',(202.637,-68.331107,1.51));
#11447 = DIRECTION('',(-0.,0.,-1.));
#11448 = DIRECTION('',(-0.,-1.,0.));
#11449 = FACE_BOUND('',#11450,.T.);
#11450 = EDGE_LOOP('',(#11451));
#11451 = ORIENTED_EDGE('',*,*,#11452,.T.);
#11452 = EDGE_CURVE('',#11453,#11453,#11455,.T.);
#11453 = VERTEX_POINT('',#11454);
#11454 = CARTESIAN_POINT('',(202.637,-67.231107,1.51));
#11455 = CIRCLE('',#11456,0.175);
#11456 = AXIS2_PLACEMENT_3D('',#11457,#11458,#11459);
#11457 = CARTESIAN_POINT('',(202.637,-67.056107,1.51));
#11458 = DIRECTION('',(-0.,0.,-1.));
#11459 = DIRECTION('',(-0.,-1.,0.));
#11460 = FACE_BOUND('',#11461,.T.);
#11461 = EDGE_LOOP('',(#11462));
#11462 = ORIENTED_EDGE('',*,*,#11463,.T.);
#11463 = EDGE_CURVE('',#11464,#11464,#11466,.T.);
#11464 = VERTEX_POINT('',#11465);
#11465 = CARTESIAN_POINT('',(202.637,-65.956107,1.51));
#11466 = CIRCLE('',#11467,0.175);
#11467 = AXIS2_PLACEMENT_3D('',#11468,#11469,#11470);
#11468 = CARTESIAN_POINT('',(202.637,-65.781107,1.51));
#11469 = DIRECTION('',(-0.,0.,-1.));
#11470 = DIRECTION('',(-0.,-1.,0.));
#11471 = FACE_BOUND('',#11472,.T.);
#11472 = EDGE_LOOP('',(#11473));
#11473 = ORIENTED_EDGE('',*,*,#11474,.T.);
#11474 = EDGE_CURVE('',#11475,#11475,#11477,.T.);
#11475 = VERTEX_POINT('',#11476);
#11476 = CARTESIAN_POINT('',(197.897,-35.706875,1.51));
#11477 = CIRCLE('',#11478,0.325);
#11478 = AXIS2_PLACEMENT_3D('',#11479,#11480,#11481);
#11479 = CARTESIAN_POINT('',(197.897,-35.381875,1.51));
#11480 = DIRECTION('',(-0.,0.,-1.));
#11481 = DIRECTION('',(-0.,-1.,0.));
#11482 = FACE_BOUND('',#11483,.T.);
#11483 = EDGE_LOOP('',(#11484));
#11484 = ORIENTED_EDGE('',*,*,#11485,.T.);
#11485 = EDGE_CURVE('',#11486,#11486,#11488,.T.);
#11486 = VERTEX_POINT('',#11487);
#11487 = CARTESIAN_POINT('',(203.677,-35.706875,1.51));
#11488 = CIRCLE('',#11489,0.325);
#11489 = AXIS2_PLACEMENT_3D('',#11490,#11491,#11492);
#11490 = CARTESIAN_POINT('',(203.677,-35.381875,1.51));
#11491 = DIRECTION('',(-0.,0.,-1.));
#11492 = DIRECTION('',(-8.745141363202E-14,-1.,0.));
#11493 = FACE_BOUND('',#11494,.T.);
#11494 = EDGE_LOOP('',(#11495,#11506,#11514,#11523));
#11495 = ORIENTED_EDGE('',*,*,#11496,.T.);
#11496 = EDGE_CURVE('',#11497,#11499,#11501,.T.);
#11497 = VERTEX_POINT('',#11498);
#11498 = CARTESIAN_POINT('',(205.407,-36.461875,1.51));
#11499 = VERTEX_POINT('',#11500);
#11500 = CARTESIAN_POINT('',(204.807,-36.461875,1.51));
#11501 = CIRCLE('',#11502,0.3);
#11502 = AXIS2_PLACEMENT_3D('',#11503,#11504,#11505);
#11503 = CARTESIAN_POINT('',(205.107,-36.461875,1.51));
#11504 = DIRECTION('',(-0.,0.,-1.));
#11505 = DIRECTION('',(-1.,-4.736951571734E-14,0.));
#11506 = ORIENTED_EDGE('',*,*,#11507,.T.);
#11507 = EDGE_CURVE('',#11499,#11508,#11510,.T.);
#11508 = VERTEX_POINT('',#11509);
#11509 = CARTESIAN_POINT('',(204.807,-35.361875,1.51));
#11510 = LINE('',#11511,#11512);
#11511 = CARTESIAN_POINT('',(204.807,-17.6809375,1.51));
#11512 = VECTOR('',#11513,1.);
#11513 = DIRECTION('',(-0.,1.,0.));
#11514 = ORIENTED_EDGE('',*,*,#11515,.T.);
#11515 = EDGE_CURVE('',#11508,#11516,#11518,.T.);
#11516 = VERTEX_POINT('',#11517);
#11517 = CARTESIAN_POINT('',(205.407,-35.361875,1.51));
#11518 = CIRCLE('',#11519,0.3);
#11519 = AXIS2_PLACEMENT_3D('',#11520,#11521,#11522);
#11520 = CARTESIAN_POINT('',(205.107,-35.361875,1.51));
#11521 = DIRECTION('',(0.,-0.,-1.));
#11522 = DIRECTION('',(1.,4.736951571734E-14,-0.));
#11523 = ORIENTED_EDGE('',*,*,#11524,.T.);
#11524 = EDGE_CURVE('',#11516,#11497,#11525,.T.);
#11525 = LINE('',#11526,#11527);
#11526 = CARTESIAN_POINT('',(205.407,-18.2309375,1.51));
#11527 = VECTOR('',#11528,1.);
#11528 = DIRECTION('',(0.,-1.,0.));
#11529 = FACE_BOUND('',#11530,.T.);
#11530 = EDGE_LOOP('',(#11531,#11542,#11550,#11559));
#11531 = ORIENTED_EDGE('',*,*,#11532,.T.);
#11532 = EDGE_CURVE('',#11533,#11535,#11537,.T.);
#11533 = VERTEX_POINT('',#11534);
#11534 = CARTESIAN_POINT('',(205.407,-32.031875,1.51));
#11535 = VERTEX_POINT('',#11536);
#11536 = CARTESIAN_POINT('',(204.807,-32.031875,1.51));
#11537 = CIRCLE('',#11538,0.3);
#11538 = AXIS2_PLACEMENT_3D('',#11539,#11540,#11541);
#11539 = CARTESIAN_POINT('',(205.107,-32.031875,1.51));
#11540 = DIRECTION('',(-0.,0.,-1.));
#11541 = DIRECTION('',(-1.,-4.736951571734E-14,0.));
#11542 = ORIENTED_EDGE('',*,*,#11543,.T.);
#11543 = EDGE_CURVE('',#11535,#11544,#11546,.T.);
#11544 = VERTEX_POINT('',#11545);
#11545 = CARTESIAN_POINT('',(204.807,-31.431875,1.51));
#11546 = LINE('',#11547,#11548);
#11547 = CARTESIAN_POINT('',(204.807,-15.7159375,1.51));
#11548 = VECTOR('',#11549,1.);
#11549 = DIRECTION('',(-0.,1.,0.));
#11550 = ORIENTED_EDGE('',*,*,#11551,.T.);
#11551 = EDGE_CURVE('',#11544,#11552,#11554,.T.);
#11552 = VERTEX_POINT('',#11553);
#11553 = CARTESIAN_POINT('',(205.407,-31.431875,1.51));
#11554 = CIRCLE('',#11555,0.3);
#11555 = AXIS2_PLACEMENT_3D('',#11556,#11557,#11558);
#11556 = CARTESIAN_POINT('',(205.107,-31.431875,1.51));
#11557 = DIRECTION('',(0.,-0.,-1.));
#11558 = DIRECTION('',(1.,3.5527136788E-14,-0.));
#11559 = ORIENTED_EDGE('',*,*,#11560,.T.);
#11560 = EDGE_CURVE('',#11552,#11533,#11561,.T.);
#11561 = LINE('',#11562,#11563);
#11562 = CARTESIAN_POINT('',(205.407,-16.0159375,1.51));
#11563 = VECTOR('',#11564,1.);
#11564 = DIRECTION('',(0.,-1.,0.));
#11565 = FACE_BOUND('',#11566,.T.);
#11566 = EDGE_LOOP('',(#11567));
#11567 = ORIENTED_EDGE('',*,*,#11568,.T.);
#11568 = EDGE_CURVE('',#11569,#11569,#11571,.T.);
#11569 = VERTEX_POINT('',#11570);
#11570 = CARTESIAN_POINT('',(209.39125,-41.632125,1.51));
#11571 = CIRCLE('',#11572,0.5);
#11572 = AXIS2_PLACEMENT_3D('',#11573,#11574,#11575);
#11573 = CARTESIAN_POINT('',(209.39125,-41.132125,1.51));
#11574 = DIRECTION('',(-0.,0.,-1.));
#11575 = DIRECTION('',(-0.,-1.,0.));
#11576 = FACE_BOUND('',#11577,.T.);
#11577 = EDGE_LOOP('',(#11578));
#11578 = ORIENTED_EDGE('',*,*,#11579,.T.);
#11579 = EDGE_CURVE('',#11580,#11580,#11582,.T.);
#11580 = VERTEX_POINT('',#11581);
#11581 = CARTESIAN_POINT('',(211.93125,-41.632125,1.51));
#11582 = CIRCLE('',#11583,0.5);
#11583 = AXIS2_PLACEMENT_3D('',#11584,#11585,#11586);
#11584 = CARTESIAN_POINT('',(211.93125,-41.132125,1.51));
#11585 = DIRECTION('',(-0.,0.,-1.));
#11586 = DIRECTION('',(-0.,-1.,0.));
#11587 = PLANE('',#11588);
#11588 = AXIS2_PLACEMENT_3D('',#11589,#11590,#11591);
#11589 = CARTESIAN_POINT('',(0.,0.,1.51));
#11590 = DIRECTION('',(0.,0.,1.));
#11591 = DIRECTION('',(1.,0.,-0.));
#11592 = ADVANCED_FACE('',(#11593),#11604,.T.);
#11593 = FACE_BOUND('',#11594,.T.);
#11594 = EDGE_LOOP('',(#11595,#11601,#11602,#11603));
#11595 = ORIENTED_EDGE('',*,*,#11596,.T.);
#11596 = EDGE_CURVE('',#10085,#10842,#11597,.T.);
#11597 = LINE('',#11598,#11599);
#11598 = CARTESIAN_POINT('',(171.45,-31.988125,0.));
#11599 = VECTOR('',#11600,1.);
#11600 = DIRECTION('',(0.,0.,1.));
#11601 = ORIENTED_EDGE('',*,*,#10841,.T.);
#11602 = ORIENTED_EDGE('',*,*,#10020,.F.);
#11603 = ORIENTED_EDGE('',*,*,#10084,.F.);
#11604 = CYLINDRICAL_SURFACE('',#11605,1.587500051669);
#11605 = AXIS2_PLACEMENT_3D('',#11606,#11607,#11608);
#11606 = CARTESIAN_POINT('',(173.03750005166,-31.98812505166,0.));
#11607 = DIRECTION('',(0.,0.,-1.));
#11608 = DIRECTION('',(-1.,3.25477058325E-08,0.));
#11609 = ADVANCED_FACE('',(#11610),#11621,.T.);
#11610 = FACE_BOUND('',#11611,.T.);
#11611 = EDGE_LOOP('',(#11612,#11613,#11614,#11620));
#11612 = ORIENTED_EDGE('',*,*,#10060,.T.);
#11613 = ORIENTED_EDGE('',*,*,#10875,.T.);
#11614 = ORIENTED_EDGE('',*,*,#11615,.F.);
#11615 = EDGE_CURVE('',#10111,#10868,#11616,.T.);
#11616 = LINE('',#11617,#11618);
#11617 = CARTESIAN_POINT('',(215.0745,-123.825,0.));
#11618 = VECTOR('',#11619,1.);
#11619 = DIRECTION('',(0.,0.,1.));
#11620 = ORIENTED_EDGE('',*,*,#10118,.F.);
#11621 = CYLINDRICAL_SURFACE('',#11622,1.58750005167);
#11622 = AXIS2_PLACEMENT_3D('',#11623,#11624,#11625);
#11623 = CARTESIAN_POINT('',(215.07449994833,-122.2374999483,0.));
#11624 = DIRECTION('',(0.,0.,-1.));
#11625 = DIRECTION('',(1.,-3.254770807043E-08,0.));
#11626 = ADVANCED_FACE('',(#11627),#11638,.T.);
#11627 = FACE_BOUND('',#11628,.T.);
#11628 = EDGE_LOOP('',(#11629,#11635,#11636,#11637));
#11629 = ORIENTED_EDGE('',*,*,#11630,.T.);
#11630 = EDGE_CURVE('',#10094,#10851,#11631,.T.);
#11631 = LINE('',#11632,#11633);
#11632 = CARTESIAN_POINT('',(171.45,-122.2375,0.));
#11633 = VECTOR('',#11634,1.);
#11634 = DIRECTION('',(0.,0.,1.));
#11635 = ORIENTED_EDGE('',*,*,#10850,.T.);
#11636 = ORIENTED_EDGE('',*,*,#11596,.F.);
#11637 = ORIENTED_EDGE('',*,*,#10093,.F.);
#11638 = PLANE('',#11639);
#11639 = AXIS2_PLACEMENT_3D('',#11640,#11641,#11642);
#11640 = CARTESIAN_POINT('',(171.45,-122.2375,0.));
#11641 = DIRECTION('',(-1.,0.,0.));
#11642 = DIRECTION('',(0.,1.,0.));
#11643 = ADVANCED_FACE('',(#11644),#11655,.T.);
#11644 = FACE_BOUND('',#11645,.T.);
#11645 = EDGE_LOOP('',(#11646,#11647,#11648,#11654));
#11646 = ORIENTED_EDGE('',*,*,#11615,.T.);
#11647 = ORIENTED_EDGE('',*,*,#10867,.T.);
#11648 = ORIENTED_EDGE('',*,*,#11649,.F.);
#11649 = EDGE_CURVE('',#10102,#10859,#11650,.T.);
#11650 = LINE('',#11651,#11652);
#11651 = CARTESIAN_POINT('',(173.0375,-123.825,0.));
#11652 = VECTOR('',#11653,1.);
#11653 = DIRECTION('',(0.,0.,1.));
#11654 = ORIENTED_EDGE('',*,*,#10110,.F.);
#11655 = PLANE('',#11656);
#11656 = AXIS2_PLACEMENT_3D('',#11657,#11658,#11659);
#11657 = CARTESIAN_POINT('',(215.0745,-123.825,0.));
#11658 = DIRECTION('',(0.,-1.,0.));
#11659 = DIRECTION('',(-1.,0.,0.));
#11660 = ADVANCED_FACE('',(#11661),#11667,.T.);
#11661 = FACE_BOUND('',#11662,.T.);
#11662 = EDGE_LOOP('',(#11663,#11664,#11665,#11666));
#11663 = ORIENTED_EDGE('',*,*,#11649,.T.);
#11664 = ORIENTED_EDGE('',*,*,#10858,.T.);
#11665 = ORIENTED_EDGE('',*,*,#11630,.F.);
#11666 = ORIENTED_EDGE('',*,*,#10101,.F.);
#11667 = CYLINDRICAL_SURFACE('',#11668,1.587500051669);
#11668 = AXIS2_PLACEMENT_3D('',#11669,#11670,#11671);
#11669 = CARTESIAN_POINT('',(173.03750005166,-122.2374999483,0.));
#11670 = DIRECTION('',(0.,0.,-1.));
#11671 = DIRECTION('',(-3.254769911871E-08,-1.,-0.));
#11672 = ADVANCED_FACE('',(#11673),#11684,.F.);
#11673 = FACE_BOUND('',#11674,.T.);
#11674 = EDGE_LOOP('',(#11675,#11676,#11682,#11683));
#11675 = ORIENTED_EDGE('',*,*,#10128,.T.);
#11676 = ORIENTED_EDGE('',*,*,#11677,.T.);
#11677 = EDGE_CURVE('',#10129,#10886,#11678,.T.);
#11678 = LINE('',#11679,#11680);
#11679 = CARTESIAN_POINT('',(183.515,-120.007,-4.6E-02));
#11680 = VECTOR('',#11681,1.);
#11681 = DIRECTION('',(0.,0.,1.));
#11682 = ORIENTED_EDGE('',*,*,#10885,.F.);
#11683 = ORIENTED_EDGE('',*,*,#11677,.F.);
#11684 = CYLINDRICAL_SURFACE('',#11685,0.5);
#11685 = AXIS2_PLACEMENT_3D('',#11686,#11687,#11688);
#11686 = CARTESIAN_POINT('',(183.515,-119.507,-4.6E-02));
#11687 = DIRECTION('',(-0.,-0.,-1.));
#11688 = DIRECTION('',(-0.,-1.,0.));
#11689 = ADVANCED_FACE('',(#11690),#11701,.F.);
#11690 = FACE_BOUND('',#11691,.T.);
#11691 = EDGE_LOOP('',(#11692,#11693,#11699,#11700));
#11692 = ORIENTED_EDGE('',*,*,#10139,.T.);
#11693 = ORIENTED_EDGE('',*,*,#11694,.T.);
#11694 = EDGE_CURVE('',#10140,#10897,#11695,.T.);
#11695 = LINE('',#11696,#11697);
#11696 = CARTESIAN_POINT('',(183.515,-117.467,-4.6E-02));
#11697 = VECTOR('',#11698,1.);
#11698 = DIRECTION('',(0.,0.,1.));
#11699 = ORIENTED_EDGE('',*,*,#10896,.F.);
#11700 = ORIENTED_EDGE('',*,*,#11694,.F.);
#11701 = CYLINDRICAL_SURFACE('',#11702,0.5);
#11702 = AXIS2_PLACEMENT_3D('',#11703,#11704,#11705);
#11703 = CARTESIAN_POINT('',(183.515,-116.967,-4.6E-02));
#11704 = DIRECTION('',(-0.,-0.,-1.));
#11705 = DIRECTION('',(-0.,-1.,0.));
#11706 = ADVANCED_FACE('',(#11707),#11718,.F.);
#11707 = FACE_BOUND('',#11708,.T.);
#11708 = EDGE_LOOP('',(#11709,#11710,#11716,#11717));
#11709 = ORIENTED_EDGE('',*,*,#10150,.T.);
#11710 = ORIENTED_EDGE('',*,*,#11711,.T.);
#11711 = EDGE_CURVE('',#10151,#10908,#11712,.T.);
#11712 = LINE('',#11713,#11714);
#11713 = CARTESIAN_POINT('',(183.515,-114.927,-4.6E-02));
#11714 = VECTOR('',#11715,1.);
#11715 = DIRECTION('',(0.,0.,1.));
#11716 = ORIENTED_EDGE('',*,*,#10907,.F.);
#11717 = ORIENTED_EDGE('',*,*,#11711,.F.);
#11718 = CYLINDRICAL_SURFACE('',#11719,0.5);
#11719 = AXIS2_PLACEMENT_3D('',#11720,#11721,#11722);
#11720 = CARTESIAN_POINT('',(183.515,-114.427,-4.6E-02));
#11721 = DIRECTION('',(-0.,-0.,-1.));
#11722 = DIRECTION('',(-0.,-1.,0.));
#11723 = ADVANCED_FACE('',(#11724),#11735,.F.);
#11724 = FACE_BOUND('',#11725,.T.);
#11725 = EDGE_LOOP('',(#11726,#11727,#11733,#11734));
#11726 = ORIENTED_EDGE('',*,*,#10161,.T.);
#11727 = ORIENTED_EDGE('',*,*,#11728,.T.);
#11728 = EDGE_CURVE('',#10162,#10919,#11729,.T.);
#11729 = LINE('',#11730,#11731);
#11730 = CARTESIAN_POINT('',(183.515,-112.387,-4.6E-02));
#11731 = VECTOR('',#11732,1.);
#11732 = DIRECTION('',(0.,0.,1.));
#11733 = ORIENTED_EDGE('',*,*,#10918,.F.);
#11734 = ORIENTED_EDGE('',*,*,#11728,.F.);
#11735 = CYLINDRICAL_SURFACE('',#11736,0.5);
#11736 = AXIS2_PLACEMENT_3D('',#11737,#11738,#11739);
#11737 = CARTESIAN_POINT('',(183.515,-111.887,-4.6E-02));
#11738 = DIRECTION('',(-0.,-0.,-1.));
#11739 = DIRECTION('',(-0.,-1.,0.));
#11740 = ADVANCED_FACE('',(#11741),#11752,.F.);
#11741 = FACE_BOUND('',#11742,.T.);
#11742 = EDGE_LOOP('',(#11743,#11744,#11750,#11751));
#11743 = ORIENTED_EDGE('',*,*,#10172,.T.);
#11744 = ORIENTED_EDGE('',*,*,#11745,.T.);
#11745 = EDGE_CURVE('',#10173,#10930,#11746,.T.);
#11746 = LINE('',#11747,#11748);
#11747 = CARTESIAN_POINT('',(183.515,-109.847,-4.6E-02));
#11748 = VECTOR('',#11749,1.);
#11749 = DIRECTION('',(0.,0.,1.));
#11750 = ORIENTED_EDGE('',*,*,#10929,.F.);
#11751 = ORIENTED_EDGE('',*,*,#11745,.F.);
#11752 = CYLINDRICAL_SURFACE('',#11753,0.5);
#11753 = AXIS2_PLACEMENT_3D('',#11754,#11755,#11756);
#11754 = CARTESIAN_POINT('',(183.515,-109.347,-4.6E-02));
#11755 = DIRECTION('',(-0.,-0.,-1.));
#11756 = DIRECTION('',(-0.,-1.,0.));
#11757 = ADVANCED_FACE('',(#11758),#11769,.F.);
#11758 = FACE_BOUND('',#11759,.T.);
#11759 = EDGE_LOOP('',(#11760,#11761,#11767,#11768));
#11760 = ORIENTED_EDGE('',*,*,#10183,.T.);
#11761 = ORIENTED_EDGE('',*,*,#11762,.T.);
#11762 = EDGE_CURVE('',#10184,#10941,#11763,.T.);
#11763 = LINE('',#11764,#11765);
#11764 = CARTESIAN_POINT('',(183.515,-107.307,-4.6E-02));
#11765 = VECTOR('',#11766,1.);
#11766 = DIRECTION('',(0.,0.,1.));
#11767 = ORIENTED_EDGE('',*,*,#10940,.F.);
#11768 = ORIENTED_EDGE('',*,*,#11762,.F.);
#11769 = CYLINDRICAL_SURFACE('',#11770,0.5);
#11770 = AXIS2_PLACEMENT_3D('',#11771,#11772,#11773);
#11771 = CARTESIAN_POINT('',(183.515,-106.807,-4.6E-02));
#11772 = DIRECTION('',(-0.,-0.,-1.));
#11773 = DIRECTION('',(-0.,-1.,0.));
#11774 = ADVANCED_FACE('',(#11775),#11786,.F.);
#11775 = FACE_BOUND('',#11776,.T.);
#11776 = EDGE_LOOP('',(#11777,#11778,#11784,#11785));
#11777 = ORIENTED_EDGE('',*,*,#10194,.T.);
#11778 = ORIENTED_EDGE('',*,*,#11779,.T.);
#11779 = EDGE_CURVE('',#10195,#10952,#11780,.T.);
#11780 = LINE('',#11781,#11782);
#11781 = CARTESIAN_POINT('',(183.515,-104.767,-4.6E-02));
#11782 = VECTOR('',#11783,1.);
#11783 = DIRECTION('',(0.,0.,1.));
#11784 = ORIENTED_EDGE('',*,*,#10951,.F.);
#11785 = ORIENTED_EDGE('',*,*,#11779,.F.);
#11786 = CYLINDRICAL_SURFACE('',#11787,0.5);
#11787 = AXIS2_PLACEMENT_3D('',#11788,#11789,#11790);
#11788 = CARTESIAN_POINT('',(183.515,-104.267,-4.6E-02));
#11789 = DIRECTION('',(-0.,-0.,-1.));
#11790 = DIRECTION('',(-0.,-1.,0.));
#11791 = ADVANCED_FACE('',(#11792),#11803,.F.);
#11792 = FACE_BOUND('',#11793,.T.);
#11793 = EDGE_LOOP('',(#11794,#11795,#11801,#11802));
#11794 = ORIENTED_EDGE('',*,*,#10205,.T.);
#11795 = ORIENTED_EDGE('',*,*,#11796,.T.);
#11796 = EDGE_CURVE('',#10206,#10963,#11797,.T.);
#11797 = LINE('',#11798,#11799);
#11798 = CARTESIAN_POINT('',(183.515,-102.227,-4.6E-02));
#11799 = VECTOR('',#11800,1.);
#11800 = DIRECTION('',(0.,0.,1.));
#11801 = ORIENTED_EDGE('',*,*,#10962,.F.);
#11802 = ORIENTED_EDGE('',*,*,#11796,.F.);
#11803 = CYLINDRICAL_SURFACE('',#11804,0.5);
#11804 = AXIS2_PLACEMENT_3D('',#11805,#11806,#11807);
#11805 = CARTESIAN_POINT('',(183.515,-101.727,-4.6E-02));
#11806 = DIRECTION('',(-0.,-0.,-1.));
#11807 = DIRECTION('',(-0.,-1.,0.));
#11808 = ADVANCED_FACE('',(#11809),#11820,.F.);
#11809 = FACE_BOUND('',#11810,.T.);
#11810 = EDGE_LOOP('',(#11811,#11812,#11818,#11819));
#11811 = ORIENTED_EDGE('',*,*,#10216,.T.);
#11812 = ORIENTED_EDGE('',*,*,#11813,.T.);
#11813 = EDGE_CURVE('',#10217,#10974,#11814,.T.);
#11814 = LINE('',#11815,#11816);
#11815 = CARTESIAN_POINT('',(183.515,-99.687,-4.6E-02));
#11816 = VECTOR('',#11817,1.);
#11817 = DIRECTION('',(0.,0.,1.));
#11818 = ORIENTED_EDGE('',*,*,#10973,.F.);
#11819 = ORIENTED_EDGE('',*,*,#11813,.F.);
#11820 = CYLINDRICAL_SURFACE('',#11821,0.5);
#11821 = AXIS2_PLACEMENT_3D('',#11822,#11823,#11824);
#11822 = CARTESIAN_POINT('',(183.515,-99.187,-4.6E-02));
#11823 = DIRECTION('',(-0.,-0.,-1.));
#11824 = DIRECTION('',(-0.,-1.,0.));
#11825 = ADVANCED_FACE('',(#11826),#11837,.F.);
#11826 = FACE_BOUND('',#11827,.T.);
#11827 = EDGE_LOOP('',(#11828,#11829,#11835,#11836));
#11828 = ORIENTED_EDGE('',*,*,#10227,.T.);
#11829 = ORIENTED_EDGE('',*,*,#11830,.T.);
#11830 = EDGE_CURVE('',#10228,#10985,#11831,.T.);
#11831 = LINE('',#11832,#11833);
#11832 = CARTESIAN_POINT('',(196.18325,-119.864125,-4.6E-02));
#11833 = VECTOR('',#11834,1.);
#11834 = DIRECTION('',(0.,0.,1.));
#11835 = ORIENTED_EDGE('',*,*,#10984,.F.);
#11836 = ORIENTED_EDGE('',*,*,#11830,.F.);
#11837 = CYLINDRICAL_SURFACE('',#11838,0.5);
#11838 = AXIS2_PLACEMENT_3D('',#11839,#11840,#11841);
#11839 = CARTESIAN_POINT('',(196.18325,-119.364125,-4.6E-02));
#11840 = DIRECTION('',(-0.,-0.,-1.));
#11841 = DIRECTION('',(-0.,-1.,0.));
#11842 = ADVANCED_FACE('',(#11843),#11854,.F.);
#11843 = FACE_BOUND('',#11844,.T.);
#11844 = EDGE_LOOP('',(#11845,#11846,#11852,#11853));
#11845 = ORIENTED_EDGE('',*,*,#10238,.T.);
#11846 = ORIENTED_EDGE('',*,*,#11847,.T.);
#11847 = EDGE_CURVE('',#10239,#10996,#11848,.T.);
#11848 = LINE('',#11849,#11850);
#11849 = CARTESIAN_POINT('',(196.18325,-117.324125,-4.6E-02));
#11850 = VECTOR('',#11851,1.);
#11851 = DIRECTION('',(0.,0.,1.));
#11852 = ORIENTED_EDGE('',*,*,#10995,.F.);
#11853 = ORIENTED_EDGE('',*,*,#11847,.F.);
#11854 = CYLINDRICAL_SURFACE('',#11855,0.5);
#11855 = AXIS2_PLACEMENT_3D('',#11856,#11857,#11858);
#11856 = CARTESIAN_POINT('',(196.18325,-116.824125,-4.6E-02));
#11857 = DIRECTION('',(-0.,-0.,-1.));
#11858 = DIRECTION('',(-0.,-1.,0.));
#11859 = ADVANCED_FACE('',(#11860),#11871,.F.);
#11860 = FACE_BOUND('',#11861,.T.);
#11861 = EDGE_LOOP('',(#11862,#11863,#11869,#11870));
#11862 = ORIENTED_EDGE('',*,*,#10249,.T.);
#11863 = ORIENTED_EDGE('',*,*,#11864,.T.);
#11864 = EDGE_CURVE('',#10250,#11007,#11865,.T.);
#11865 = LINE('',#11866,#11867);
#11866 = CARTESIAN_POINT('',(196.18325,-114.784125,-4.6E-02));
#11867 = VECTOR('',#11868,1.);
#11868 = DIRECTION('',(0.,0.,1.));
#11869 = ORIENTED_EDGE('',*,*,#11006,.F.);
#11870 = ORIENTED_EDGE('',*,*,#11864,.F.);
#11871 = CYLINDRICAL_SURFACE('',#11872,0.5);
#11872 = AXIS2_PLACEMENT_3D('',#11873,#11874,#11875);
#11873 = CARTESIAN_POINT('',(196.18325,-114.284125,-4.6E-02));
#11874 = DIRECTION('',(-0.,-0.,-1.));
#11875 = DIRECTION('',(-0.,-1.,0.));
#11876 = ADVANCED_FACE('',(#11877),#11888,.F.);
#11877 = FACE_BOUND('',#11878,.T.);
#11878 = EDGE_LOOP('',(#11879,#11880,#11886,#11887));
#11879 = ORIENTED_EDGE('',*,*,#10260,.T.);
#11880 = ORIENTED_EDGE('',*,*,#11881,.T.);
#11881 = EDGE_CURVE('',#10261,#11018,#11882,.T.);
#11882 = LINE('',#11883,#11884);
#11883 = CARTESIAN_POINT('',(196.18325,-112.244125,-4.6E-02));
#11884 = VECTOR('',#11885,1.);
#11885 = DIRECTION('',(0.,0.,1.));
#11886 = ORIENTED_EDGE('',*,*,#11017,.F.);
#11887 = ORIENTED_EDGE('',*,*,#11881,.F.);
#11888 = CYLINDRICAL_SURFACE('',#11889,0.5);
#11889 = AXIS2_PLACEMENT_3D('',#11890,#11891,#11892);
#11890 = CARTESIAN_POINT('',(196.18325,-111.744125,-4.6E-02));
#11891 = DIRECTION('',(-0.,-0.,-1.));
#11892 = DIRECTION('',(-0.,-1.,0.));
#11893 = ADVANCED_FACE('',(#11894),#11905,.F.);
#11894 = FACE_BOUND('',#11895,.T.);
#11895 = EDGE_LOOP('',(#11896,#11897,#11903,#11904));
#11896 = ORIENTED_EDGE('',*,*,#10271,.T.);
#11897 = ORIENTED_EDGE('',*,*,#11898,.T.);
#11898 = EDGE_CURVE('',#10272,#11029,#11899,.T.);
#11899 = LINE('',#11900,#11901);
#11900 = CARTESIAN_POINT('',(196.18325,-109.704125,-4.6E-02));
#11901 = VECTOR('',#11902,1.);
#11902 = DIRECTION('',(0.,0.,1.));
#11903 = ORIENTED_EDGE('',*,*,#11028,.F.);
#11904 = ORIENTED_EDGE('',*,*,#11898,.F.);
#11905 = CYLINDRICAL_SURFACE('',#11906,0.5);
#11906 = AXIS2_PLACEMENT_3D('',#11907,#11908,#11909);
#11907 = CARTESIAN_POINT('',(196.18325,-109.204125,-4.6E-02));
#11908 = DIRECTION('',(-0.,-0.,-1.));
#11909 = DIRECTION('',(-0.,-1.,0.));
#11910 = ADVANCED_FACE('',(#11911),#11922,.F.);
#11911 = FACE_BOUND('',#11912,.T.);
#11912 = EDGE_LOOP('',(#11913,#11914,#11920,#11921));
#11913 = ORIENTED_EDGE('',*,*,#10282,.T.);
#11914 = ORIENTED_EDGE('',*,*,#11915,.T.);
#11915 = EDGE_CURVE('',#10283,#11040,#11916,.T.);
#11916 = LINE('',#11917,#11918);
#11917 = CARTESIAN_POINT('',(196.18325,-107.164125,-4.6E-02));
#11918 = VECTOR('',#11919,1.);
#11919 = DIRECTION('',(0.,0.,1.));
#11920 = ORIENTED_EDGE('',*,*,#11039,.F.);
#11921 = ORIENTED_EDGE('',*,*,#11915,.F.);
#11922 = CYLINDRICAL_SURFACE('',#11923,0.5);
#11923 = AXIS2_PLACEMENT_3D('',#11924,#11925,#11926);
#11924 = CARTESIAN_POINT('',(196.18325,-106.664125,-4.6E-02));
#11925 = DIRECTION('',(-0.,-0.,-1.));
#11926 = DIRECTION('',(-0.,-1.,0.));
#11927 = ADVANCED_FACE('',(#11928),#11939,.F.);
#11928 = FACE_BOUND('',#11929,.T.);
#11929 = EDGE_LOOP('',(#11930,#11931,#11937,#11938));
#11930 = ORIENTED_EDGE('',*,*,#10293,.T.);
#11931 = ORIENTED_EDGE('',*,*,#11932,.T.);
#11932 = EDGE_CURVE('',#10294,#11051,#11933,.T.);
#11933 = LINE('',#11934,#11935);
#11934 = CARTESIAN_POINT('',(196.18325,-104.624125,-4.6E-02));
#11935 = VECTOR('',#11936,1.);
#11936 = DIRECTION('',(0.,0.,1.));
#11937 = ORIENTED_EDGE('',*,*,#11050,.F.);
#11938 = ORIENTED_EDGE('',*,*,#11932,.F.);
#11939 = CYLINDRICAL_SURFACE('',#11940,0.5);
#11940 = AXIS2_PLACEMENT_3D('',#11941,#11942,#11943);
#11941 = CARTESIAN_POINT('',(196.18325,-104.124125,-4.6E-02));
#11942 = DIRECTION('',(-0.,-0.,-1.));
#11943 = DIRECTION('',(-0.,-1.,0.));
#11944 = ADVANCED_FACE('',(#11945),#11956,.F.);
#11945 = FACE_BOUND('',#11946,.T.);
#11946 = EDGE_LOOP('',(#11947,#11948,#11954,#11955));
#11947 = ORIENTED_EDGE('',*,*,#10304,.T.);
#11948 = ORIENTED_EDGE('',*,*,#11949,.T.);
#11949 = EDGE_CURVE('',#10305,#11062,#11950,.T.);
#11950 = LINE('',#11951,#11952);
#11951 = CARTESIAN_POINT('',(196.18325,-102.084125,-4.6E-02));
#11952 = VECTOR('',#11953,1.);
#11953 = DIRECTION('',(0.,0.,1.));
#11954 = ORIENTED_EDGE('',*,*,#11061,.F.);
#11955 = ORIENTED_EDGE('',*,*,#11949,.F.);
#11956 = CYLINDRICAL_SURFACE('',#11957,0.5);
#11957 = AXIS2_PLACEMENT_3D('',#11958,#11959,#11960);
#11958 = CARTESIAN_POINT('',(196.18325,-101.584125,-4.6E-02));
#11959 = DIRECTION('',(-0.,-0.,-1.));
#11960 = DIRECTION('',(-0.,-1.,0.));
#11961 = ADVANCED_FACE('',(#11962),#11973,.F.);
#11962 = FACE_BOUND('',#11963,.T.);
#11963 = EDGE_LOOP('',(#11964,#11965,#11971,#11972));
#11964 = ORIENTED_EDGE('',*,*,#10315,.T.);
#11965 = ORIENTED_EDGE('',*,*,#11966,.T.);
#11966 = EDGE_CURVE('',#10316,#11073,#11967,.T.);
#11967 = LINE('',#11968,#11969);
#11968 = CARTESIAN_POINT('',(196.18325,-99.544125,-4.6E-02));
#11969 = VECTOR('',#11970,1.);
#11970 = DIRECTION('',(0.,0.,1.));
#11971 = ORIENTED_EDGE('',*,*,#11072,.F.);
#11972 = ORIENTED_EDGE('',*,*,#11966,.F.);
#11973 = CYLINDRICAL_SURFACE('',#11974,0.5);
#11974 = AXIS2_PLACEMENT_3D('',#11975,#11976,#11977);
#11975 = CARTESIAN_POINT('',(196.18325,-99.044125,-4.6E-02));
#11976 = DIRECTION('',(-0.,-0.,-1.));
#11977 = DIRECTION('',(-0.,-1.,0.));
#11978 = ADVANCED_FACE('',(#11979),#11990,.F.);
#11979 = FACE_BOUND('',#11980,.T.);
#11980 = EDGE_LOOP('',(#11981,#11982,#11988,#11989));
#11981 = ORIENTED_EDGE('',*,*,#10326,.T.);
#11982 = ORIENTED_EDGE('',*,*,#11983,.T.);
#11983 = EDGE_CURVE('',#10327,#11084,#11984,.T.);
#11984 = LINE('',#11985,#11986);
#11985 = CARTESIAN_POINT('',(183.515,-97.147,-4.6E-02));
#11986 = VECTOR('',#11987,1.);
#11987 = DIRECTION('',(0.,0.,1.));
#11988 = ORIENTED_EDGE('',*,*,#11083,.F.);
#11989 = ORIENTED_EDGE('',*,*,#11983,.F.);
#11990 = CYLINDRICAL_SURFACE('',#11991,0.5);
#11991 = AXIS2_PLACEMENT_3D('',#11992,#11993,#11994);
#11992 = CARTESIAN_POINT('',(183.515,-96.647,-4.6E-02));
#11993 = DIRECTION('',(-0.,-0.,-1.));
#11994 = DIRECTION('',(-0.,-1.,0.));
#11995 = ADVANCED_FACE('',(#11996),#12007,.F.);
#11996 = FACE_BOUND('',#11997,.T.);
#11997 = EDGE_LOOP('',(#11998,#11999,#12005,#12006));
#11998 = ORIENTED_EDGE('',*,*,#10337,.T.);
#11999 = ORIENTED_EDGE('',*,*,#12000,.T.);
#12000 = EDGE_CURVE('',#10338,#11095,#12001,.T.);
#12001 = LINE('',#12002,#12003);
#12002 = CARTESIAN_POINT('',(183.515,-94.607,-4.6E-02));
#12003 = VECTOR('',#12004,1.);
#12004 = DIRECTION('',(0.,0.,1.));
#12005 = ORIENTED_EDGE('',*,*,#11094,.F.);
#12006 = ORIENTED_EDGE('',*,*,#12000,.F.);
#12007 = CYLINDRICAL_SURFACE('',#12008,0.5);
#12008 = AXIS2_PLACEMENT_3D('',#12009,#12010,#12011);
#12009 = CARTESIAN_POINT('',(183.515,-94.107,-4.6E-02));
#12010 = DIRECTION('',(-0.,-0.,-1.));
#12011 = DIRECTION('',(-0.,-1.,0.));
#12012 = ADVANCED_FACE('',(#12013),#12024,.F.);
#12013 = FACE_BOUND('',#12014,.T.);
#12014 = EDGE_LOOP('',(#12015,#12016,#12022,#12023));
#12015 = ORIENTED_EDGE('',*,*,#10348,.T.);
#12016 = ORIENTED_EDGE('',*,*,#12017,.T.);
#12017 = EDGE_CURVE('',#10349,#11106,#12018,.T.);
#12018 = LINE('',#12019,#12020);
#12019 = CARTESIAN_POINT('',(196.18325,-97.004125,-4.6E-02));
#12020 = VECTOR('',#12021,1.);
#12021 = DIRECTION('',(0.,0.,1.));
#12022 = ORIENTED_EDGE('',*,*,#11105,.F.);
#12023 = ORIENTED_EDGE('',*,*,#12017,.F.);
#12024 = CYLINDRICAL_SURFACE('',#12025,0.5);
#12025 = AXIS2_PLACEMENT_3D('',#12026,#12027,#12028);
#12026 = CARTESIAN_POINT('',(196.18325,-96.504125,-4.6E-02));
#12027 = DIRECTION('',(-0.,-0.,-1.));
#12028 = DIRECTION('',(-0.,-1.,0.));
#12029 = ADVANCED_FACE('',(#12030),#12041,.F.);
#12030 = FACE_BOUND('',#12031,.T.);
#12031 = EDGE_LOOP('',(#12032,#12033,#12039,#12040));
#12032 = ORIENTED_EDGE('',*,*,#10359,.T.);
#12033 = ORIENTED_EDGE('',*,*,#12034,.T.);
#12034 = EDGE_CURVE('',#10360,#11117,#12035,.T.);
#12035 = LINE('',#12036,#12037);
#12036 = CARTESIAN_POINT('',(196.18325,-94.464125,-4.6E-02));
#12037 = VECTOR('',#12038,1.);
#12038 = DIRECTION('',(0.,0.,1.));
#12039 = ORIENTED_EDGE('',*,*,#11116,.F.);
#12040 = ORIENTED_EDGE('',*,*,#12034,.F.);
#12041 = CYLINDRICAL_SURFACE('',#12042,0.5);
#12042 = AXIS2_PLACEMENT_3D('',#12043,#12044,#12045);
#12043 = CARTESIAN_POINT('',(196.18325,-93.964125,-4.6E-02));
#12044 = DIRECTION('',(-0.,-0.,-1.));
#12045 = DIRECTION('',(-0.,-1.,0.));
#12046 = ADVANCED_FACE('',(#12047),#12058,.F.);
#12047 = FACE_BOUND('',#12048,.T.);
#12048 = EDGE_LOOP('',(#12049,#12050,#12056,#12057));
#12049 = ORIENTED_EDGE('',*,*,#10370,.T.);
#12050 = ORIENTED_EDGE('',*,*,#12051,.T.);
#12051 = EDGE_CURVE('',#10371,#11128,#12052,.T.);
#12052 = LINE('',#12053,#12054);
#12053 = CARTESIAN_POINT('',(193.26225,-84.431125,-4.6E-02));
#12054 = VECTOR('',#12055,1.);
#12055 = DIRECTION('',(0.,0.,1.));
#12056 = ORIENTED_EDGE('',*,*,#11127,.F.);
#12057 = ORIENTED_EDGE('',*,*,#12051,.F.);
#12058 = CYLINDRICAL_SURFACE('',#12059,0.5);
#12059 = AXIS2_PLACEMENT_3D('',#12060,#12061,#12062);
#12060 = CARTESIAN_POINT('',(193.26225,-83.931125,-4.6E-02));
#12061 = DIRECTION('',(-0.,-0.,-1.));
#12062 = DIRECTION('',(-0.,-1.,0.));
#12063 = ADVANCED_FACE('',(#12064),#12075,.F.);
#12064 = FACE_BOUND('',#12065,.T.);
#12065 = EDGE_LOOP('',(#12066,#12067,#12073,#12074));
#12066 = ORIENTED_EDGE('',*,*,#10381,.T.);
#12067 = ORIENTED_EDGE('',*,*,#12068,.T.);
#12068 = EDGE_CURVE('',#10382,#11139,#12069,.T.);
#12069 = LINE('',#12070,#12071);
#12070 = CARTESIAN_POINT('',(195.80225,-84.431125,-4.6E-02));
#12071 = VECTOR('',#12072,1.);
#12072 = DIRECTION('',(0.,0.,1.));
#12073 = ORIENTED_EDGE('',*,*,#11138,.F.);
#12074 = ORIENTED_EDGE('',*,*,#12068,.F.);
#12075 = CYLINDRICAL_SURFACE('',#12076,0.5);
#12076 = AXIS2_PLACEMENT_3D('',#12077,#12078,#12079);
#12077 = CARTESIAN_POINT('',(195.80225,-83.931125,-4.6E-02));
#12078 = DIRECTION('',(-0.,-0.,-1.));
#12079 = DIRECTION('',(-0.,-1.,0.));
#12080 = ADVANCED_FACE('',(#12081),#12092,.F.);
#12081 = FACE_BOUND('',#12082,.T.);
#12082 = EDGE_LOOP('',(#12083,#12084,#12090,#12091));
#12083 = ORIENTED_EDGE('',*,*,#10392,.T.);
#12084 = ORIENTED_EDGE('',*,*,#12085,.T.);
#12085 = EDGE_CURVE('',#10393,#11150,#12086,.T.);
#12086 = LINE('',#12087,#12088);
#12087 = CARTESIAN_POINT('',(208.6995,-119.775625,-4.6E-02));
#12088 = VECTOR('',#12089,1.);
#12089 = DIRECTION('',(0.,0.,1.));
#12090 = ORIENTED_EDGE('',*,*,#11149,.F.);
#12091 = ORIENTED_EDGE('',*,*,#12085,.F.);
#12092 = CYLINDRICAL_SURFACE('',#12093,0.5);
#12093 = AXIS2_PLACEMENT_3D('',#12094,#12095,#12096);
#12094 = CARTESIAN_POINT('',(208.6995,-119.275625,-4.6E-02));
#12095 = DIRECTION('',(-0.,-0.,-1.));
#12096 = DIRECTION('',(-0.,-1.,0.));
#12097 = ADVANCED_FACE('',(#12098),#12109,.F.);
#12098 = FACE_BOUND('',#12099,.T.);
#12099 = EDGE_LOOP('',(#12100,#12101,#12107,#12108));
#12100 = ORIENTED_EDGE('',*,*,#10403,.T.);
#12101 = ORIENTED_EDGE('',*,*,#12102,.T.);
#12102 = EDGE_CURVE('',#10404,#11161,#12103,.T.);
#12103 = LINE('',#12104,#12105);
#12104 = CARTESIAN_POINT('',(208.6995,-117.235625,-4.6E-02));
#12105 = VECTOR('',#12106,1.);
#12106 = DIRECTION('',(0.,0.,1.));
#12107 = ORIENTED_EDGE('',*,*,#11160,.F.);
#12108 = ORIENTED_EDGE('',*,*,#12102,.F.);
#12109 = CYLINDRICAL_SURFACE('',#12110,0.5);
#12110 = AXIS2_PLACEMENT_3D('',#12111,#12112,#12113);
#12111 = CARTESIAN_POINT('',(208.6995,-116.735625,-4.6E-02));
#12112 = DIRECTION('',(-0.,-0.,-1.));
#12113 = DIRECTION('',(-0.,-1.,0.));
#12114 = ADVANCED_FACE('',(#12115),#12126,.F.);
#12115 = FACE_BOUND('',#12116,.T.);
#12116 = EDGE_LOOP('',(#12117,#12118,#12124,#12125));
#12117 = ORIENTED_EDGE('',*,*,#10414,.T.);
#12118 = ORIENTED_EDGE('',*,*,#12119,.T.);
#12119 = EDGE_CURVE('',#10415,#11172,#12120,.T.);
#12120 = LINE('',#12121,#12122);
#12121 = CARTESIAN_POINT('',(208.6995,-114.695625,-4.6E-02));
#12122 = VECTOR('',#12123,1.);
#12123 = DIRECTION('',(0.,0.,1.));
#12124 = ORIENTED_EDGE('',*,*,#11171,.F.);
#12125 = ORIENTED_EDGE('',*,*,#12119,.F.);
#12126 = CYLINDRICAL_SURFACE('',#12127,0.5);
#12127 = AXIS2_PLACEMENT_3D('',#12128,#12129,#12130);
#12128 = CARTESIAN_POINT('',(208.6995,-114.195625,-4.6E-02));
#12129 = DIRECTION('',(-0.,-0.,-1.));
#12130 = DIRECTION('',(-0.,-1.,0.));
#12131 = ADVANCED_FACE('',(#12132),#12143,.F.);
#12132 = FACE_BOUND('',#12133,.T.);
#12133 = EDGE_LOOP('',(#12134,#12135,#12141,#12142));
#12134 = ORIENTED_EDGE('',*,*,#10425,.T.);
#12135 = ORIENTED_EDGE('',*,*,#12136,.T.);
#12136 = EDGE_CURVE('',#10426,#11183,#12137,.T.);
#12137 = LINE('',#12138,#12139);
#12138 = CARTESIAN_POINT('',(208.6995,-112.155625,-4.6E-02));
#12139 = VECTOR('',#12140,1.);
#12140 = DIRECTION('',(0.,0.,1.));
#12141 = ORIENTED_EDGE('',*,*,#11182,.F.);
#12142 = ORIENTED_EDGE('',*,*,#12136,.F.);
#12143 = CYLINDRICAL_SURFACE('',#12144,0.5);
#12144 = AXIS2_PLACEMENT_3D('',#12145,#12146,#12147);
#12145 = CARTESIAN_POINT('',(208.6995,-111.655625,-4.6E-02));
#12146 = DIRECTION('',(-0.,-0.,-1.));
#12147 = DIRECTION('',(-0.,-1.,0.));
#12148 = ADVANCED_FACE('',(#12149),#12160,.F.);
#12149 = FACE_BOUND('',#12150,.T.);
#12150 = EDGE_LOOP('',(#12151,#12152,#12158,#12159));
#12151 = ORIENTED_EDGE('',*,*,#10436,.T.);
#12152 = ORIENTED_EDGE('',*,*,#12153,.T.);
#12153 = EDGE_CURVE('',#10437,#11194,#12154,.T.);
#12154 = LINE('',#12155,#12156);
#12155 = CARTESIAN_POINT('',(208.6995,-109.615625,-4.6E-02));
#12156 = VECTOR('',#12157,1.);
#12157 = DIRECTION('',(0.,0.,1.));
#12158 = ORIENTED_EDGE('',*,*,#11193,.F.);
#12159 = ORIENTED_EDGE('',*,*,#12153,.F.);
#12160 = CYLINDRICAL_SURFACE('',#12161,0.5);
#12161 = AXIS2_PLACEMENT_3D('',#12162,#12163,#12164);
#12162 = CARTESIAN_POINT('',(208.6995,-109.115625,-4.6E-02));
#12163 = DIRECTION('',(-0.,-0.,-1.));
#12164 = DIRECTION('',(-0.,-1.,0.));
#12165 = ADVANCED_FACE('',(#12166),#12177,.F.);
#12166 = FACE_BOUND('',#12167,.T.);
#12167 = EDGE_LOOP('',(#12168,#12169,#12175,#12176));
#12168 = ORIENTED_EDGE('',*,*,#10447,.T.);
#12169 = ORIENTED_EDGE('',*,*,#12170,.T.);
#12170 = EDGE_CURVE('',#10448,#11205,#12171,.T.);
#12171 = LINE('',#12172,#12173);
#12172 = CARTESIAN_POINT('',(208.6995,-107.075625,-4.6E-02));
#12173 = VECTOR('',#12174,1.);
#12174 = DIRECTION('',(0.,0.,1.));
#12175 = ORIENTED_EDGE('',*,*,#11204,.F.);
#12176 = ORIENTED_EDGE('',*,*,#12170,.F.);
#12177 = CYLINDRICAL_SURFACE('',#12178,0.5);
#12178 = AXIS2_PLACEMENT_3D('',#12179,#12180,#12181);
#12179 = CARTESIAN_POINT('',(208.6995,-106.575625,-4.6E-02));
#12180 = DIRECTION('',(-0.,-0.,-1.));
#12181 = DIRECTION('',(-0.,-1.,0.));
#12182 = ADVANCED_FACE('',(#12183),#12194,.F.);
#12183 = FACE_BOUND('',#12184,.T.);
#12184 = EDGE_LOOP('',(#12185,#12186,#12192,#12193));
#12185 = ORIENTED_EDGE('',*,*,#10458,.T.);
#12186 = ORIENTED_EDGE('',*,*,#12187,.T.);
#12187 = EDGE_CURVE('',#10459,#11216,#12188,.T.);
#12188 = LINE('',#12189,#12190);
#12189 = CARTESIAN_POINT('',(208.6995,-104.535625,-4.6E-02));
#12190 = VECTOR('',#12191,1.);
#12191 = DIRECTION('',(0.,0.,1.));
#12192 = ORIENTED_EDGE('',*,*,#11215,.F.);
#12193 = ORIENTED_EDGE('',*,*,#12187,.F.);
#12194 = CYLINDRICAL_SURFACE('',#12195,0.5);
#12195 = AXIS2_PLACEMENT_3D('',#12196,#12197,#12198);
#12196 = CARTESIAN_POINT('',(208.6995,-104.035625,-4.6E-02));
#12197 = DIRECTION('',(-0.,-0.,-1.));
#12198 = DIRECTION('',(-0.,-1.,0.));
#12199 = ADVANCED_FACE('',(#12200),#12211,.F.);
#12200 = FACE_BOUND('',#12201,.T.);
#12201 = EDGE_LOOP('',(#12202,#12203,#12209,#12210));
#12202 = ORIENTED_EDGE('',*,*,#10469,.T.);
#12203 = ORIENTED_EDGE('',*,*,#12204,.T.);
#12204 = EDGE_CURVE('',#10470,#11227,#12205,.T.);
#12205 = LINE('',#12206,#12207);
#12206 = CARTESIAN_POINT('',(208.6995,-101.995625,-4.6E-02));
#12207 = VECTOR('',#12208,1.);
#12208 = DIRECTION('',(0.,0.,1.));
#12209 = ORIENTED_EDGE('',*,*,#11226,.F.);
#12210 = ORIENTED_EDGE('',*,*,#12204,.F.);
#12211 = CYLINDRICAL_SURFACE('',#12212,0.5);
#12212 = AXIS2_PLACEMENT_3D('',#12213,#12214,#12215);
#12213 = CARTESIAN_POINT('',(208.6995,-101.495625,-4.6E-02));
#12214 = DIRECTION('',(-0.,-0.,-1.));
#12215 = DIRECTION('',(-0.,-1.,0.));
#12216 = ADVANCED_FACE('',(#12217),#12228,.F.);
#12217 = FACE_BOUND('',#12218,.T.);
#12218 = EDGE_LOOP('',(#12219,#12220,#12226,#12227));
#12219 = ORIENTED_EDGE('',*,*,#10480,.T.);
#12220 = ORIENTED_EDGE('',*,*,#12221,.T.);
#12221 = EDGE_CURVE('',#10481,#11238,#12222,.T.);
#12222 = LINE('',#12223,#12224);
#12223 = CARTESIAN_POINT('',(208.6995,-99.455625,-4.6E-02));
#12224 = VECTOR('',#12225,1.);
#12225 = DIRECTION('',(0.,0.,1.));
#12226 = ORIENTED_EDGE('',*,*,#11237,.F.);
#12227 = ORIENTED_EDGE('',*,*,#12221,.F.);
#12228 = CYLINDRICAL_SURFACE('',#12229,0.5);
#12229 = AXIS2_PLACEMENT_3D('',#12230,#12231,#12232);
#12230 = CARTESIAN_POINT('',(208.6995,-98.955625,-4.6E-02));
#12231 = DIRECTION('',(-0.,-0.,-1.));
#12232 = DIRECTION('',(-0.,-1.,0.));
#12233 = ADVANCED_FACE('',(#12234),#12245,.F.);
#12234 = FACE_BOUND('',#12235,.T.);
#12235 = EDGE_LOOP('',(#12236,#12237,#12243,#12244));
#12236 = ORIENTED_EDGE('',*,*,#10491,.T.);
#12237 = ORIENTED_EDGE('',*,*,#12238,.T.);
#12238 = EDGE_CURVE('',#10492,#11249,#12239,.T.);
#12239 = LINE('',#12240,#12241);
#12240 = CARTESIAN_POINT('',(198.34225,-84.431125,-4.6E-02));
#12241 = VECTOR('',#12242,1.);
#12242 = DIRECTION('',(0.,0.,1.));
#12243 = ORIENTED_EDGE('',*,*,#11248,.F.);
#12244 = ORIENTED_EDGE('',*,*,#12238,.F.);
#12245 = CYLINDRICAL_SURFACE('',#12246,0.5);
#12246 = AXIS2_PLACEMENT_3D('',#12247,#12248,#12249);
#12247 = CARTESIAN_POINT('',(198.34225,-83.931125,-4.6E-02));
#12248 = DIRECTION('',(-0.,-0.,-1.));
#12249 = DIRECTION('',(-0.,-1.,0.));
#12250 = ADVANCED_FACE('',(#12251),#12262,.F.);
#12251 = FACE_BOUND('',#12252,.T.);
#12252 = EDGE_LOOP('',(#12253,#12254,#12260,#12261));
#12253 = ORIENTED_EDGE('',*,*,#10502,.T.);
#12254 = ORIENTED_EDGE('',*,*,#12255,.T.);
#12255 = EDGE_CURVE('',#10503,#11260,#12256,.T.);
#12256 = LINE('',#12257,#12258);
#12257 = CARTESIAN_POINT('',(200.88225,-84.431125,-4.6E-02));
#12258 = VECTOR('',#12259,1.);
#12259 = DIRECTION('',(0.,0.,1.));
#12260 = ORIENTED_EDGE('',*,*,#11259,.F.);
#12261 = ORIENTED_EDGE('',*,*,#12255,.F.);
#12262 = CYLINDRICAL_SURFACE('',#12263,0.5);
#12263 = AXIS2_PLACEMENT_3D('',#12264,#12265,#12266);
#12264 = CARTESIAN_POINT('',(200.88225,-83.931125,-4.6E-02));
#12265 = DIRECTION('',(-0.,-0.,-1.));
#12266 = DIRECTION('',(-0.,-1.,0.));
#12267 = ADVANCED_FACE('',(#12268),#12279,.F.);
#12268 = FACE_BOUND('',#12269,.T.);
#12269 = EDGE_LOOP('',(#12270,#12271,#12277,#12278));
#12270 = ORIENTED_EDGE('',*,*,#10513,.T.);
#12271 = ORIENTED_EDGE('',*,*,#12272,.T.);
#12272 = EDGE_CURVE('',#10514,#11271,#12273,.T.);
#12273 = LINE('',#12274,#12275);
#12274 = CARTESIAN_POINT('',(203.42225,-84.431125,-4.6E-02));
#12275 = VECTOR('',#12276,1.);
#12276 = DIRECTION('',(0.,0.,1.));
#12277 = ORIENTED_EDGE('',*,*,#11270,.F.);
#12278 = ORIENTED_EDGE('',*,*,#12272,.F.);
#12279 = CYLINDRICAL_SURFACE('',#12280,0.5);
#12280 = AXIS2_PLACEMENT_3D('',#12281,#12282,#12283);
#12281 = CARTESIAN_POINT('',(203.42225,-83.931125,-4.6E-02));
#12282 = DIRECTION('',(-0.,-0.,-1.));
#12283 = DIRECTION('',(-0.,-1.,0.));
#12284 = ADVANCED_FACE('',(#12285),#12296,.F.);
#12285 = FACE_BOUND('',#12286,.T.);
#12286 = EDGE_LOOP('',(#12287,#12288,#12294,#12295));
#12287 = ORIENTED_EDGE('',*,*,#10524,.T.);
#12288 = ORIENTED_EDGE('',*,*,#12289,.T.);
#12289 = EDGE_CURVE('',#10525,#11282,#12290,.T.);
#12290 = LINE('',#12291,#12292);
#12291 = CARTESIAN_POINT('',(208.6995,-96.915625,-4.6E-02));
#12292 = VECTOR('',#12293,1.);
#12293 = DIRECTION('',(0.,0.,1.));
#12294 = ORIENTED_EDGE('',*,*,#11281,.F.);
#12295 = ORIENTED_EDGE('',*,*,#12289,.F.);
#12296 = CYLINDRICAL_SURFACE('',#12297,0.5);
#12297 = AXIS2_PLACEMENT_3D('',#12298,#12299,#12300);
#12298 = CARTESIAN_POINT('',(208.6995,-96.415625,-4.6E-02));
#12299 = DIRECTION('',(-0.,-0.,-1.));
#12300 = DIRECTION('',(-0.,-1.,0.));
#12301 = ADVANCED_FACE('',(#12302),#12313,.F.);
#12302 = FACE_BOUND('',#12303,.T.);
#12303 = EDGE_LOOP('',(#12304,#12305,#12311,#12312));
#12304 = ORIENTED_EDGE('',*,*,#10535,.T.);
#12305 = ORIENTED_EDGE('',*,*,#12306,.T.);
#12306 = EDGE_CURVE('',#10536,#11293,#12307,.T.);
#12307 = LINE('',#12308,#12309);
#12308 = CARTESIAN_POINT('',(208.6995,-94.375625,-4.6E-02));
#12309 = VECTOR('',#12310,1.);
#12310 = DIRECTION('',(0.,0.,1.));
#12311 = ORIENTED_EDGE('',*,*,#11292,.F.);
#12312 = ORIENTED_EDGE('',*,*,#12306,.F.);
#12313 = CYLINDRICAL_SURFACE('',#12314,0.5);
#12314 = AXIS2_PLACEMENT_3D('',#12315,#12316,#12317);
#12315 = CARTESIAN_POINT('',(208.6995,-93.875625,-4.6E-02));
#12316 = DIRECTION('',(-0.,-0.,-1.));
#12317 = DIRECTION('',(-0.,-1.,0.));
#12318 = ADVANCED_FACE('',(#12319),#12335,.F.);
#12319 = FACE_BOUND('',#12320,.T.);
#12320 = EDGE_LOOP('',(#12321,#12322,#12328,#12329));
#12321 = ORIENTED_EDGE('',*,*,#10546,.T.);
#12322 = ORIENTED_EDGE('',*,*,#12323,.T.);
#12323 = EDGE_CURVE('',#10549,#11306,#12324,.T.);
#12324 = LINE('',#12325,#12326);
#12325 = CARTESIAN_POINT('',(196.167,-36.461875,-4.6E-02));
#12326 = VECTOR('',#12327,1.);
#12327 = DIRECTION('',(0.,0.,1.));
#12328 = ORIENTED_EDGE('',*,*,#11303,.F.);
#12329 = ORIENTED_EDGE('',*,*,#12330,.F.);
#12330 = EDGE_CURVE('',#10547,#11304,#12331,.T.);
#12331 = LINE('',#12332,#12333);
#12332 = CARTESIAN_POINT('',(196.767,-36.461875,-4.6E-02));
#12333 = VECTOR('',#12334,1.);
#12334 = DIRECTION('',(0.,0.,1.));
#12335 = CYLINDRICAL_SURFACE('',#12336,0.3);
#12336 = AXIS2_PLACEMENT_3D('',#12337,#12338,#12339);
#12337 = CARTESIAN_POINT('',(196.467,-36.461875,-4.6E-02));
#12338 = DIRECTION('',(-0.,-0.,-1.));
#12339 = DIRECTION('',(-1.,0.,-0.));
#12340 = ADVANCED_FACE('',(#12341),#12352,.T.);
#12341 = FACE_BOUND('',#12342,.T.);
#12342 = EDGE_LOOP('',(#12343,#12344,#12345,#12346));
#12343 = ORIENTED_EDGE('',*,*,#10574,.T.);
#12344 = ORIENTED_EDGE('',*,*,#12330,.T.);
#12345 = ORIENTED_EDGE('',*,*,#11331,.F.);
#12346 = ORIENTED_EDGE('',*,*,#12347,.F.);
#12347 = EDGE_CURVE('',#10566,#11323,#12348,.T.);
#12348 = LINE('',#12349,#12350);
#12349 = CARTESIAN_POINT('',(196.767,-35.361875,-4.6E-02));
#12350 = VECTOR('',#12351,1.);
#12351 = DIRECTION('',(0.,0.,1.));
#12352 = PLANE('',#12353);
#12353 = AXIS2_PLACEMENT_3D('',#12354,#12355,#12356);
#12354 = CARTESIAN_POINT('',(196.767,-36.461875,-4.6E-02));
#12355 = DIRECTION('',(-1.,0.,0.));
#12356 = DIRECTION('',(0.,1.,0.));
#12357 = ADVANCED_FACE('',(#12358),#12369,.F.);
#12358 = FACE_BOUND('',#12359,.T.);
#12359 = EDGE_LOOP('',(#12360,#12361,#12362,#12363));
#12360 = ORIENTED_EDGE('',*,*,#10565,.T.);
#12361 = ORIENTED_EDGE('',*,*,#12347,.T.);
#12362 = ORIENTED_EDGE('',*,*,#11322,.F.);
#12363 = ORIENTED_EDGE('',*,*,#12364,.F.);
#12364 = EDGE_CURVE('',#10558,#11315,#12365,.T.);
#12365 = LINE('',#12366,#12367);
#12366 = CARTESIAN_POINT('',(196.167,-35.361875,-4.6E-02));
#12367 = VECTOR('',#12368,1.);
#12368 = DIRECTION('',(0.,0.,1.));
#12369 = CYLINDRICAL_SURFACE('',#12370,0.3);
#12370 = AXIS2_PLACEMENT_3D('',#12371,#12372,#12373);
#12371 = CARTESIAN_POINT('',(196.467,-35.361875,-4.6E-02));
#12372 = DIRECTION('',(-0.,-0.,-1.));
#12373 = DIRECTION('',(1.,2.368475785867E-14,-0.));
#12374 = ADVANCED_FACE('',(#12375),#12381,.T.);
#12375 = FACE_BOUND('',#12376,.T.);
#12376 = EDGE_LOOP('',(#12377,#12378,#12379,#12380));
#12377 = ORIENTED_EDGE('',*,*,#10557,.T.);
#12378 = ORIENTED_EDGE('',*,*,#12364,.T.);
#12379 = ORIENTED_EDGE('',*,*,#11314,.F.);
#12380 = ORIENTED_EDGE('',*,*,#12323,.F.);
#12381 = PLANE('',#12382);
#12382 = AXIS2_PLACEMENT_3D('',#12383,#12384,#12385);
#12383 = CARTESIAN_POINT('',(196.167,-35.361875,-4.6E-02));
#12384 = DIRECTION('',(1.,0.,-0.));
#12385 = DIRECTION('',(0.,-1.,0.));
#12386 = ADVANCED_FACE('',(#12387),#12403,.F.);
#12387 = FACE_BOUND('',#12388,.T.);
#12388 = EDGE_LOOP('',(#12389,#12390,#12396,#12397));
#12389 = ORIENTED_EDGE('',*,*,#10582,.T.);
#12390 = ORIENTED_EDGE('',*,*,#12391,.T.);
#12391 = EDGE_CURVE('',#10585,#11342,#12392,.T.);
#12392 = LINE('',#12393,#12394);
#12393 = CARTESIAN_POINT('',(196.167,-32.031875,-4.6E-02));
#12394 = VECTOR('',#12395,1.);
#12395 = DIRECTION('',(0.,0.,1.));
#12396 = ORIENTED_EDGE('',*,*,#11339,.F.);
#12397 = ORIENTED_EDGE('',*,*,#12398,.F.);
#12398 = EDGE_CURVE('',#10583,#11340,#12399,.T.);
#12399 = LINE('',#12400,#12401);
#12400 = CARTESIAN_POINT('',(196.767,-32.031875,-4.6E-02));
#12401 = VECTOR('',#12402,1.);
#12402 = DIRECTION('',(0.,0.,1.));
#12403 = CYLINDRICAL_SURFACE('',#12404,0.3);
#12404 = AXIS2_PLACEMENT_3D('',#12405,#12406,#12407);
#12405 = CARTESIAN_POINT('',(196.467,-32.031875,-4.6E-02));
#12406 = DIRECTION('',(-0.,-0.,-1.));
#12407 = DIRECTION('',(-1.,-2.368475785867E-14,0.));
#12408 = ADVANCED_FACE('',(#12409),#12420,.T.);
#12409 = FACE_BOUND('',#12410,.T.);
#12410 = EDGE_LOOP('',(#12411,#12412,#12413,#12414));
#12411 = ORIENTED_EDGE('',*,*,#10610,.T.);
#12412 = ORIENTED_EDGE('',*,*,#12398,.T.);
#12413 = ORIENTED_EDGE('',*,*,#11367,.F.);
#12414 = ORIENTED_EDGE('',*,*,#12415,.F.);
#12415 = EDGE_CURVE('',#10602,#11359,#12416,.T.);
#12416 = LINE('',#12417,#12418);
#12417 = CARTESIAN_POINT('',(196.767,-31.431875,-4.6E-02));
#12418 = VECTOR('',#12419,1.);
#12419 = DIRECTION('',(0.,0.,1.));
#12420 = PLANE('',#12421);
#12421 = AXIS2_PLACEMENT_3D('',#12422,#12423,#12424);
#12422 = CARTESIAN_POINT('',(196.767,-32.031875,-4.6E-02));
#12423 = DIRECTION('',(-1.,0.,0.));
#12424 = DIRECTION('',(0.,1.,0.));
#12425 = ADVANCED_FACE('',(#12426),#12437,.F.);
#12426 = FACE_BOUND('',#12427,.T.);
#12427 = EDGE_LOOP('',(#12428,#12429,#12430,#12431));
#12428 = ORIENTED_EDGE('',*,*,#10601,.T.);
#12429 = ORIENTED_EDGE('',*,*,#12415,.T.);
#12430 = ORIENTED_EDGE('',*,*,#11358,.F.);
#12431 = ORIENTED_EDGE('',*,*,#12432,.F.);
#12432 = EDGE_CURVE('',#10594,#11351,#12433,.T.);
#12433 = LINE('',#12434,#12435);
#12434 = CARTESIAN_POINT('',(196.167,-31.431875,-4.6E-02));
#12435 = VECTOR('',#12436,1.);
#12436 = DIRECTION('',(0.,0.,1.));
#12437 = CYLINDRICAL_SURFACE('',#12438,0.3);
#12438 = AXIS2_PLACEMENT_3D('',#12439,#12440,#12441);
#12439 = CARTESIAN_POINT('',(196.467,-31.431875,-4.6E-02));
#12440 = DIRECTION('',(-0.,-0.,-1.));
#12441 = DIRECTION('',(1.,1.184237892934E-14,-0.));
#12442 = ADVANCED_FACE('',(#12443),#12449,.T.);
#12443 = FACE_BOUND('',#12444,.T.);
#12444 = EDGE_LOOP('',(#12445,#12446,#12447,#12448));
#12445 = ORIENTED_EDGE('',*,*,#10593,.T.);
#12446 = ORIENTED_EDGE('',*,*,#12432,.T.);
#12447 = ORIENTED_EDGE('',*,*,#11350,.F.);
#12448 = ORIENTED_EDGE('',*,*,#12391,.F.);
#12449 = PLANE('',#12450);
#12450 = AXIS2_PLACEMENT_3D('',#12451,#12452,#12453);
#12451 = CARTESIAN_POINT('',(196.167,-31.431875,-4.6E-02));
#12452 = DIRECTION('',(1.,0.,-0.));
#12453 = DIRECTION('',(0.,-1.,0.));
#12454 = ADVANCED_FACE('',(#12455),#12466,.F.);
#12455 = FACE_BOUND('',#12456,.T.);
#12456 = EDGE_LOOP('',(#12457,#12458,#12464,#12465));
#12457 = ORIENTED_EDGE('',*,*,#10618,.T.);
#12458 = ORIENTED_EDGE('',*,*,#12459,.T.);
#12459 = EDGE_CURVE('',#10619,#11376,#12460,.T.);
#12460 = LINE('',#12461,#12462);
#12461 = CARTESIAN_POINT('',(200.087,-68.506107,-4.6E-02));
#12462 = VECTOR('',#12463,1.);
#12463 = DIRECTION('',(0.,0.,1.));
#12464 = ORIENTED_EDGE('',*,*,#11375,.F.);
#12465 = ORIENTED_EDGE('',*,*,#12459,.F.);
#12466 = CYLINDRICAL_SURFACE('',#12467,0.175);
#12467 = AXIS2_PLACEMENT_3D('',#12468,#12469,#12470);
#12468 = CARTESIAN_POINT('',(200.087,-68.331107,-4.6E-02));
#12469 = DIRECTION('',(-0.,-0.,-1.));
#12470 = DIRECTION('',(-0.,-1.,0.));
#12471 = ADVANCED_FACE('',(#12472),#12483,.F.);
#12472 = FACE_BOUND('',#12473,.T.);
#12473 = EDGE_LOOP('',(#12474,#12475,#12481,#12482));
#12474 = ORIENTED_EDGE('',*,*,#10629,.T.);
#12475 = ORIENTED_EDGE('',*,*,#12476,.T.);
#12476 = EDGE_CURVE('',#10630,#11387,#12477,.T.);
#12477 = LINE('',#12478,#12479);
#12478 = CARTESIAN_POINT('',(201.362,-68.506107,-4.6E-02));
#12479 = VECTOR('',#12480,1.);
#12480 = DIRECTION('',(0.,0.,1.));
#12481 = ORIENTED_EDGE('',*,*,#11386,.F.);
#12482 = ORIENTED_EDGE('',*,*,#12476,.F.);
#12483 = CYLINDRICAL_SURFACE('',#12484,0.175);
#12484 = AXIS2_PLACEMENT_3D('',#12485,#12486,#12487);
#12485 = CARTESIAN_POINT('',(201.362,-68.331107,-4.6E-02));
#12486 = DIRECTION('',(-0.,-0.,-1.));
#12487 = DIRECTION('',(-1.624097681738E-13,-1.,0.));
#12488 = ADVANCED_FACE('',(#12489),#12500,.F.);
#12489 = FACE_BOUND('',#12490,.T.);
#12490 = EDGE_LOOP('',(#12491,#12492,#12498,#12499));
#12491 = ORIENTED_EDGE('',*,*,#10640,.T.);
#12492 = ORIENTED_EDGE('',*,*,#12493,.T.);
#12493 = EDGE_CURVE('',#10641,#11398,#12494,.T.);
#12494 = LINE('',#12495,#12496);
#12495 = CARTESIAN_POINT('',(200.087,-67.231107,-4.6E-02));
#12496 = VECTOR('',#12497,1.);
#12497 = DIRECTION('',(0.,0.,1.));
#12498 = ORIENTED_EDGE('',*,*,#11397,.F.);
#12499 = ORIENTED_EDGE('',*,*,#12493,.F.);
#12500 = CYLINDRICAL_SURFACE('',#12501,0.175);
#12501 = AXIS2_PLACEMENT_3D('',#12502,#12503,#12504);
#12502 = CARTESIAN_POINT('',(200.087,-67.056107,-4.6E-02));
#12503 = DIRECTION('',(-0.,-0.,-1.));
#12504 = DIRECTION('',(-0.,-1.,0.));
#12505 = ADVANCED_FACE('',(#12506),#12517,.F.);
#12506 = FACE_BOUND('',#12507,.T.);
#12507 = EDGE_LOOP('',(#12508,#12509,#12515,#12516));
#12508 = ORIENTED_EDGE('',*,*,#10651,.T.);
#12509 = ORIENTED_EDGE('',*,*,#12510,.T.);
#12510 = EDGE_CURVE('',#10652,#11409,#12511,.T.);
#12511 = LINE('',#12512,#12513);
#12512 = CARTESIAN_POINT('',(200.087,-65.956107,-4.6E-02));
#12513 = VECTOR('',#12514,1.);
#12514 = DIRECTION('',(0.,0.,1.));
#12515 = ORIENTED_EDGE('',*,*,#11408,.F.);
#12516 = ORIENTED_EDGE('',*,*,#12510,.F.);
#12517 = CYLINDRICAL_SURFACE('',#12518,0.175);
#12518 = AXIS2_PLACEMENT_3D('',#12519,#12520,#12521);
#12519 = CARTESIAN_POINT('',(200.087,-65.781107,-4.6E-02));
#12520 = DIRECTION('',(-0.,-0.,-1.));
#12521 = DIRECTION('',(-0.,-1.,0.));
#12522 = ADVANCED_FACE('',(#12523),#12534,.F.);
#12523 = FACE_BOUND('',#12524,.T.);
#12524 = EDGE_LOOP('',(#12525,#12526,#12532,#12533));
#12525 = ORIENTED_EDGE('',*,*,#10662,.T.);
#12526 = ORIENTED_EDGE('',*,*,#12527,.T.);
#12527 = EDGE_CURVE('',#10663,#11420,#12528,.T.);
#12528 = LINE('',#12529,#12530);
#12529 = CARTESIAN_POINT('',(201.362,-67.231107,-4.6E-02));
#12530 = VECTOR('',#12531,1.);
#12531 = DIRECTION('',(0.,0.,1.));
#12532 = ORIENTED_EDGE('',*,*,#11419,.F.);
#12533 = ORIENTED_EDGE('',*,*,#12527,.F.);
#12534 = CYLINDRICAL_SURFACE('',#12535,0.175);
#12535 = AXIS2_PLACEMENT_3D('',#12536,#12537,#12538);
#12536 = CARTESIAN_POINT('',(201.362,-67.056107,-4.6E-02));
#12537 = DIRECTION('',(-0.,-0.,-1.));
#12538 = DIRECTION('',(-1.624097681738E-13,-1.,0.));
#12539 = ADVANCED_FACE('',(#12540),#12551,.F.);
#12540 = FACE_BOUND('',#12541,.T.);
#12541 = EDGE_LOOP('',(#12542,#12543,#12549,#12550));
#12542 = ORIENTED_EDGE('',*,*,#10673,.T.);
#12543 = ORIENTED_EDGE('',*,*,#12544,.T.);
#12544 = EDGE_CURVE('',#10674,#11431,#12545,.T.);
#12545 = LINE('',#12546,#12547);
#12546 = CARTESIAN_POINT('',(201.362,-65.956107,-4.6E-02));
#12547 = VECTOR('',#12548,1.);
#12548 = DIRECTION('',(0.,0.,1.));
#12549 = ORIENTED_EDGE('',*,*,#11430,.F.);
#12550 = ORIENTED_EDGE('',*,*,#12544,.F.);
#12551 = CYLINDRICAL_SURFACE('',#12552,0.175);
#12552 = AXIS2_PLACEMENT_3D('',#12553,#12554,#12555);
#12553 = CARTESIAN_POINT('',(201.362,-65.781107,-4.6E-02));
#12554 = DIRECTION('',(-0.,-0.,-1.));
#12555 = DIRECTION('',(-1.624097681738E-13,-1.,0.));
#12556 = ADVANCED_FACE('',(#12557),#12568,.F.);
#12557 = FACE_BOUND('',#12558,.T.);
#12558 = EDGE_LOOP('',(#12559,#12560,#12566,#12567));
#12559 = ORIENTED_EDGE('',*,*,#10684,.T.);
#12560 = ORIENTED_EDGE('',*,*,#12561,.T.);
#12561 = EDGE_CURVE('',#10685,#11442,#12562,.T.);
#12562 = LINE('',#12563,#12564);
#12563 = CARTESIAN_POINT('',(202.637,-68.506107,-4.6E-02));
#12564 = VECTOR('',#12565,1.);
#12565 = DIRECTION('',(0.,0.,1.));
#12566 = ORIENTED_EDGE('',*,*,#11441,.F.);
#12567 = ORIENTED_EDGE('',*,*,#12561,.F.);
#12568 = CYLINDRICAL_SURFACE('',#12569,0.175);
#12569 = AXIS2_PLACEMENT_3D('',#12570,#12571,#12572);
#12570 = CARTESIAN_POINT('',(202.637,-68.331107,-4.6E-02));
#12571 = DIRECTION('',(-0.,-0.,-1.));
#12572 = DIRECTION('',(-0.,-1.,0.));
#12573 = ADVANCED_FACE('',(#12574),#12585,.F.);
#12574 = FACE_BOUND('',#12575,.T.);
#12575 = EDGE_LOOP('',(#12576,#12577,#12583,#12584));
#12576 = ORIENTED_EDGE('',*,*,#10695,.T.);
#12577 = ORIENTED_EDGE('',*,*,#12578,.T.);
#12578 = EDGE_CURVE('',#10696,#11453,#12579,.T.);
#12579 = LINE('',#12580,#12581);
#12580 = CARTESIAN_POINT('',(202.637,-67.231107,-4.6E-02));
#12581 = VECTOR('',#12582,1.);
#12582 = DIRECTION('',(0.,0.,1.));
#12583 = ORIENTED_EDGE('',*,*,#11452,.F.);
#12584 = ORIENTED_EDGE('',*,*,#12578,.F.);
#12585 = CYLINDRICAL_SURFACE('',#12586,0.175);
#12586 = AXIS2_PLACEMENT_3D('',#12587,#12588,#12589);
#12587 = CARTESIAN_POINT('',(202.637,-67.056107,-4.6E-02));
#12588 = DIRECTION('',(-0.,-0.,-1.));
#12589 = DIRECTION('',(-0.,-1.,0.));
#12590 = ADVANCED_FACE('',(#12591),#12602,.F.);
#12591 = FACE_BOUND('',#12592,.T.);
#12592 = EDGE_LOOP('',(#12593,#12594,#12600,#12601));
#12593 = ORIENTED_EDGE('',*,*,#10706,.T.);
#12594 = ORIENTED_EDGE('',*,*,#12595,.T.);
#12595 = EDGE_CURVE('',#10707,#11464,#12596,.T.);
#12596 = LINE('',#12597,#12598);
#12597 = CARTESIAN_POINT('',(202.637,-65.956107,-4.6E-02));
#12598 = VECTOR('',#12599,1.);
#12599 = DIRECTION('',(0.,0.,1.));
#12600 = ORIENTED_EDGE('',*,*,#11463,.F.);
#12601 = ORIENTED_EDGE('',*,*,#12595,.F.);
#12602 = CYLINDRICAL_SURFACE('',#12603,0.175);
#12603 = AXIS2_PLACEMENT_3D('',#12604,#12605,#12606);
#12604 = CARTESIAN_POINT('',(202.637,-65.781107,-4.6E-02));
#12605 = DIRECTION('',(-0.,-0.,-1.));
#12606 = DIRECTION('',(-0.,-1.,0.));
#12607 = ADVANCED_FACE('',(#12608),#12619,.F.);
#12608 = FACE_BOUND('',#12609,.T.);
#12609 = EDGE_LOOP('',(#12610,#12611,#12617,#12618));
#12610 = ORIENTED_EDGE('',*,*,#10717,.T.);
#12611 = ORIENTED_EDGE('',*,*,#12612,.T.);
#12612 = EDGE_CURVE('',#10718,#11475,#12613,.T.);
#12613 = LINE('',#12614,#12615);
#12614 = CARTESIAN_POINT('',(197.897,-35.706875,-4.6E-02));
#12615 = VECTOR('',#12616,1.);
#12616 = DIRECTION('',(0.,0.,1.));
#12617 = ORIENTED_EDGE('',*,*,#11474,.F.);
#12618 = ORIENTED_EDGE('',*,*,#12612,.F.);
#12619 = CYLINDRICAL_SURFACE('',#12620,0.325);
#12620 = AXIS2_PLACEMENT_3D('',#12621,#12622,#12623);
#12621 = CARTESIAN_POINT('',(197.897,-35.381875,-4.6E-02));
#12622 = DIRECTION('',(-0.,-0.,-1.));
#12623 = DIRECTION('',(-0.,-1.,0.));
#12624 = ADVANCED_FACE('',(#12625),#12636,.F.);
#12625 = FACE_BOUND('',#12626,.T.);
#12626 = EDGE_LOOP('',(#12627,#12628,#12634,#12635));
#12627 = ORIENTED_EDGE('',*,*,#10728,.T.);
#12628 = ORIENTED_EDGE('',*,*,#12629,.T.);
#12629 = EDGE_CURVE('',#10729,#11486,#12630,.T.);
#12630 = LINE('',#12631,#12632);
#12631 = CARTESIAN_POINT('',(203.677,-35.706875,-4.6E-02));
#12632 = VECTOR('',#12633,1.);
#12633 = DIRECTION('',(0.,0.,1.));
#12634 = ORIENTED_EDGE('',*,*,#11485,.F.);
#12635 = ORIENTED_EDGE('',*,*,#12629,.F.);
#12636 = CYLINDRICAL_SURFACE('',#12637,0.325);
#12637 = AXIS2_PLACEMENT_3D('',#12638,#12639,#12640);
#12638 = CARTESIAN_POINT('',(203.677,-35.381875,-4.6E-02));
#12639 = DIRECTION('',(-0.,-0.,-1.));
#12640 = DIRECTION('',(-8.745141363202E-14,-1.,0.));
#12641 = ADVANCED_FACE('',(#12642),#12658,.F.);
#12642 = FACE_BOUND('',#12643,.T.);
#12643 = EDGE_LOOP('',(#12644,#12645,#12651,#12652));
#12644 = ORIENTED_EDGE('',*,*,#10739,.T.);
#12645 = ORIENTED_EDGE('',*,*,#12646,.T.);
#12646 = EDGE_CURVE('',#10742,#11499,#12647,.T.);
#12647 = LINE('',#12648,#12649);
#12648 = CARTESIAN_POINT('',(204.807,-36.461875,-4.6E-02));
#12649 = VECTOR('',#12650,1.);
#12650 = DIRECTION('',(0.,0.,1.));
#12651 = ORIENTED_EDGE('',*,*,#11496,.F.);
#12652 = ORIENTED_EDGE('',*,*,#12653,.F.);
#12653 = EDGE_CURVE('',#10740,#11497,#12654,.T.);
#12654 = LINE('',#12655,#12656);
#12655 = CARTESIAN_POINT('',(205.407,-36.461875,-4.6E-02));
#12656 = VECTOR('',#12657,1.);
#12657 = DIRECTION('',(0.,0.,1.));
#12658 = CYLINDRICAL_SURFACE('',#12659,0.3);
#12659 = AXIS2_PLACEMENT_3D('',#12660,#12661,#12662);
#12660 = CARTESIAN_POINT('',(205.107,-36.461875,-4.6E-02));
#12661 = DIRECTION('',(-0.,-0.,-1.));
#12662 = DIRECTION('',(-1.,-4.736951571734E-14,0.));
#12663 = ADVANCED_FACE('',(#12664),#12675,.T.);
#12664 = FACE_BOUND('',#12665,.T.);
#12665 = EDGE_LOOP('',(#12666,#12667,#12668,#12669));
#12666 = ORIENTED_EDGE('',*,*,#10767,.T.);
#12667 = ORIENTED_EDGE('',*,*,#12653,.T.);
#12668 = ORIENTED_EDGE('',*,*,#11524,.F.);
#12669 = ORIENTED_EDGE('',*,*,#12670,.F.);
#12670 = EDGE_CURVE('',#10759,#11516,#12671,.T.);
#12671 = LINE('',#12672,#12673);
#12672 = CARTESIAN_POINT('',(205.407,-35.361875,-4.6E-02));
#12673 = VECTOR('',#12674,1.);
#12674 = DIRECTION('',(0.,0.,1.));
#12675 = PLANE('',#12676);
#12676 = AXIS2_PLACEMENT_3D('',#12677,#12678,#12679);
#12677 = CARTESIAN_POINT('',(205.407,-36.461875,-4.6E-02));
#12678 = DIRECTION('',(-1.,0.,0.));
#12679 = DIRECTION('',(0.,1.,0.));
#12680 = ADVANCED_FACE('',(#12681),#12692,.F.);
#12681 = FACE_BOUND('',#12682,.T.);
#12682 = EDGE_LOOP('',(#12683,#12684,#12685,#12686));
#12683 = ORIENTED_EDGE('',*,*,#10758,.T.);
#12684 = ORIENTED_EDGE('',*,*,#12670,.T.);
#12685 = ORIENTED_EDGE('',*,*,#11515,.F.);
#12686 = ORIENTED_EDGE('',*,*,#12687,.F.);
#12687 = EDGE_CURVE('',#10751,#11508,#12688,.T.);
#12688 = LINE('',#12689,#12690);
#12689 = CARTESIAN_POINT('',(204.807,-35.361875,-4.6E-02));
#12690 = VECTOR('',#12691,1.);
#12691 = DIRECTION('',(0.,0.,1.));
#12692 = CYLINDRICAL_SURFACE('',#12693,0.3);
#12693 = AXIS2_PLACEMENT_3D('',#12694,#12695,#12696);
#12694 = CARTESIAN_POINT('',(205.107,-35.361875,-4.6E-02));
#12695 = DIRECTION('',(-0.,-0.,-1.));
#12696 = DIRECTION('',(1.,4.736951571734E-14,-0.));
#12697 = ADVANCED_FACE('',(#12698),#12704,.T.);
#12698 = FACE_BOUND('',#12699,.T.);
#12699 = EDGE_LOOP('',(#12700,#12701,#12702,#12703));
#12700 = ORIENTED_EDGE('',*,*,#10750,.T.);
#12701 = ORIENTED_EDGE('',*,*,#12687,.T.);
#12702 = ORIENTED_EDGE('',*,*,#11507,.F.);
#12703 = ORIENTED_EDGE('',*,*,#12646,.F.);
#12704 = PLANE('',#12705);
#12705 = AXIS2_PLACEMENT_3D('',#12706,#12707,#12708);
#12706 = CARTESIAN_POINT('',(204.807,-35.361875,-4.6E-02));
#12707 = DIRECTION('',(1.,0.,-0.));
#12708 = DIRECTION('',(0.,-1.,0.));
#12709 = ADVANCED_FACE('',(#12710),#12726,.F.);
#12710 = FACE_BOUND('',#12711,.T.);
#12711 = EDGE_LOOP('',(#12712,#12713,#12719,#12720));
#12712 = ORIENTED_EDGE('',*,*,#10775,.T.);
#12713 = ORIENTED_EDGE('',*,*,#12714,.T.);
#12714 = EDGE_CURVE('',#10778,#11535,#12715,.T.);
#12715 = LINE('',#12716,#12717);
#12716 = CARTESIAN_POINT('',(204.807,-32.031875,-4.6E-02));
#12717 = VECTOR('',#12718,1.);
#12718 = DIRECTION('',(0.,0.,1.));
#12719 = ORIENTED_EDGE('',*,*,#11532,.F.);
#12720 = ORIENTED_EDGE('',*,*,#12721,.F.);
#12721 = EDGE_CURVE('',#10776,#11533,#12722,.T.);
#12722 = LINE('',#12723,#12724);
#12723 = CARTESIAN_POINT('',(205.407,-32.031875,-4.6E-02));
#12724 = VECTOR('',#12725,1.);
#12725 = DIRECTION('',(0.,0.,1.));
#12726 = CYLINDRICAL_SURFACE('',#12727,0.3);
#12727 = AXIS2_PLACEMENT_3D('',#12728,#12729,#12730);
#12728 = CARTESIAN_POINT('',(205.107,-32.031875,-4.6E-02));
#12729 = DIRECTION('',(-0.,-0.,-1.));
#12730 = DIRECTION('',(-1.,-4.736951571734E-14,0.));
#12731 = ADVANCED_FACE('',(#12732),#12743,.T.);
#12732 = FACE_BOUND('',#12733,.T.);
#12733 = EDGE_LOOP('',(#12734,#12735,#12736,#12737));
#12734 = ORIENTED_EDGE('',*,*,#10803,.T.);
#12735 = ORIENTED_EDGE('',*,*,#12721,.T.);
#12736 = ORIENTED_EDGE('',*,*,#11560,.F.);
#12737 = ORIENTED_EDGE('',*,*,#12738,.F.);
#12738 = EDGE_CURVE('',#10795,#11552,#12739,.T.);
#12739 = LINE('',#12740,#12741);
#12740 = CARTESIAN_POINT('',(205.407,-31.431875,-4.6E-02));
#12741 = VECTOR('',#12742,1.);
#12742 = DIRECTION('',(0.,0.,1.));
#12743 = PLANE('',#12744);
#12744 = AXIS2_PLACEMENT_3D('',#12745,#12746,#12747);
#12745 = CARTESIAN_POINT('',(205.407,-32.031875,-4.6E-02));
#12746 = DIRECTION('',(-1.,0.,0.));
#12747 = DIRECTION('',(0.,1.,0.));
#12748 = ADVANCED_FACE('',(#12749),#12760,.F.);
#12749 = FACE_BOUND('',#12750,.T.);
#12750 = EDGE_LOOP('',(#12751,#12752,#12753,#12754));
#12751 = ORIENTED_EDGE('',*,*,#10794,.T.);
#12752 = ORIENTED_EDGE('',*,*,#12738,.T.);
#12753 = ORIENTED_EDGE('',*,*,#11551,.F.);
#12754 = ORIENTED_EDGE('',*,*,#12755,.F.);
#12755 = EDGE_CURVE('',#10787,#11544,#12756,.T.);
#12756 = LINE('',#12757,#12758);
#12757 = CARTESIAN_POINT('',(204.807,-31.431875,-4.6E-02));
#12758 = VECTOR('',#12759,1.);
#12759 = DIRECTION('',(0.,0.,1.));
#12760 = CYLINDRICAL_SURFACE('',#12761,0.3);
#12761 = AXIS2_PLACEMENT_3D('',#12762,#12763,#12764);
#12762 = CARTESIAN_POINT('',(205.107,-31.431875,-4.6E-02));
#12763 = DIRECTION('',(-0.,-0.,-1.));
#12764 = DIRECTION('',(1.,3.5527136788E-14,-0.));
#12765 = ADVANCED_FACE('',(#12766),#12772,.T.);
#12766 = FACE_BOUND('',#12767,.T.);
#12767 = EDGE_LOOP('',(#12768,#12769,#12770,#12771));
#12768 = ORIENTED_EDGE('',*,*,#10786,.T.);
#12769 = ORIENTED_EDGE('',*,*,#12755,.T.);
#12770 = ORIENTED_EDGE('',*,*,#11543,.F.);
#12771 = ORIENTED_EDGE('',*,*,#12714,.F.);
#12772 = PLANE('',#12773);
#12773 = AXIS2_PLACEMENT_3D('',#12774,#12775,#12776);
#12774 = CARTESIAN_POINT('',(204.807,-31.431875,-4.6E-02));
#12775 = DIRECTION('',(1.,0.,-0.));
#12776 = DIRECTION('',(0.,-1.,0.));
#12777 = ADVANCED_FACE('',(#12778),#12789,.F.);
#12778 = FACE_BOUND('',#12779,.T.);
#12779 = EDGE_LOOP('',(#12780,#12781,#12787,#12788));
#12780 = ORIENTED_EDGE('',*,*,#10811,.T.);
#12781 = ORIENTED_EDGE('',*,*,#12782,.T.);
#12782 = EDGE_CURVE('',#10812,#11569,#12783,.T.);
#12783 = LINE('',#12784,#12785);
#12784 = CARTESIAN_POINT('',(209.39125,-41.632125,-4.6E-02));
#12785 = VECTOR('',#12786,1.);
#12786 = DIRECTION('',(0.,0.,1.));
#12787 = ORIENTED_EDGE('',*,*,#11568,.F.);
#12788 = ORIENTED_EDGE('',*,*,#12782,.F.);
#12789 = CYLINDRICAL_SURFACE('',#12790,0.5);
#12790 = AXIS2_PLACEMENT_3D('',#12791,#12792,#12793);
#12791 = CARTESIAN_POINT('',(209.39125,-41.132125,-4.6E-02));
#12792 = DIRECTION('',(-0.,-0.,-1.));
#12793 = DIRECTION('',(-0.,-1.,0.));
#12794 = ADVANCED_FACE('',(#12795),#12806,.F.);
#12795 = FACE_BOUND('',#12796,.T.);
#12796 = EDGE_LOOP('',(#12797,#12798,#12804,#12805));
#12797 = ORIENTED_EDGE('',*,*,#10822,.T.);
#12798 = ORIENTED_EDGE('',*,*,#12799,.T.);
#12799 = EDGE_CURVE('',#10823,#11580,#12800,.T.);
#12800 = LINE('',#12801,#12802);
#12801 = CARTESIAN_POINT('',(211.93125,-41.632125,-4.6E-02));
#12802 = VECTOR('',#12803,1.);
#12803 = DIRECTION('',(0.,0.,1.));
#12804 = ORIENTED_EDGE('',*,*,#11579,.F.);
#12805 = ORIENTED_EDGE('',*,*,#12799,.F.);
#12806 = CYLINDRICAL_SURFACE('',#12807,0.5);
#12807 = AXIS2_PLACEMENT_3D('',#12808,#12809,#12810);
#12808 = CARTESIAN_POINT('',(211.93125,-41.132125,-4.6E-02));
#12809 = DIRECTION('',(-0.,-0.,-1.));
#12810 = DIRECTION('',(-0.,-1.,0.));
#12811 = ( GEOMETRIC_REPRESENTATION_CONTEXT(3) 
GLOBAL_UNCERTAINTY_ASSIGNED_CONTEXT((#12815)) 
GLOBAL_UNIT_ASSIGNED_CONTEXT((#12812,#12813,#12814)) 
REPRESENTATION_CONTEXT('Context #1',
  '3D Context with UNIT and UNCERTAINTY') );
#12812 = ( LENGTH_UNIT() NAMED_UNIT(*) SI_UNIT(.MILLI.,.METRE.) );
#12813 = ( NAMED_UNIT(*) PLANE_ANGLE_UNIT() SI_UNIT($,.RADIAN.) );
#12814 = ( NAMED_UNIT(*) SI_UNIT($,.STERADIAN.) SOLID_ANGLE_UNIT() );
#12815 = UNCERTAINTY_MEASURE_WITH_UNIT(LENGTH_MEASURE(1.E-07),#12812,
  'distance_accuracy_value','confusion accuracy');
#12816 = SHAPE_DEFINITION_REPRESENTATION(#12817,#9971);
#12817 = PRODUCT_DEFINITION_SHAPE('','',#12818);
#12818 = PRODUCT_DEFINITION('design','',#12819,#12822);
#12819 = PRODUCT_DEFINITION_FORMATION('','',#12820);
#12820 = PRODUCT('RP2040-Guide_PCB','RP2040-Guide_PCB','',(#12821));
#12821 = PRODUCT_CONTEXT('',#2,'mechanical');
#12822 = PRODUCT_DEFINITION_CONTEXT('part definition',#2,'design');
#12823 = CONTEXT_DEPENDENT_SHAPE_REPRESENTATION(#12824,#12826);
#12824 = ( REPRESENTATION_RELATIONSHIP('','',#9971,#10) 
REPRESENTATION_RELATIONSHIP_WITH_TRANSFORMATION(#12825) 
SHAPE_REPRESENTATION_RELATIONSHIP() );
#12825 = ITEM_DEFINED_TRANSFORMATION('','',#11,#127);
#12826 = PRODUCT_DEFINITION_SHAPE('Placement','Placement of an item',
  #12827);
#12827 = NEXT_ASSEMBLY_USAGE_OCCURRENCE('29','','',#5,#12818,$);
#12828 = PRODUCT_RELATED_PRODUCT_CATEGORY('part',$,(#12820));
ENDSEC;
END-ISO-10303-21;
